State 0:
          input ::= * cmdlist
          cmdlist ::= * cmdlist ecmd
          cmdlist ::= * ecmd
          ecmd ::= * SEMI
          ecmd ::= * cmdx SEMI
          ecmd ::= * explain cmdx SEMI
          explain ::= * EXPLAIN
          explain ::= * EXPLAIN QUERY PLAN
          cmdx ::= * cmd
          cmd ::= * BEGIN transtype trans_opt
          cmd ::= * COMMIT|END trans_opt
          cmd ::= * ROLLBACK trans_opt
          cmd ::= * SAVEPOINT nm
          cmd ::= * RELEASE savepoint_opt nm
          cmd ::= * ROLLBACK trans_opt TO savepoint_opt nm
          cmd ::= * create_table create_table_args
          create_table ::= * createkw temp TABLE ifnotexists nm dbnm
          createkw ::= * CREATE
          cmd ::= * DROP TABLE ifexists fullname
          cmd ::= * createkw temp VIEW ifnotexists nm dbnm eidlist_opt AS select
          cmd ::= * DROP VIEW ifexists fullname
          cmd ::= * select
          select ::= * WITH wqlist selectnowith
          select ::= * WITH RECURSIVE wqlist selectnowith
          select ::= * selectnowith
          selectnowith ::= * oneselect
          selectnowith ::= * selectnowith multiselect_op oneselect
          oneselect ::= * SELECT distinct selcollist from where_opt groupby_opt having_opt orderby_opt limit_opt
          oneselect ::= * SELECT distinct selcollist from where_opt groupby_opt having_opt window_clause orderby_opt limit_opt
          oneselect ::= * values
          values ::= * VALUES LP nexprlist RP
          oneselect ::= * mvalues
          mvalues ::= * values COMMA LP nexprlist RP
          mvalues ::= * mvalues COMMA LP nexprlist RP
          cmd ::= * with DELETE FROM xfullname indexed_opt where_opt_ret
          cmd ::= * with UPDATE orconf xfullname indexed_opt SET setlist from where_opt_ret
          cmd ::= * with insert_cmd INTO xfullname idlist_opt select upsert
          cmd ::= * with insert_cmd INTO xfullname idlist_opt DEFAULT VALUES returning
          cmd ::= * createkw uniqueflag INDEX ifnotexists nm dbnm ON nm LP sortlist RP where_opt
          cmd ::= * DROP INDEX ifexists fullname
          cmd ::= * VACUUM vinto
          cmd ::= * VACUUM nm vinto
          cmd ::= * PRAGMA nm dbnm
          cmd ::= * PRAGMA nm dbnm EQ nmnum
          cmd ::= * PRAGMA nm dbnm LP nmnum RP
          cmd ::= * PRAGMA nm dbnm EQ minus_num
          cmd ::= * PRAGMA nm dbnm LP minus_num RP
          cmd ::= * createkw trigger_decl BEGIN trigger_cmd_list END
          cmd ::= * DROP TRIGGER ifexists fullname
          cmd ::= * createkw temp PROCEDURE ifnotexists nm dbnm LP procparams RP procreturns procsecurity BEGIN proc_cmd_list END
          cmd ::= * DROP PROCEDURE ifexists fullname
          cmd ::= * CALL fullname LP exprlist RP
          cmd ::= * CALL fullname
          cmd ::= * CALL fullname LP exprlist RP RETURNING projlist
          cmd ::= * CALL fullname RETURNING projlist
          cmd ::= * ATTACH database_kw_opt expr AS expr key_opt
          cmd ::= * DETACH database_kw_opt expr
          cmd ::= * REINDEX
          cmd ::= * REINDEX nm dbnm
          cmd ::= * ANALYZE
          cmd ::= * ANALYZE nm dbnm
          cmd ::= * ALTER TABLE fullname RENAME TO nm
          cmd ::= * alter_add carglist
          alter_add ::= * ALTER TABLE fullname ADD kwcolumn_opt nm typetoken
          cmd ::= * ALTER TABLE fullname DROP kwcolumn_opt nm
          cmd ::= * ALTER TABLE fullname RENAME kwcolumn_opt nm TO nm
          cmd ::= * ALTER TABLE fullname DROP CONSTRAINT nm
          cmd ::= * ALTER TABLE fullname ALTER kwcolumn_opt nm DROP NOT NULL
          cmd ::= * ALTER TABLE fullname ALTER kwcolumn_opt nm SET NOT NULL onconf
          cmd ::= * ALTER TABLE fullname ADD CONSTRAINT nm CHECK LP expr RP onconf
          cmd ::= * ALTER TABLE fullname ADD CHECK LP expr RP onconf
          cmd ::= * create_vtab
          cmd ::= * create_vtab LP vtabarglist RP
          create_vtab ::= * createkw VIRTUAL TABLE ifnotexists nm dbnm USING nm
    (450) with ::= *
          with ::= * WITH wqlist
          with ::= * WITH RECURSIVE wqlist

                          SEMI shift-reduce 391    ecmd ::= SEMI
                       EXPLAIN shift        532    
                         BEGIN shift        354    
                        COMMIT shift        465    
                           END shift        465    
                      ROLLBACK shift        464    
                     SAVEPOINT shift        338    
                       RELEASE shift        462    
                        CREATE shift-reduce 14     createkw ::= CREATE
                       ANALYZE shift        290    
                        ATTACH shift        393    
                        DETACH shift        392    
                        PRAGMA shift        293    
                        VACUUM shift        205    
                          WITH shift        54     
                          CALL shift        219    
                       REINDEX shift        291    
                          DROP shift        484    
                        SELECT shift        384    
                        VALUES shift        682    
                         ALTER shift        542    
                         input accept
                       cmdlist shift        1      
                          ecmd shift        1        /* because ecmd==cmdlist */
                          cmdx shift        697    
                       explain shift        2      
                           cmd shift-reduce 2      cmdx ::= cmd
                  create_table shift        385    
                      createkw shift        185    
                        select shift-reduce 84     cmd ::= select
                  selectnowith shift        350    
                     oneselect shift        350      /* because oneselect==selectnowith */
                        values shift        688    
                       mvalues shift        677    
                          with shift        294    
                     alter_add shift        470    
                   create_vtab shift        533    
                     {default} reduce       450    with ::=

State 1:
    (388) input ::= cmdlist *
          cmdlist ::= cmdlist * ecmd
          ecmd ::= * SEMI
          ecmd ::= * cmdx SEMI
          ecmd ::= * explain cmdx SEMI
          explain ::= * EXPLAIN
          explain ::= * EXPLAIN QUERY PLAN
          cmdx ::= * cmd
          cmd ::= * BEGIN transtype trans_opt
          cmd ::= * COMMIT|END trans_opt
          cmd ::= * ROLLBACK trans_opt
          cmd ::= * SAVEPOINT nm
          cmd ::= * RELEASE savepoint_opt nm
          cmd ::= * ROLLBACK trans_opt TO savepoint_opt nm
          cmd ::= * create_table create_table_args
          create_table ::= * createkw temp TABLE ifnotexists nm dbnm
          createkw ::= * CREATE
          cmd ::= * DROP TABLE ifexists fullname
          cmd ::= * createkw temp VIEW ifnotexists nm dbnm eidlist_opt AS select
          cmd ::= * DROP VIEW ifexists fullname
          cmd ::= * select
          select ::= * WITH wqlist selectnowith
          select ::= * WITH RECURSIVE wqlist selectnowith
          select ::= * selectnowith
          selectnowith ::= * oneselect
          selectnowith ::= * selectnowith multiselect_op oneselect
          oneselect ::= * SELECT distinct selcollist from where_opt groupby_opt having_opt orderby_opt limit_opt
          oneselect ::= * SELECT distinct selcollist from where_opt groupby_opt having_opt window_clause orderby_opt limit_opt
          oneselect ::= * values
          values ::= * VALUES LP nexprlist RP
          oneselect ::= * mvalues
          mvalues ::= * values COMMA LP nexprlist RP
          mvalues ::= * mvalues COMMA LP nexprlist RP
          cmd ::= * with DELETE FROM xfullname indexed_opt where_opt_ret
          cmd ::= * with UPDATE orconf xfullname indexed_opt SET setlist from where_opt_ret
          cmd ::= * with insert_cmd INTO xfullname idlist_opt select upsert
          cmd ::= * with insert_cmd INTO xfullname idlist_opt DEFAULT VALUES returning
          cmd ::= * createkw uniqueflag INDEX ifnotexists nm dbnm ON nm LP sortlist RP where_opt
          cmd ::= * DROP INDEX ifexists fullname
          cmd ::= * VACUUM vinto
          cmd ::= * VACUUM nm vinto
          cmd ::= * PRAGMA nm dbnm
          cmd ::= * PRAGMA nm dbnm EQ nmnum
          cmd ::= * PRAGMA nm dbnm LP nmnum RP
          cmd ::= * PRAGMA nm dbnm EQ minus_num
          cmd ::= * PRAGMA nm dbnm LP minus_num RP
          cmd ::= * createkw trigger_decl BEGIN trigger_cmd_list END
          cmd ::= * DROP TRIGGER ifexists fullname
          cmd ::= * createkw temp PROCEDURE ifnotexists nm dbnm LP procparams RP procreturns procsecurity BEGIN proc_cmd_list END
          cmd ::= * DROP PROCEDURE ifexists fullname
          cmd ::= * CALL fullname LP exprlist RP
          cmd ::= * CALL fullname
          cmd ::= * CALL fullname LP exprlist RP RETURNING projlist
          cmd ::= * CALL fullname RETURNING projlist
          cmd ::= * ATTACH database_kw_opt expr AS expr key_opt
          cmd ::= * DETACH database_kw_opt expr
          cmd ::= * REINDEX
          cmd ::= * REINDEX nm dbnm
          cmd ::= * ANALYZE
          cmd ::= * ANALYZE nm dbnm
          cmd ::= * ALTER TABLE fullname RENAME TO nm
          cmd ::= * alter_add carglist
          alter_add ::= * ALTER TABLE fullname ADD kwcolumn_opt nm typetoken
          cmd ::= * ALTER TABLE fullname DROP kwcolumn_opt nm
          cmd ::= * ALTER TABLE fullname RENAME kwcolumn_opt nm TO nm
          cmd ::= * ALTER TABLE fullname DROP CONSTRAINT nm
          cmd ::= * ALTER TABLE fullname ALTER kwcolumn_opt nm DROP NOT NULL
          cmd ::= * ALTER TABLE fullname ALTER kwcolumn_opt nm SET NOT NULL onconf
          cmd ::= * ALTER TABLE fullname ADD CONSTRAINT nm CHECK LP expr RP onconf
          cmd ::= * ALTER TABLE fullname ADD CHECK LP expr RP onconf
          cmd ::= * create_vtab
          cmd ::= * create_vtab LP vtabarglist RP
          create_vtab ::= * createkw VIRTUAL TABLE ifnotexists nm dbnm USING nm
    (450) with ::= *
          with ::= * WITH wqlist
          with ::= * WITH RECURSIVE wqlist

                             $ reduce       388    input ::= cmdlist
                          SEMI shift-reduce 391    ecmd ::= SEMI
                       EXPLAIN shift        532    
                         BEGIN shift        354    
                        COMMIT shift        465    
                           END shift        465    
                      ROLLBACK shift        464    
                     SAVEPOINT shift        338    
                       RELEASE shift        462    
                        CREATE shift-reduce 14     createkw ::= CREATE
                       ANALYZE shift        290    
                        ATTACH shift        393    
                        DETACH shift        392    
                        PRAGMA shift        293    
                        VACUUM shift        205    
                          WITH shift        54     
                          CALL shift        219    
                       REINDEX shift        291    
                          DROP shift        484    
                        SELECT shift        384    
                        VALUES shift        682    
                         ALTER shift        542    
                          ecmd shift-reduce 389    cmdlist ::= cmdlist ecmd
                          cmdx shift        697    
                       explain shift        2      
                           cmd shift-reduce 2      cmdx ::= cmd
                  create_table shift        385    
                      createkw shift        185    
                        select shift-reduce 84     cmd ::= select
                  selectnowith shift        350    
                     oneselect shift        350      /* because oneselect==selectnowith */
                        values shift        688    
                       mvalues shift        677    
                          with shift        294    
                     alter_add shift        470    
                   create_vtab shift        533    
                     {default} reduce       450    with ::=

State 2:
          ecmd ::= explain * cmdx SEMI
          cmdx ::= * cmd
          cmd ::= * BEGIN transtype trans_opt
          cmd ::= * COMMIT|END trans_opt
          cmd ::= * ROLLBACK trans_opt
          cmd ::= * SAVEPOINT nm
          cmd ::= * RELEASE savepoint_opt nm
          cmd ::= * ROLLBACK trans_opt TO savepoint_opt nm
          cmd ::= * create_table create_table_args
          create_table ::= * createkw temp TABLE ifnotexists nm dbnm
          createkw ::= * CREATE
          cmd ::= * DROP TABLE ifexists fullname
          cmd ::= * createkw temp VIEW ifnotexists nm dbnm eidlist_opt AS select
          cmd ::= * DROP VIEW ifexists fullname
          cmd ::= * select
          select ::= * WITH wqlist selectnowith
          select ::= * WITH RECURSIVE wqlist selectnowith
          select ::= * selectnowith
          selectnowith ::= * oneselect
          selectnowith ::= * selectnowith multiselect_op oneselect
          oneselect ::= * SELECT distinct selcollist from where_opt groupby_opt having_opt orderby_opt limit_opt
          oneselect ::= * SELECT distinct selcollist from where_opt groupby_opt having_opt window_clause orderby_opt limit_opt
          oneselect ::= * values
          values ::= * VALUES LP nexprlist RP
          oneselect ::= * mvalues
          mvalues ::= * values COMMA LP nexprlist RP
          mvalues ::= * mvalues COMMA LP nexprlist RP
          cmd ::= * with DELETE FROM xfullname indexed_opt where_opt_ret
          cmd ::= * with UPDATE orconf xfullname indexed_opt SET setlist from where_opt_ret
          cmd ::= * with insert_cmd INTO xfullname idlist_opt select upsert
          cmd ::= * with insert_cmd INTO xfullname idlist_opt DEFAULT VALUES returning
          cmd ::= * createkw uniqueflag INDEX ifnotexists nm dbnm ON nm LP sortlist RP where_opt
          cmd ::= * DROP INDEX ifexists fullname
          cmd ::= * VACUUM vinto
          cmd ::= * VACUUM nm vinto
          cmd ::= * PRAGMA nm dbnm
          cmd ::= * PRAGMA nm dbnm EQ nmnum
          cmd ::= * PRAGMA nm dbnm LP nmnum RP
          cmd ::= * PRAGMA nm dbnm EQ minus_num
          cmd ::= * PRAGMA nm dbnm LP minus_num RP
          cmd ::= * createkw trigger_decl BEGIN trigger_cmd_list END
          cmd ::= * DROP TRIGGER ifexists fullname
          cmd ::= * createkw temp PROCEDURE ifnotexists nm dbnm LP procparams RP procreturns procsecurity BEGIN proc_cmd_list END
          cmd ::= * DROP PROCEDURE ifexists fullname
          cmd ::= * CALL fullname LP exprlist RP
          cmd ::= * CALL fullname
          cmd ::= * CALL fullname LP exprlist RP RETURNING projlist
          cmd ::= * CALL fullname RETURNING projlist
          cmd ::= * ATTACH database_kw_opt expr AS expr key_opt
          cmd ::= * DETACH database_kw_opt expr
          cmd ::= * REINDEX
          cmd ::= * REINDEX nm dbnm
          cmd ::= * ANALYZE
          cmd ::= * ANALYZE nm dbnm
          cmd ::= * ALTER TABLE fullname RENAME TO nm
          cmd ::= * alter_add carglist
          alter_add ::= * ALTER TABLE fullname ADD kwcolumn_opt nm typetoken
          cmd ::= * ALTER TABLE fullname DROP kwcolumn_opt nm
          cmd ::= * ALTER TABLE fullname RENAME kwcolumn_opt nm TO nm
          cmd ::= * ALTER TABLE fullname DROP CONSTRAINT nm
          cmd ::= * ALTER TABLE fullname ALTER kwcolumn_opt nm DROP NOT NULL
          cmd ::= * ALTER TABLE fullname ALTER kwcolumn_opt nm SET NOT NULL onconf
          cmd ::= * ALTER TABLE fullname ADD CONSTRAINT nm CHECK LP expr RP onconf
          cmd ::= * ALTER TABLE fullname ADD CHECK LP expr RP onconf
          cmd ::= * create_vtab
          cmd ::= * create_vtab LP vtabarglist RP
          create_vtab ::= * createkw VIRTUAL TABLE ifnotexists nm dbnm USING nm
    (450) with ::= *
          with ::= * WITH wqlist
          with ::= * WITH RECURSIVE wqlist

                         BEGIN shift        354    
                        COMMIT shift        465    
                           END shift        465    
                      ROLLBACK shift        464    
                     SAVEPOINT shift        338    
                       RELEASE shift        462    
                        CREATE shift-reduce 14     createkw ::= CREATE
                       ANALYZE shift        290    
                        ATTACH shift        393    
                        DETACH shift        392    
                        PRAGMA shift        293    
                        VACUUM shift        205    
                          WITH shift        54     
                          CALL shift        219    
                       REINDEX shift        291    
                          DROP shift        484    
                        SELECT shift        384    
                        VALUES shift        682    
                         ALTER shift        542    
                          cmdx shift        696    
                           cmd shift-reduce 2      cmdx ::= cmd
                  create_table shift        385    
                      createkw shift        185    
                        select shift-reduce 84     cmd ::= select
                  selectnowith shift        350    
                     oneselect shift        350      /* because oneselect==selectnowith */
                        values shift        688    
                       mvalues shift        677    
                          with shift        294    
                     alter_add shift        470    
                   create_vtab shift        533    
                     {default} reduce       450    with ::=

State 3:
          nm ::= * ID|INDEXED|JOIN_KW
          nm ::= * STRING
          select ::= * WITH wqlist selectnowith
          select ::= * WITH RECURSIVE wqlist selectnowith
          select ::= * selectnowith
          selectnowith ::= * oneselect
          selectnowith ::= * selectnowith multiselect_op oneselect
          oneselect ::= * SELECT distinct selcollist from where_opt groupby_opt having_opt orderby_opt limit_opt
          oneselect ::= * SELECT distinct selcollist from where_opt groupby_opt having_opt window_clause orderby_opt limit_opt
          oneselect ::= * values
          values ::= * VALUES LP nexprlist RP
          oneselect ::= * mvalues
          mvalues ::= * values COMMA LP nexprlist RP
          mvalues ::= * mvalues COMMA LP nexprlist RP
          expr ::= * term
          expr ::= * LP expr RP
          expr ::= * ID|INDEXED|JOIN_KW
          expr ::= * nm DOT nm
          expr ::= * nm DOT nm DOT nm
          term ::= * NULL|FLOAT|BLOB
          term ::= * STRING
          term ::= * INTEGER
          expr ::= * VARIABLE
          expr ::= * expr COLLATE ID|STRING
          expr ::= * CAST LP expr AS typetoken RP
          expr ::= * ID|INDEXED|JOIN_KW LP distinct exprlist RP
          expr ::= * ID|INDEXED|JOIN_KW LP distinct exprlist ORDER BY sortlist RP
          expr ::= * ID|INDEXED|JOIN_KW LP STAR RP
          expr ::= * ID|INDEXED|JOIN_KW LP distinct exprlist RP filter_over
          expr ::= * ID|INDEXED|JOIN_KW LP distinct exprlist ORDER BY sortlist RP filter_over
          expr ::= * ID|INDEXED|JOIN_KW LP STAR RP filter_over
          term ::= * CTIME_KW
          expr ::= * LP nexprlist COMMA expr RP
          expr ::= * expr AND expr
          expr ::= * expr OR expr
          expr ::= * expr LT|GT|GE|LE expr
          expr ::= * expr EQ|NE expr
          expr ::= * expr BITAND|BITOR|LSHIFT|RSHIFT expr
          expr ::= * expr PLUS|MINUS expr
          expr ::= * expr STAR|SLASH|REM expr
          expr ::= * expr CONCAT expr
          expr ::= * expr likeop expr
          expr ::= * expr likeop expr ESCAPE expr
          expr ::= * expr ISNULL|NOTNULL
          expr ::= * expr NOT NULL
          expr ::= * expr IS expr
          expr ::= * expr IS NOT expr
          expr ::= * expr IS NOT DISTINCT FROM expr
          expr ::= * expr IS DISTINCT FROM expr
          expr ::= * NOT expr
          expr ::= * BITNOT expr
          expr ::= * PLUS|MINUS expr
          expr ::= * expr PTR expr
          expr ::= * expr between_op expr AND expr
          expr ::= * expr in_op LP exprlist RP
          expr ::= expr in_op LP * exprlist RP
          expr ::= * LP select RP
          expr ::= * expr in_op LP select RP
          expr ::= expr in_op LP * select RP
          expr ::= * expr in_op nm dbnm paren_exprlist
          expr ::= * EXISTS LP select RP
          expr ::= * CASE case_operand case_exprlist case_else END
          exprlist ::= * nexprlist
    (234) exprlist ::= *
          nexprlist ::= * nexprlist COMMA expr
          nexprlist ::= * expr
          expr ::= * RAISE LP IGNORE RP
          expr ::= * RAISE LP raisetype COMMA expr RP
          term ::= * QNUMBER

                           NOT shift        150    
                        EXISTS shift        683    
                            LP shift        4      
                          CAST shift        686    
                            ID shift        530    
                         RAISE shift        680    
                          WITH shift        55     
                      CTIME_KW shift-reduce 195    term ::= CTIME_KW
                          PLUS shift        148    
                         MINUS shift        148    
                        BITNOT shift        149    
                       INDEXED shift        530    
                        STRING shift        692    
                       JOIN_KW shift        530    
                          NULL shift-reduce 183    term ::= NULL|FLOAT|BLOB
                        SELECT shift        384    
                        VALUES shift        682    
                         FLOAT shift-reduce 183    term ::= NULL|FLOAT|BLOB
                          BLOB shift-reduce 183    term ::= NULL|FLOAT|BLOB
                       INTEGER shift-reduce 185    term ::= INTEGER
                      VARIABLE shift-reduce 186    expr ::= VARIABLE
                          CASE shift        38     
                       QNUMBER shift-reduce 387    term ::= QNUMBER
                            nm shift        691    
                        select shift        673    
                          term shift        101      /* because term==expr */
                          expr shift        101    
                  selectnowith shift        350    
                     oneselect shift        350      /* because oneselect==selectnowith */
                        values shift        688    
                     nexprlist shift        672    
                       mvalues shift        677    
                      exprlist shift        674    
                     {default} reduce       234    exprlist ::=

State 4:
          nm ::= * ID|INDEXED|JOIN_KW
          nm ::= * STRING
          select ::= * WITH wqlist selectnowith
          select ::= * WITH RECURSIVE wqlist selectnowith
          select ::= * selectnowith
          selectnowith ::= * oneselect
          selectnowith ::= * selectnowith multiselect_op oneselect
          oneselect ::= * SELECT distinct selcollist from where_opt groupby_opt having_opt orderby_opt limit_opt
          oneselect ::= * SELECT distinct selcollist from where_opt groupby_opt having_opt window_clause orderby_opt limit_opt
          oneselect ::= * values
          values ::= * VALUES LP nexprlist RP
          oneselect ::= * mvalues
          mvalues ::= * values COMMA LP nexprlist RP
          mvalues ::= * mvalues COMMA LP nexprlist RP
          expr ::= * term
          expr ::= * LP expr RP
          expr ::= LP * expr RP
          expr ::= * ID|INDEXED|JOIN_KW
          expr ::= * nm DOT nm
          expr ::= * nm DOT nm DOT nm
          term ::= * NULL|FLOAT|BLOB
          term ::= * STRING
          term ::= * INTEGER
          expr ::= * VARIABLE
          expr ::= * expr COLLATE ID|STRING
          expr ::= * CAST LP expr AS typetoken RP
          expr ::= * ID|INDEXED|JOIN_KW LP distinct exprlist RP
          expr ::= * ID|INDEXED|JOIN_KW LP distinct exprlist ORDER BY sortlist RP
          expr ::= * ID|INDEXED|JOIN_KW LP STAR RP
          expr ::= * ID|INDEXED|JOIN_KW LP distinct exprlist RP filter_over
          expr ::= * ID|INDEXED|JOIN_KW LP distinct exprlist ORDER BY sortlist RP filter_over
          expr ::= * ID|INDEXED|JOIN_KW LP STAR RP filter_over
          term ::= * CTIME_KW
          expr ::= * LP nexprlist COMMA expr RP
          expr ::= LP * nexprlist COMMA expr RP
          expr ::= * expr AND expr
          expr ::= * expr OR expr
          expr ::= * expr LT|GT|GE|LE expr
          expr ::= * expr EQ|NE expr
          expr ::= * expr BITAND|BITOR|LSHIFT|RSHIFT expr
          expr ::= * expr PLUS|MINUS expr
          expr ::= * expr STAR|SLASH|REM expr
          expr ::= * expr CONCAT expr
          expr ::= * expr likeop expr
          expr ::= * expr likeop expr ESCAPE expr
          expr ::= * expr ISNULL|NOTNULL
          expr ::= * expr NOT NULL
          expr ::= * expr IS expr
          expr ::= * expr IS NOT expr
          expr ::= * expr IS NOT DISTINCT FROM expr
          expr ::= * expr IS DISTINCT FROM expr
          expr ::= * NOT expr
          expr ::= * BITNOT expr
          expr ::= * PLUS|MINUS expr
          expr ::= * expr PTR expr
          expr ::= * expr between_op expr AND expr
          expr ::= * expr in_op LP exprlist RP
          expr ::= * LP select RP
          expr ::= LP * select RP
          expr ::= * expr in_op LP select RP
          expr ::= * expr in_op nm dbnm paren_exprlist
          expr ::= * EXISTS LP select RP
          expr ::= * CASE case_operand case_exprlist case_else END
          nexprlist ::= * nexprlist COMMA expr
          nexprlist ::= * expr
          expr ::= * RAISE LP IGNORE RP
          expr ::= * RAISE LP raisetype COMMA expr RP
          term ::= * QNUMBER

                           NOT shift        150    
                        EXISTS shift        683    
                            LP shift        4      
                          CAST shift        686    
                            ID shift        530    
                         RAISE shift        680    
                          WITH shift        55     
                      CTIME_KW shift-reduce 195    term ::= CTIME_KW
                          PLUS shift        148    
                         MINUS shift        148    
                        BITNOT shift        149    
                       INDEXED shift        530    
                        STRING shift        692    
                       JOIN_KW shift        530    
                          NULL shift-reduce 183    term ::= NULL|FLOAT|BLOB
                        SELECT shift        384    
                        VALUES shift        682    
                         FLOAT shift-reduce 183    term ::= NULL|FLOAT|BLOB
                          BLOB shift-reduce 183    term ::= NULL|FLOAT|BLOB
                       INTEGER shift-reduce 185    term ::= INTEGER
                      VARIABLE shift-reduce 186    expr ::= VARIABLE
                          CASE shift        38     
                       QNUMBER shift-reduce 387    term ::= QNUMBER
                            nm shift        691    
                        select shift        639    
                          term shift        78       /* because term==expr */
                          expr shift        78     
                  selectnowith shift        350    
                     oneselect shift        350      /* because oneselect==selectnowith */
                        values shift        688    
                     nexprlist shift        640    
                       mvalues shift        677    

State 5:
          select ::= * WITH wqlist selectnowith
          select ::= * WITH RECURSIVE wqlist selectnowith
          select ::= * selectnowith
          selectnowith ::= * oneselect
          selectnowith ::= * selectnowith multiselect_op oneselect
          oneselect ::= * SELECT distinct selcollist from where_opt groupby_opt having_opt orderby_opt limit_opt
          oneselect ::= * SELECT distinct selcollist from where_opt groupby_opt having_opt window_clause orderby_opt limit_opt
          oneselect ::= * values
          values ::= * VALUES LP nexprlist RP
          oneselect ::= * mvalues
          mvalues ::= * values COMMA LP nexprlist RP
          mvalues ::= * mvalues COMMA LP nexprlist RP
          stl_prefix ::= * seltablist joinop
    (110) stl_prefix ::= *
          seltablist ::= * stl_prefix nm dbnm as on_using
          seltablist ::= * stl_prefix nm dbnm as indexed_by on_using
          seltablist ::= * stl_prefix nm dbnm LP exprlist RP as on_using
          seltablist ::= * stl_prefix LP select RP as on_using
          seltablist ::= stl_prefix LP * select RP as on_using
          seltablist ::= * stl_prefix LP seltablist RP as on_using
          seltablist ::= stl_prefix LP * seltablist RP as on_using

                          WITH shift        55     
                        SELECT shift        384    
                        VALUES shift        682    
                        select shift        645    
                  selectnowith shift        350    
                     oneselect shift        350      /* because oneselect==selectnowith */
                        values shift        688    
                       mvalues shift        677    
                    seltablist shift        325    
                    stl_prefix shift        278    
                     {default} reduce       110    stl_prefix ::=

State 6:
          select ::= * WITH wqlist selectnowith
          select ::= * WITH RECURSIVE wqlist selectnowith
          select ::= * selectnowith
          selectnowith ::= * oneselect
          selectnowith ::= * selectnowith multiselect_op oneselect
          oneselect ::= * SELECT distinct selcollist from where_opt groupby_opt having_opt orderby_opt limit_opt
          oneselect ::= * SELECT distinct selcollist from where_opt groupby_opt having_opt window_clause orderby_opt limit_opt
          oneselect ::= * values
          values ::= * VALUES LP nexprlist RP
          oneselect ::= * mvalues
          mvalues ::= * values COMMA LP nexprlist RP
          mvalues ::= * mvalues COMMA LP nexprlist RP
          insert_cmd ::= * INSERT orconf
          insert_cmd ::= * REPLACE
          trigger_cmd ::= scanpt * insert_cmd INTO xfullname idlist_opt select upsert scanpt
          trigger_cmd ::= scanpt * select scanpt

                       REPLACE shift-reduce 174    insert_cmd ::= REPLACE
                          WITH shift        55     
                        INSERT shift        414    
                        SELECT shift        384    
                        VALUES shift        682    
                        select shift        471    
                  selectnowith shift        350    
                     oneselect shift        350      /* because oneselect==selectnowith */
                        values shift        688    
                       mvalues shift        677    
                    insert_cmd shift        597    

State 7:
          select ::= * WITH wqlist selectnowith
          select ::= * WITH RECURSIVE wqlist selectnowith
          select ::= * selectnowith
          selectnowith ::= * oneselect
          selectnowith ::= * selectnowith multiselect_op oneselect
          oneselect ::= * SELECT distinct selcollist from where_opt groupby_opt having_opt orderby_opt limit_opt
          oneselect ::= * SELECT distinct selcollist from where_opt groupby_opt having_opt window_clause orderby_opt limit_opt
          oneselect ::= * values
          values ::= * VALUES LP nexprlist RP
          oneselect ::= * mvalues
          mvalues ::= * values COMMA LP nexprlist RP
          mvalues ::= * mvalues COMMA LP nexprlist RP
          insert_cmd ::= * INSERT orconf
          insert_cmd ::= * REPLACE
          trigger_cmd ::= scanpt * insert_cmd INTO xfullname idlist_opt select upsert scanpt
          trigger_cmd ::= scanpt * select scanpt
          proc_cmd ::= scanpt * select scanpt INTO idlist

                       REPLACE shift-reduce 174    insert_cmd ::= REPLACE
                          WITH shift        55     
                        INSERT shift        414    
                        SELECT shift        384    
                        VALUES shift        682    
                        select shift        473    
                  selectnowith shift        350    
                     oneselect shift        350      /* because oneselect==selectnowith */
                        values shift        688    
                       mvalues shift        677    
                    insert_cmd shift        597    

State 8:
          nm ::= * ID|INDEXED|JOIN_KW
          nm ::= * STRING
          expr ::= * term
          expr ::= * LP expr RP
          expr ::= * ID|INDEXED|JOIN_KW
          expr ::= * nm DOT nm
          expr ::= * nm DOT nm DOT nm
          term ::= * NULL|FLOAT|BLOB
          term ::= * STRING
          term ::= * INTEGER
          expr ::= * VARIABLE
          expr ::= * expr COLLATE ID|STRING
          expr ::= * CAST LP expr AS typetoken RP
          expr ::= * ID|INDEXED|JOIN_KW LP distinct exprlist RP
          expr ::= * ID|INDEXED|JOIN_KW LP distinct exprlist ORDER BY sortlist RP
          expr ::= * ID|INDEXED|JOIN_KW LP STAR RP
          expr ::= * ID|INDEXED|JOIN_KW LP distinct exprlist RP filter_over
          expr ::= * ID|INDEXED|JOIN_KW LP distinct exprlist ORDER BY sortlist RP filter_over
          expr ::= * ID|INDEXED|JOIN_KW LP STAR RP filter_over
          term ::= * CTIME_KW
          expr ::= * LP nexprlist COMMA expr RP
          expr ::= * expr AND expr
          expr ::= * expr OR expr
          expr ::= * expr LT|GT|GE|LE expr
          expr ::= * expr EQ|NE expr
          expr ::= * expr BITAND|BITOR|LSHIFT|RSHIFT expr
          expr ::= * expr PLUS|MINUS expr
          expr ::= * expr STAR|SLASH|REM expr
          expr ::= * expr CONCAT expr
          expr ::= * expr likeop expr
          expr ::= * expr likeop expr ESCAPE expr
          expr ::= * expr ISNULL|NOTNULL
          expr ::= * expr NOT NULL
          expr ::= * expr IS expr
          expr ::= * expr IS NOT expr
          expr ::= * expr IS NOT DISTINCT FROM expr
          expr ::= * expr IS DISTINCT FROM expr
          expr ::= * NOT expr
          expr ::= * BITNOT expr
          expr ::= * PLUS|MINUS expr
          expr ::= * expr PTR expr
          expr ::= * expr between_op expr AND expr
          expr ::= * expr in_op LP exprlist RP
          expr ::= * LP select RP
          expr ::= * expr in_op LP select RP
          expr ::= * expr in_op nm dbnm paren_exprlist
          expr ::= * EXISTS LP select RP
          expr ::= * CASE case_operand case_exprlist case_else END
          expr ::= * RAISE LP IGNORE RP
          expr ::= * RAISE LP raisetype COMMA expr RP
          frame_opt ::= range_or_rows * frame_bound_s frame_exclude_opt
          frame_opt ::= range_or_rows * BETWEEN frame_bound_s AND frame_bound_e frame_exclude_opt
          frame_bound_s ::= * frame_bound
          frame_bound_s ::= * UNBOUNDED PRECEDING
          frame_bound ::= * expr PRECEDING|FOLLOWING
          frame_bound ::= * CURRENT ROW
          term ::= * QNUMBER

                           NOT shift        150    
                        EXISTS shift        683    
                            LP shift        4      
                          CAST shift        686    
                       BETWEEN shift        10     
                            ID shift        530    
                         RAISE shift        680    
                       CURRENT shift        657    
                     UNBOUNDED shift        656    
                      CTIME_KW shift-reduce 195    term ::= CTIME_KW
                          PLUS shift        148    
                         MINUS shift        148    
                        BITNOT shift        149    
                       INDEXED shift        530    
                        STRING shift        692    
                       JOIN_KW shift        530    
                          NULL shift-reduce 183    term ::= NULL|FLOAT|BLOB
                         FLOAT shift-reduce 183    term ::= NULL|FLOAT|BLOB
                          BLOB shift-reduce 183    term ::= NULL|FLOAT|BLOB
                       INTEGER shift-reduce 185    term ::= INTEGER
                      VARIABLE shift-reduce 186    expr ::= VARIABLE
                          CASE shift        38     
                       QNUMBER shift-reduce 387    term ::= QNUMBER
                            nm shift        691    
                          term shift        62       /* because term==expr */
                          expr shift        62     
                   frame_bound shift-reduce 369    frame_bound_s ::= frame_bound
                 frame_bound_s shift        449    

State 9:
          nm ::= * ID|INDEXED|JOIN_KW
          nm ::= * STRING
          expr ::= * term
          expr ::= * LP expr RP
          expr ::= * ID|INDEXED|JOIN_KW
          expr ::= * nm DOT nm
          expr ::= * nm DOT nm DOT nm
          term ::= * NULL|FLOAT|BLOB
          term ::= * STRING
          term ::= * INTEGER
          expr ::= * VARIABLE
          expr ::= * expr COLLATE ID|STRING
          expr ::= * CAST LP expr AS typetoken RP
          expr ::= * ID|INDEXED|JOIN_KW LP distinct exprlist RP
          expr ::= * ID|INDEXED|JOIN_KW LP distinct exprlist ORDER BY sortlist RP
          expr ::= * ID|INDEXED|JOIN_KW LP STAR RP
          expr ::= * ID|INDEXED|JOIN_KW LP distinct exprlist RP filter_over
          expr ::= * ID|INDEXED|JOIN_KW LP distinct exprlist ORDER BY sortlist RP filter_over
          expr ::= * ID|INDEXED|JOIN_KW LP STAR RP filter_over
          term ::= * CTIME_KW
          expr ::= * LP nexprlist COMMA expr RP
          expr ::= * expr AND expr
          expr ::= * expr OR expr
          expr ::= * expr LT|GT|GE|LE expr
          expr ::= * expr EQ|NE expr
          expr ::= * expr BITAND|BITOR|LSHIFT|RSHIFT expr
          expr ::= * expr PLUS|MINUS expr
          expr ::= * expr STAR|SLASH|REM expr
          expr ::= * expr CONCAT expr
          expr ::= * expr likeop expr
          expr ::= * expr likeop expr ESCAPE expr
          expr ::= * expr ISNULL|NOTNULL
          expr ::= * expr NOT NULL
          expr ::= * expr IS expr
          expr ::= * expr IS NOT expr
          expr ::= * expr IS NOT DISTINCT FROM expr
          expr ::= * expr IS DISTINCT FROM expr
          expr ::= * NOT expr
          expr ::= * BITNOT expr
          expr ::= * PLUS|MINUS expr
          expr ::= * expr PTR expr
          expr ::= * expr between_op expr AND expr
          expr ::= * expr in_op LP exprlist RP
          expr ::= * LP select RP
          expr ::= * expr in_op LP select RP
          expr ::= * expr in_op nm dbnm paren_exprlist
          expr ::= * EXISTS LP select RP
          expr ::= * CASE case_operand case_exprlist case_else END
          expr ::= * RAISE LP IGNORE RP
          expr ::= * RAISE LP raisetype COMMA expr RP
          frame_opt ::= range_or_rows BETWEEN frame_bound_s AND * frame_bound_e frame_exclude_opt
          frame_bound_e ::= * frame_bound
          frame_bound_e ::= * UNBOUNDED FOLLOWING
          frame_bound ::= * expr PRECEDING|FOLLOWING
          frame_bound ::= * CURRENT ROW
          term ::= * QNUMBER

                           NOT shift        150    
                        EXISTS shift        683    
                            LP shift        4      
                          CAST shift        686    
                            ID shift        530    
                         RAISE shift        680    
                       CURRENT shift        657    
                     UNBOUNDED shift        658    
                      CTIME_KW shift-reduce 195    term ::= CTIME_KW
                          PLUS shift        148    
                         MINUS shift        148    
                        BITNOT shift        149    
                       INDEXED shift        530    
                        STRING shift        692    
                       JOIN_KW shift        530    
                          NULL shift-reduce 183    term ::= NULL|FLOAT|BLOB
                         FLOAT shift-reduce 183    term ::= NULL|FLOAT|BLOB
                          BLOB shift-reduce 183    term ::= NULL|FLOAT|BLOB
                       INTEGER shift-reduce 185    term ::= INTEGER
                      VARIABLE shift-reduce 186    expr ::= VARIABLE
                          CASE shift        38     
                       QNUMBER shift-reduce 387    term ::= QNUMBER
                            nm shift        691    
                          term shift        62       /* because term==expr */
                          expr shift        62     
                   frame_bound shift-reduce 371    frame_bound_e ::= frame_bound
                 frame_bound_e shift        448    

State 10:
          nm ::= * ID|INDEXED|JOIN_KW
          nm ::= * STRING
          expr ::= * term
          expr ::= * LP expr RP
          expr ::= * ID|INDEXED|JOIN_KW
          expr ::= * nm DOT nm
          expr ::= * nm DOT nm DOT nm
          term ::= * NULL|FLOAT|BLOB
          term ::= * STRING
          term ::= * INTEGER
          expr ::= * VARIABLE
          expr ::= * expr COLLATE ID|STRING
          expr ::= * CAST LP expr AS typetoken RP
          expr ::= * ID|INDEXED|JOIN_KW LP distinct exprlist RP
          expr ::= * ID|INDEXED|JOIN_KW LP distinct exprlist ORDER BY sortlist RP
          expr ::= * ID|INDEXED|JOIN_KW LP STAR RP
          expr ::= * ID|INDEXED|JOIN_KW LP distinct exprlist RP filter_over
          expr ::= * ID|INDEXED|JOIN_KW LP distinct exprlist ORDER BY sortlist RP filter_over
          expr ::= * ID|INDEXED|JOIN_KW LP STAR RP filter_over
          term ::= * CTIME_KW
          expr ::= * LP nexprlist COMMA expr RP
          expr ::= * expr AND expr
          expr ::= * expr OR expr
          expr ::= * expr LT|GT|GE|LE expr
          expr ::= * expr EQ|NE expr
          expr ::= * expr BITAND|BITOR|LSHIFT|RSHIFT expr
          expr ::= * expr PLUS|MINUS expr
          expr ::= * expr STAR|SLASH|REM expr
          expr ::= * expr CONCAT expr
          expr ::= * expr likeop expr
          expr ::= * expr likeop expr ESCAPE expr
          expr ::= * expr ISNULL|NOTNULL
          expr ::= * expr NOT NULL
          expr ::= * expr IS expr
          expr ::= * expr IS NOT expr
          expr ::= * expr IS NOT DISTINCT FROM expr
          expr ::= * expr IS DISTINCT FROM expr
          expr ::= * NOT expr
          expr ::= * BITNOT expr
          expr ::= * PLUS|MINUS expr
          expr ::= * expr PTR expr
          expr ::= * expr between_op expr AND expr
          expr ::= * expr in_op LP exprlist RP
          expr ::= * LP select RP
          expr ::= * expr in_op LP select RP
          expr ::= * expr in_op nm dbnm paren_exprlist
          expr ::= * EXISTS LP select RP
          expr ::= * CASE case_operand case_exprlist case_else END
          expr ::= * RAISE LP IGNORE RP
          expr ::= * RAISE LP raisetype COMMA expr RP
          frame_opt ::= range_or_rows BETWEEN * frame_bound_s AND frame_bound_e frame_exclude_opt
          frame_bound_s ::= * frame_bound
          frame_bound_s ::= * UNBOUNDED PRECEDING
          frame_bound ::= * expr PRECEDING|FOLLOWING
          frame_bound ::= * CURRENT ROW
          term ::= * QNUMBER

                           NOT shift        150    
                        EXISTS shift        683    
                            LP shift        4      
                          CAST shift        686    
                            ID shift        530    
                         RAISE shift        680    
                       CURRENT shift        657    
                     UNBOUNDED shift        656    
                      CTIME_KW shift-reduce 195    term ::= CTIME_KW
                          PLUS shift        148    
                         MINUS shift        148    
                        BITNOT shift        149    
                       INDEXED shift        530    
                        STRING shift        692    
                       JOIN_KW shift        530    
                          NULL shift-reduce 183    term ::= NULL|FLOAT|BLOB
                         FLOAT shift-reduce 183    term ::= NULL|FLOAT|BLOB
                          BLOB shift-reduce 183    term ::= NULL|FLOAT|BLOB
                       INTEGER shift-reduce 185    term ::= INTEGER
                      VARIABLE shift-reduce 186    expr ::= VARIABLE
                          CASE shift        38     
                       QNUMBER shift-reduce 387    term ::= QNUMBER
                            nm shift        691    
                          term shift        62       /* because term==expr */
                          expr shift        62     
                   frame_bound shift-reduce 369    frame_bound_s ::= frame_bound
                 frame_bound_s shift        659    

State 11:
          nm ::= * ID|INDEXED|JOIN_KW
          nm ::= * STRING
          expr ::= * term
          expr ::= * LP expr RP
          expr ::= * ID|INDEXED|JOIN_KW
          expr ::= * nm DOT nm
          expr ::= * nm DOT nm DOT nm
          term ::= * NULL|FLOAT|BLOB
          term ::= * STRING
          term ::= * INTEGER
          expr ::= * VARIABLE
          expr ::= * expr COLLATE ID|STRING
          expr ::= * CAST LP expr AS typetoken RP
          expr ::= * ID|INDEXED|JOIN_KW LP distinct exprlist RP
          expr ::= * ID|INDEXED|JOIN_KW LP distinct exprlist ORDER BY sortlist RP
          expr ::= * ID|INDEXED|JOIN_KW LP STAR RP
          expr ::= * ID|INDEXED|JOIN_KW LP distinct exprlist RP filter_over
          expr ::= * ID|INDEXED|JOIN_KW LP distinct exprlist ORDER BY sortlist RP filter_over
          expr ::= * ID|INDEXED|JOIN_KW LP STAR RP filter_over
          term ::= * CTIME_KW
          expr ::= * LP nexprlist COMMA expr RP
          expr ::= * expr AND expr
          expr ::= * expr OR expr
          expr ::= * expr LT|GT|GE|LE expr
          expr ::= * expr EQ|NE expr
          expr ::= * expr BITAND|BITOR|LSHIFT|RSHIFT expr
          expr ::= * expr PLUS|MINUS expr
          expr ::= * expr STAR|SLASH|REM expr
          expr ::= * expr CONCAT expr
          expr ::= * expr likeop expr
          expr ::= * expr likeop expr ESCAPE expr
          expr ::= * expr ISNULL|NOTNULL
          expr ::= * expr NOT NULL
          expr ::= * expr IS expr
          expr ::= * expr IS NOT expr
          expr ::= * expr IS NOT DISTINCT FROM expr
          expr ::= * expr IS DISTINCT FROM expr
          expr ::= * NOT expr
          expr ::= * BITNOT expr
          expr ::= * PLUS|MINUS expr
          expr ::= * expr PTR expr
          expr ::= * expr between_op expr AND expr
          expr ::= * expr in_op LP exprlist RP
          expr ::= * LP select RP
          expr ::= * expr in_op LP select RP
          expr ::= * expr in_op nm dbnm paren_exprlist
          expr ::= * EXISTS LP select RP
          expr ::= * CASE case_operand case_exprlist case_else END
          exprlist ::= * nexprlist
    (234) exprlist ::= *
          nexprlist ::= * nexprlist COMMA expr
          nexprlist ::= * expr
          expr ::= * RAISE LP IGNORE RP
          expr ::= * RAISE LP raisetype COMMA expr RP
          cmd ::= CALL fullname LP * exprlist RP
          cmd ::= CALL fullname LP * exprlist RP RETURNING projlist
          term ::= * QNUMBER

                           NOT shift        150    
                        EXISTS shift        683    
                            LP shift        4      
                          CAST shift        686    
                            ID shift        530    
                         RAISE shift        680    
                      CTIME_KW shift-reduce 195    term ::= CTIME_KW
                          PLUS shift        148    
                         MINUS shift        148    
                        BITNOT shift        149    
                       INDEXED shift        530    
                        STRING shift        692    
                       JOIN_KW shift        530    
                          NULL shift-reduce 183    term ::= NULL|FLOAT|BLOB
                         FLOAT shift-reduce 183    term ::= NULL|FLOAT|BLOB
                          BLOB shift-reduce 183    term ::= NULL|FLOAT|BLOB
                       INTEGER shift-reduce 185    term ::= INTEGER
                      VARIABLE shift-reduce 186    expr ::= VARIABLE
                          CASE shift        38     
                       QNUMBER shift-reduce 387    term ::= QNUMBER
                            nm shift        691    
                          term shift        101      /* because term==expr */
                          expr shift        101    
                     nexprlist shift        672    
                      exprlist shift        546    
                     {default} reduce       234    exprlist ::=

State 12:
          nm ::= * ID|INDEXED|JOIN_KW
          nm ::= * STRING
          expr ::= * term
          expr ::= * LP expr RP
          expr ::= * ID|INDEXED|JOIN_KW
          expr ::= * nm DOT nm
          expr ::= * nm DOT nm DOT nm
          term ::= * NULL|FLOAT|BLOB
          term ::= * STRING
          term ::= * INTEGER
          expr ::= * VARIABLE
          expr ::= * expr COLLATE ID|STRING
          expr ::= * CAST LP expr AS typetoken RP
          expr ::= * ID|INDEXED|JOIN_KW LP distinct exprlist RP
          expr ::= * ID|INDEXED|JOIN_KW LP distinct exprlist ORDER BY sortlist RP
          expr ::= * ID|INDEXED|JOIN_KW LP STAR RP
          expr ::= * ID|INDEXED|JOIN_KW LP distinct exprlist RP filter_over
          expr ::= * ID|INDEXED|JOIN_KW LP distinct exprlist ORDER BY sortlist RP filter_over
          expr ::= * ID|INDEXED|JOIN_KW LP STAR RP filter_over
          term ::= * CTIME_KW
          expr ::= * LP nexprlist COMMA expr RP
          expr ::= * expr AND expr
          expr ::= * expr OR expr
          expr ::= * expr LT|GT|GE|LE expr
          expr ::= * expr EQ|NE expr
          expr ::= * expr BITAND|BITOR|LSHIFT|RSHIFT expr
          expr ::= * expr PLUS|MINUS expr
          expr ::= * expr STAR|SLASH|REM expr
          expr ::= * expr CONCAT expr
          expr ::= * expr likeop expr
          expr ::= * expr likeop expr ESCAPE expr
          expr ::= * expr ISNULL|NOTNULL
          expr ::= * expr NOT NULL
          expr ::= * expr IS expr
          expr ::= * expr IS NOT expr
          expr ::= * expr IS NOT DISTINCT FROM expr
          expr ::= * expr IS DISTINCT FROM expr
          expr ::= * NOT expr
          expr ::= * BITNOT expr
          expr ::= * PLUS|MINUS expr
          expr ::= * expr PTR expr
          expr ::= * expr between_op expr AND expr
          expr ::= * expr in_op LP exprlist RP
          expr ::= * LP select RP
          expr ::= * expr in_op LP select RP
          expr ::= * expr in_op nm dbnm paren_exprlist
          expr ::= * EXISTS LP select RP
          expr ::= * CASE case_operand case_exprlist case_else END
          exprlist ::= * nexprlist
    (234) exprlist ::= *
          nexprlist ::= * nexprlist COMMA expr
          nexprlist ::= * expr
          expr ::= * RAISE LP IGNORE RP
          expr ::= * RAISE LP raisetype COMMA expr RP
          proc_cmd ::= CALL fullname LP * exprlist RP
          term ::= * QNUMBER

                           NOT shift        150    
                        EXISTS shift        683    
                            LP shift        4      
                          CAST shift        686    
                            ID shift        530    
                         RAISE shift        680    
                      CTIME_KW shift-reduce 195    term ::= CTIME_KW
                          PLUS shift        148    
                         MINUS shift        148    
                        BITNOT shift        149    
                       INDEXED shift        530    
                        STRING shift        692    
                       JOIN_KW shift        530    
                          NULL shift-reduce 183    term ::= NULL|FLOAT|BLOB
                         FLOAT shift-reduce 183    term ::= NULL|FLOAT|BLOB
                          BLOB shift-reduce 183    term ::= NULL|FLOAT|BLOB
                       INTEGER shift-reduce 185    term ::= INTEGER
                      VARIABLE shift-reduce 186    expr ::= VARIABLE
                          CASE shift        38     
                       QNUMBER shift-reduce 387    term ::= QNUMBER
                            nm shift        691    
                          term shift        101      /* because term==expr */
                          expr shift        101    
                     nexprlist shift        672    
                      exprlist shift        585    
                     {default} reduce       234    exprlist ::=

State 13:
          nm ::= * ID|INDEXED|JOIN_KW
          nm ::= * STRING
          seltablist ::= stl_prefix nm dbnm LP * exprlist RP as on_using
          expr ::= * term
          expr ::= * LP expr RP
          expr ::= * ID|INDEXED|JOIN_KW
          expr ::= * nm DOT nm
          expr ::= * nm DOT nm DOT nm
          term ::= * NULL|FLOAT|BLOB
          term ::= * STRING
          term ::= * INTEGER
          expr ::= * VARIABLE
          expr ::= * expr COLLATE ID|STRING
          expr ::= * CAST LP expr AS typetoken RP
          expr ::= * ID|INDEXED|JOIN_KW LP distinct exprlist RP
          expr ::= * ID|INDEXED|JOIN_KW LP distinct exprlist ORDER BY sortlist RP
          expr ::= * ID|INDEXED|JOIN_KW LP STAR RP
          expr ::= * ID|INDEXED|JOIN_KW LP distinct exprlist RP filter_over
          expr ::= * ID|INDEXED|JOIN_KW LP distinct exprlist ORDER BY sortlist RP filter_over
          expr ::= * ID|INDEXED|JOIN_KW LP STAR RP filter_over
          term ::= * CTIME_KW
          expr ::= * LP nexprlist COMMA expr RP
          expr ::= * expr AND expr
          expr ::= * expr OR expr
          expr ::= * expr LT|GT|GE|LE expr
          expr ::= * expr EQ|NE expr
          expr ::= * expr BITAND|BITOR|LSHIFT|RSHIFT expr
          expr ::= * expr PLUS|MINUS expr
          expr ::= * expr STAR|SLASH|REM expr
          expr ::= * expr CONCAT expr
          expr ::= * expr likeop expr
          expr ::= * expr likeop expr ESCAPE expr
          expr ::= * expr ISNULL|NOTNULL
          expr ::= * expr NOT NULL
          expr ::= * expr IS expr
          expr ::= * expr IS NOT expr
          expr ::= * expr IS NOT DISTINCT FROM expr
          expr ::= * expr IS DISTINCT FROM expr
          expr ::= * NOT expr
          expr ::= * BITNOT expr
          expr ::= * PLUS|MINUS expr
          expr ::= * expr PTR expr
          expr ::= * expr between_op expr AND expr
          expr ::= * expr in_op LP exprlist RP
          expr ::= * LP select RP
          expr ::= * expr in_op LP select RP
          expr ::= * expr in_op nm dbnm paren_exprlist
          expr ::= * EXISTS LP select RP
          expr ::= * CASE case_operand case_exprlist case_else END
          exprlist ::= * nexprlist
    (234) exprlist ::= *
          nexprlist ::= * nexprlist COMMA expr
          nexprlist ::= * expr
          expr ::= * RAISE LP IGNORE RP
          expr ::= * RAISE LP raisetype COMMA expr RP
          term ::= * QNUMBER

                           NOT shift        150    
                        EXISTS shift        683    
                            LP shift        4      
                          CAST shift        686    
                            ID shift        530    
                         RAISE shift        680    
                      CTIME_KW shift-reduce 195    term ::= CTIME_KW
                          PLUS shift        148    
                         MINUS shift        148    
                        BITNOT shift        149    
                       INDEXED shift        530    
                        STRING shift        692    
                       JOIN_KW shift        530    
                          NULL shift-reduce 183    term ::= NULL|FLOAT|BLOB
                         FLOAT shift-reduce 183    term ::= NULL|FLOAT|BLOB
                          BLOB shift-reduce 183    term ::= NULL|FLOAT|BLOB
                       INTEGER shift-reduce 185    term ::= INTEGER
                      VARIABLE shift-reduce 186    expr ::= VARIABLE
                          CASE shift        38     
                       QNUMBER shift-reduce 387    term ::= QNUMBER
                            nm shift        691    
                          term shift        101      /* because term==expr */
                          expr shift        101    
                     nexprlist shift        672    
                      exprlist shift        646    
                     {default} reduce       234    exprlist ::=

State 14:
          nm ::= * ID|INDEXED|JOIN_KW
          nm ::= * STRING
          expr ::= * term
          expr ::= * LP expr RP
          expr ::= * ID|INDEXED|JOIN_KW
          expr ::= * nm DOT nm
          expr ::= * nm DOT nm DOT nm
          term ::= * NULL|FLOAT|BLOB
          term ::= * STRING
          term ::= * INTEGER
          expr ::= * VARIABLE
          expr ::= * expr COLLATE ID|STRING
          expr ::= * CAST LP expr AS typetoken RP
          expr ::= * ID|INDEXED|JOIN_KW LP distinct exprlist RP
          expr ::= * ID|INDEXED|JOIN_KW LP distinct exprlist ORDER BY sortlist RP
          expr ::= * ID|INDEXED|JOIN_KW LP STAR RP
          expr ::= * ID|INDEXED|JOIN_KW LP distinct exprlist RP filter_over
          expr ::= * ID|INDEXED|JOIN_KW LP distinct exprlist ORDER BY sortlist RP filter_over
          expr ::= * ID|INDEXED|JOIN_KW LP STAR RP filter_over
          term ::= * CTIME_KW
          expr ::= * LP nexprlist COMMA expr RP
          expr ::= * expr AND expr
          expr ::= * expr OR expr
          expr ::= * expr LT|GT|GE|LE expr
          expr ::= * expr EQ|NE expr
          expr ::= * expr BITAND|BITOR|LSHIFT|RSHIFT expr
          expr ::= * expr PLUS|MINUS expr
          expr ::= * expr STAR|SLASH|REM expr
          expr ::= * expr CONCAT expr
          expr ::= * expr likeop expr
          expr ::= * expr likeop expr ESCAPE expr
          expr ::= * expr ISNULL|NOTNULL
          expr ::= * expr NOT NULL
          expr ::= * expr IS expr
          expr ::= * expr IS NOT expr
          expr ::= * expr IS NOT DISTINCT FROM expr
          expr ::= * expr IS DISTINCT FROM expr
          expr ::= * NOT expr
          expr ::= * BITNOT expr
          expr ::= * PLUS|MINUS expr
          expr ::= * expr PTR expr
          expr ::= * expr between_op expr AND expr
          expr ::= * expr in_op LP exprlist RP
          expr ::= * LP select RP
          expr ::= * expr in_op LP select RP
          expr ::= * expr in_op nm dbnm paren_exprlist
          expr ::= * EXISTS LP select RP
          expr ::= * CASE case_operand case_exprlist case_else END
          exprlist ::= * nexprlist
    (234) exprlist ::= *
          nexprlist ::= * nexprlist COMMA expr
          nexprlist ::= * expr
          paren_exprlist ::= LP * exprlist RP
          expr ::= * RAISE LP IGNORE RP
          expr ::= * RAISE LP raisetype COMMA expr RP
          term ::= * QNUMBER

                           NOT shift        150    
                        EXISTS shift        683    
                            LP shift        4      
                          CAST shift        686    
                            ID shift        530    
                         RAISE shift        680    
                      CTIME_KW shift-reduce 195    term ::= CTIME_KW
                          PLUS shift        148    
                         MINUS shift        148    
                        BITNOT shift        149    
                       INDEXED shift        530    
                        STRING shift        692    
                       JOIN_KW shift        530    
                          NULL shift-reduce 183    term ::= NULL|FLOAT|BLOB
                         FLOAT shift-reduce 183    term ::= NULL|FLOAT|BLOB
                          BLOB shift-reduce 183    term ::= NULL|FLOAT|BLOB
                       INTEGER shift-reduce 185    term ::= INTEGER
                      VARIABLE shift-reduce 186    expr ::= VARIABLE
                          CASE shift        38     
                       QNUMBER shift-reduce 387    term ::= QNUMBER
                            nm shift        691    
                          term shift        101      /* because term==expr */
                          expr shift        101    
                     nexprlist shift        672    
                      exprlist shift        671    
                     {default} reduce       234    exprlist ::=

State 15:
          nm ::= * ID|INDEXED|JOIN_KW
          nm ::= * STRING
          expr ::= * term
          expr ::= * LP expr RP
          expr ::= * ID|INDEXED|JOIN_KW
          expr ::= * nm DOT nm
          expr ::= * nm DOT nm DOT nm
          term ::= * NULL|FLOAT|BLOB
          term ::= * STRING
          term ::= * INTEGER
          expr ::= * VARIABLE
          expr ::= * expr COLLATE ID|STRING
          expr ::= * CAST LP expr AS typetoken RP
          expr ::= * ID|INDEXED|JOIN_KW LP distinct exprlist RP
          expr ::= ID|INDEXED|JOIN_KW LP distinct * exprlist RP
          expr ::= * ID|INDEXED|JOIN_KW LP distinct exprlist ORDER BY sortlist RP
          expr ::= ID|INDEXED|JOIN_KW LP distinct * exprlist ORDER BY sortlist RP
          expr ::= * ID|INDEXED|JOIN_KW LP STAR RP
          expr ::= * ID|INDEXED|JOIN_KW LP distinct exprlist RP filter_over
          expr ::= ID|INDEXED|JOIN_KW LP distinct * exprlist RP filter_over
          expr ::= * ID|INDEXED|JOIN_KW LP distinct exprlist ORDER BY sortlist RP filter_over
          expr ::= ID|INDEXED|JOIN_KW LP distinct * exprlist ORDER BY sortlist RP filter_over
          expr ::= * ID|INDEXED|JOIN_KW LP STAR RP filter_over
          term ::= * CTIME_KW
          expr ::= * LP nexprlist COMMA expr RP
          expr ::= * expr AND expr
          expr ::= * expr OR expr
          expr ::= * expr LT|GT|GE|LE expr
          expr ::= * expr EQ|NE expr
          expr ::= * expr BITAND|BITOR|LSHIFT|RSHIFT expr
          expr ::= * expr PLUS|MINUS expr
          expr ::= * expr STAR|SLASH|REM expr
          expr ::= * expr CONCAT expr
          expr ::= * expr likeop expr
          expr ::= * expr likeop expr ESCAPE expr
          expr ::= * expr ISNULL|NOTNULL
          expr ::= * expr NOT NULL
          expr ::= * expr IS expr
          expr ::= * expr IS NOT expr
          expr ::= * expr IS NOT DISTINCT FROM expr
          expr ::= * expr IS DISTINCT FROM expr
          expr ::= * NOT expr
          expr ::= * BITNOT expr
          expr ::= * PLUS|MINUS expr
          expr ::= * expr PTR expr
          expr ::= * expr between_op expr AND expr
          expr ::= * expr in_op LP exprlist RP
          expr ::= * LP select RP
          expr ::= * expr in_op LP select RP
          expr ::= * expr in_op nm dbnm paren_exprlist
          expr ::= * EXISTS LP select RP
          expr ::= * CASE case_operand case_exprlist case_else END
          exprlist ::= * nexprlist
    (234) exprlist ::= *
          nexprlist ::= * nexprlist COMMA expr
          nexprlist ::= * expr
          expr ::= * RAISE LP IGNORE RP
          expr ::= * RAISE LP raisetype COMMA expr RP
          term ::= * QNUMBER

                           NOT shift        150    
                        EXISTS shift        683    
                            LP shift        4      
                          CAST shift        686    
                            ID shift        530    
                         RAISE shift        680    
                      CTIME_KW shift-reduce 195    term ::= CTIME_KW
                          PLUS shift        148    
                         MINUS shift        148    
                        BITNOT shift        149    
                       INDEXED shift        530    
                        STRING shift        692    
                       JOIN_KW shift        530    
                          NULL shift-reduce 183    term ::= NULL|FLOAT|BLOB
                         FLOAT shift-reduce 183    term ::= NULL|FLOAT|BLOB
                          BLOB shift-reduce 183    term ::= NULL|FLOAT|BLOB
                       INTEGER shift-reduce 185    term ::= INTEGER
                      VARIABLE shift-reduce 186    expr ::= VARIABLE
                          CASE shift        38     
                       QNUMBER shift-reduce 387    term ::= QNUMBER
                            nm shift        691    
                          term shift        101      /* because term==expr */
                          expr shift        101    
                     nexprlist shift        672    
                      exprlist shift        517    
                     {default} reduce       234    exprlist ::=

State 16:
          select ::= * WITH wqlist selectnowith
          select ::= * WITH RECURSIVE wqlist selectnowith
          select ::= * selectnowith
          selectnowith ::= * oneselect
          selectnowith ::= * selectnowith multiselect_op oneselect
          oneselect ::= * SELECT distinct selcollist from where_opt groupby_opt having_opt orderby_opt limit_opt
          oneselect ::= * SELECT distinct selcollist from where_opt groupby_opt having_opt window_clause orderby_opt limit_opt
          oneselect ::= * values
          values ::= * VALUES LP nexprlist RP
          oneselect ::= * mvalues
          mvalues ::= * values COMMA LP nexprlist RP
          mvalues ::= * mvalues COMMA LP nexprlist RP
          cmd ::= with insert_cmd INTO xfullname idlist_opt * select upsert
          cmd ::= with insert_cmd INTO xfullname idlist_opt * DEFAULT VALUES returning

                          WITH shift        55     
                       DEFAULT shift        549    
                        SELECT shift        384    
                        VALUES shift        682    
                        select shift        357    
                  selectnowith shift        350    
                     oneselect shift        350      /* because oneselect==selectnowith */
                        values shift        688    
                       mvalues shift        677    

State 17:
          select ::= * WITH wqlist selectnowith
          select ::= * WITH RECURSIVE wqlist selectnowith
          select ::= * selectnowith
          selectnowith ::= * oneselect
          selectnowith ::= * selectnowith multiselect_op oneselect
          oneselect ::= * SELECT distinct selcollist from where_opt groupby_opt having_opt orderby_opt limit_opt
          oneselect ::= * SELECT distinct selcollist from where_opt groupby_opt having_opt window_clause orderby_opt limit_opt
          oneselect ::= * values
          values ::= * VALUES LP nexprlist RP
          oneselect ::= * mvalues
          mvalues ::= * values COMMA LP nexprlist RP
          mvalues ::= * mvalues COMMA LP nexprlist RP
          trigger_cmd ::= scanpt insert_cmd INTO xfullname idlist_opt * select upsert scanpt

                          WITH shift        55     
                        SELECT shift        384    
                        VALUES shift        682    
                        select shift        366    
                  selectnowith shift        350    
                     oneselect shift        350      /* because oneselect==selectnowith */
                        values shift        688    
                       mvalues shift        677    

State 18:
          cmd ::= createkw temp VIEW ifnotexists nm dbnm eidlist_opt AS * select
          select ::= * WITH wqlist selectnowith
          select ::= * WITH RECURSIVE wqlist selectnowith
          select ::= * selectnowith
          selectnowith ::= * oneselect
          selectnowith ::= * selectnowith multiselect_op oneselect
          oneselect ::= * SELECT distinct selcollist from where_opt groupby_opt having_opt orderby_opt limit_opt
          oneselect ::= * SELECT distinct selcollist from where_opt groupby_opt having_opt window_clause orderby_opt limit_opt
          oneselect ::= * values
          values ::= * VALUES LP nexprlist RP
          oneselect ::= * mvalues
          mvalues ::= * values COMMA LP nexprlist RP
          mvalues ::= * mvalues COMMA LP nexprlist RP

                          WITH shift        55     
                        SELECT shift        384    
                        VALUES shift        682    
                        select shift-reduce 82     cmd ::= createkw temp VIEW ifnotexists nm dbnm eidlist_opt AS select
                  selectnowith shift        350    
                     oneselect shift        350      /* because oneselect==selectnowith */
                        values shift        688    
                       mvalues shift        677    

State 19:
          create_table_args ::= AS * select
          select ::= * WITH wqlist selectnowith
          select ::= * WITH RECURSIVE wqlist selectnowith
          select ::= * selectnowith
          selectnowith ::= * oneselect
          selectnowith ::= * selectnowith multiselect_op oneselect
          oneselect ::= * SELECT distinct selcollist from where_opt groupby_opt having_opt orderby_opt limit_opt
          oneselect ::= * SELECT distinct selcollist from where_opt groupby_opt having_opt window_clause orderby_opt limit_opt
          oneselect ::= * values
          values ::= * VALUES LP nexprlist RP
          oneselect ::= * mvalues
          mvalues ::= * values COMMA LP nexprlist RP
          mvalues ::= * mvalues COMMA LP nexprlist RP

                          WITH shift        55     
                        SELECT shift        384    
                        VALUES shift        682    
                        select shift-reduce 20     create_table_args ::= AS select
                  selectnowith shift        350    
                     oneselect shift        350      /* because oneselect==selectnowith */
                        values shift        688    
                       mvalues shift        677    

State 20:
          select ::= * WITH wqlist selectnowith
          select ::= * WITH RECURSIVE wqlist selectnowith
          select ::= * selectnowith
          selectnowith ::= * oneselect
          selectnowith ::= * selectnowith multiselect_op oneselect
          oneselect ::= * SELECT distinct selcollist from where_opt groupby_opt having_opt orderby_opt limit_opt
          oneselect ::= * SELECT distinct selcollist from where_opt groupby_opt having_opt window_clause orderby_opt limit_opt
          oneselect ::= * values
          values ::= * VALUES LP nexprlist RP
          oneselect ::= * mvalues
          mvalues ::= * values COMMA LP nexprlist RP
          mvalues ::= * mvalues COMMA LP nexprlist RP
          wqitem ::= withnm eidlist_opt wqas LP * select RP

                          WITH shift        55     
                        SELECT shift        384    
                        VALUES shift        682    
                        select shift        641    
                  selectnowith shift        350    
                     oneselect shift        350      /* because oneselect==selectnowith */
                        values shift        688    
                       mvalues shift        677    

State 21:
          select ::= * WITH wqlist selectnowith
          select ::= * WITH RECURSIVE wqlist selectnowith
          select ::= * selectnowith
          selectnowith ::= * oneselect
          selectnowith ::= * selectnowith multiselect_op oneselect
          oneselect ::= * SELECT distinct selcollist from where_opt groupby_opt having_opt orderby_opt limit_opt
          oneselect ::= * SELECT distinct selcollist from where_opt groupby_opt having_opt window_clause orderby_opt limit_opt
          oneselect ::= * values
          values ::= * VALUES LP nexprlist RP
          oneselect ::= * mvalues
          mvalues ::= * values COMMA LP nexprlist RP
          mvalues ::= * mvalues COMMA LP nexprlist RP
          expr ::= EXISTS LP * select RP

                          WITH shift        55     
                        SELECT shift        384    
                        VALUES shift        682    
                        select shift        675    
                  selectnowith shift        350    
                     oneselect shift        350      /* because oneselect==selectnowith */
                        values shift        688    
                       mvalues shift        677    

State 22:
          sortlist ::= expr * sortorder nulls
          sortorder ::= * ASC
          sortorder ::= * DESC
    (140) sortorder ::= *
          expr ::= expr * COLLATE ID|STRING
          expr ::= expr * AND expr
          expr ::= expr * OR expr
          expr ::= expr * LT|GT|GE|LE expr
          expr ::= expr * EQ|NE expr
          expr ::= expr * BITAND|BITOR|LSHIFT|RSHIFT expr
          expr ::= expr * PLUS|MINUS expr
          expr ::= expr * STAR|SLASH|REM expr
          expr ::= expr * CONCAT expr
          likeop ::= * LIKE_KW|MATCH
          likeop ::= * NOT LIKE_KW|MATCH
          expr ::= expr * likeop expr
          expr ::= expr * likeop expr ESCAPE expr
          expr ::= expr * ISNULL|NOTNULL
          expr ::= expr * NOT NULL
          expr ::= expr * IS expr
          expr ::= expr * IS NOT expr
          expr ::= expr * IS NOT DISTINCT FROM expr
          expr ::= expr * IS DISTINCT FROM expr
          expr ::= expr * PTR expr
          between_op ::= * BETWEEN
          between_op ::= * NOT BETWEEN
          expr ::= expr * between_op expr AND expr
          in_op ::= * IN
          in_op ::= * NOT IN
          expr ::= expr * in_op LP exprlist RP
          expr ::= expr * in_op LP select RP
          expr ::= expr * in_op nm dbnm paren_exprlist

                           NOT shift        485    
                           ASC shift-reduce 138    sortorder ::= ASC
                          DESC shift-reduce 139    sortorder ::= DESC
                            OR shift        164    
                           AND shift        165    
                            IS shift        110    
                         MATCH shift-reduce 427    likeop ::= LIKE_KW|MATCH
                       LIKE_KW shift-reduce 427    likeop ::= LIKE_KW|MATCH
                       BETWEEN shift-reduce 218    between_op ::= BETWEEN
                            IN shift-reduce 221    in_op ::= IN
                        ISNULL shift-reduce 208    expr ::= expr ISNULL|NOTNULL
                       NOTNULL shift-reduce 208    expr ::= expr ISNULL|NOTNULL
                            NE shift        162    
                            EQ shift        162    
                            GT shift        163    
                            LE shift        163    
                            LT shift        163    
                            GE shift        163    
                        BITAND shift        161    
                         BITOR shift        161    
                        LSHIFT shift        161    
                        RSHIFT shift        161    
                          PLUS shift        160    
                         MINUS shift        160    
                          STAR shift        159    
                         SLASH shift        159    
                           REM shift        159    
                        CONCAT shift        158    
                           PTR shift        155    
                       COLLATE shift        529    
                     sortorder shift        450    
                        likeop shift        157    
                    between_op shift        154    
                         in_op shift        281    
                     {default} reduce       140    sortorder ::=

State 23:
          sortlist ::= sortlist COMMA expr * sortorder nulls
          sortorder ::= * ASC
          sortorder ::= * DESC
    (140) sortorder ::= *
          expr ::= expr * COLLATE ID|STRING
          expr ::= expr * AND expr
          expr ::= expr * OR expr
          expr ::= expr * LT|GT|GE|LE expr
          expr ::= expr * EQ|NE expr
          expr ::= expr * BITAND|BITOR|LSHIFT|RSHIFT expr
          expr ::= expr * PLUS|MINUS expr
          expr ::= expr * STAR|SLASH|REM expr
          expr ::= expr * CONCAT expr
          likeop ::= * LIKE_KW|MATCH
          likeop ::= * NOT LIKE_KW|MATCH
          expr ::= expr * likeop expr
          expr ::= expr * likeop expr ESCAPE expr
          expr ::= expr * ISNULL|NOTNULL
          expr ::= expr * NOT NULL
          expr ::= expr * IS expr
          expr ::= expr * IS NOT expr
          expr ::= expr * IS NOT DISTINCT FROM expr
          expr ::= expr * IS DISTINCT FROM expr
          expr ::= expr * PTR expr
          between_op ::= * BETWEEN
          between_op ::= * NOT BETWEEN
          expr ::= expr * between_op expr AND expr
          in_op ::= * IN
          in_op ::= * NOT IN
          expr ::= expr * in_op LP exprlist RP
          expr ::= expr * in_op LP select RP
          expr ::= expr * in_op nm dbnm paren_exprlist

                           NOT shift        485    
                           ASC shift-reduce 138    sortorder ::= ASC
                          DESC shift-reduce 139    sortorder ::= DESC
                            OR shift        164    
                           AND shift        165    
                            IS shift        110    
                         MATCH shift-reduce 427    likeop ::= LIKE_KW|MATCH
                       LIKE_KW shift-reduce 427    likeop ::= LIKE_KW|MATCH
                       BETWEEN shift-reduce 218    between_op ::= BETWEEN
                            IN shift-reduce 221    in_op ::= IN
                        ISNULL shift-reduce 208    expr ::= expr ISNULL|NOTNULL
                       NOTNULL shift-reduce 208    expr ::= expr ISNULL|NOTNULL
                            NE shift        162    
                            EQ shift        162    
                            GT shift        163    
                            LE shift        163    
                            LT shift        163    
                            GE shift        163    
                        BITAND shift        161    
                         BITOR shift        161    
                        LSHIFT shift        161    
                        RSHIFT shift        161    
                          PLUS shift        160    
                         MINUS shift        160    
                          STAR shift        159    
                         SLASH shift        159    
                           REM shift        159    
                        CONCAT shift        158    
                           PTR shift        155    
                       COLLATE shift        529    
                     sortorder shift        451    
                        likeop shift        157    
                    between_op shift        154    
                         in_op shift        281    
                     {default} reduce       140    sortorder ::=

State 24:
          expr ::= expr * COLLATE ID|STRING
          expr ::= expr * AND expr
          expr ::= expr * OR expr
          expr ::= expr * LT|GT|GE|LE expr
          expr ::= expr * EQ|NE expr
          expr ::= expr * BITAND|BITOR|LSHIFT|RSHIFT expr
          expr ::= expr * PLUS|MINUS expr
          expr ::= expr * STAR|SLASH|REM expr
          expr ::= expr * CONCAT expr
          likeop ::= * LIKE_KW|MATCH
          likeop ::= * NOT LIKE_KW|MATCH
          expr ::= expr * likeop expr
          expr ::= expr * likeop expr ESCAPE expr
          expr ::= expr * ISNULL|NOTNULL
          expr ::= expr * NOT NULL
          expr ::= expr * IS expr
          expr ::= expr * IS NOT expr
          expr ::= expr * IS NOT DISTINCT FROM expr
          expr ::= expr * IS DISTINCT FROM expr
          expr ::= expr * PTR expr
          between_op ::= * BETWEEN
          between_op ::= * NOT BETWEEN
          expr ::= expr * between_op expr AND expr
          in_op ::= * IN
          in_op ::= * NOT IN
          expr ::= expr * in_op LP exprlist RP
          expr ::= expr * in_op LP select RP
          expr ::= expr * in_op nm dbnm paren_exprlist
          cmd ::= ATTACH database_kw_opt expr AS expr * key_opt
    (326) key_opt ::= *
          key_opt ::= * KEY expr

                           NOT shift        485    
                            OR shift        164    
                           AND shift        165    
                            IS shift        110    
                         MATCH shift-reduce 427    likeop ::= LIKE_KW|MATCH
                       LIKE_KW shift-reduce 427    likeop ::= LIKE_KW|MATCH
                       BETWEEN shift-reduce 218    between_op ::= BETWEEN
                            IN shift-reduce 221    in_op ::= IN
                        ISNULL shift-reduce 208    expr ::= expr ISNULL|NOTNULL
                       NOTNULL shift-reduce 208    expr ::= expr ISNULL|NOTNULL
                            NE shift        162    
                            EQ shift        162    
                            GT shift        163    
                            LE shift        163    
                            LT shift        163    
                            GE shift        163    
                           KEY shift        114    
                        BITAND shift        161    
                         BITOR shift        161    
                        LSHIFT shift        161    
                        RSHIFT shift        161    
                          PLUS shift        160    
                         MINUS shift        160    
                          STAR shift        159    
                         SLASH shift        159    
                           REM shift        159    
                        CONCAT shift        158    
                           PTR shift        155    
                       COLLATE shift        529    
                        likeop shift        157    
                    between_op shift        154    
                         in_op shift        281    
                       key_opt shift-reduce 324    cmd ::= ATTACH database_kw_opt expr AS expr key_opt
                     {default} reduce       326    key_opt ::=

State 25:
     (30) scanpt ::= *
          selcollist ::= sclp scanpt expr * scanpt as
          expr ::= expr * COLLATE ID|STRING
          expr ::= expr * AND expr
          expr ::= expr * OR expr
          expr ::= expr * LT|GT|GE|LE expr
          expr ::= expr * EQ|NE expr
          expr ::= expr * BITAND|BITOR|LSHIFT|RSHIFT expr
          expr ::= expr * PLUS|MINUS expr
          expr ::= expr * STAR|SLASH|REM expr
          expr ::= expr * CONCAT expr
          likeop ::= * LIKE_KW|MATCH
          likeop ::= * NOT LIKE_KW|MATCH
          expr ::= expr * likeop expr
          expr ::= expr * likeop expr ESCAPE expr
          expr ::= expr * ISNULL|NOTNULL
          expr ::= expr * NOT NULL
          expr ::= expr * IS expr
          expr ::= expr * IS NOT expr
          expr ::= expr * IS NOT DISTINCT FROM expr
          expr ::= expr * IS DISTINCT FROM expr
          expr ::= expr * PTR expr
          between_op ::= * BETWEEN
          between_op ::= * NOT BETWEEN
          expr ::= expr * between_op expr AND expr
          in_op ::= * IN
          in_op ::= * NOT IN
          expr ::= expr * in_op LP exprlist RP
          expr ::= expr * in_op LP select RP
          expr ::= expr * in_op nm dbnm paren_exprlist

                           NOT shift        485    
                            OR shift        164    
                           AND shift        165    
                            IS shift        110    
                         MATCH shift-reduce 427    likeop ::= LIKE_KW|MATCH
                       LIKE_KW shift-reduce 427    likeop ::= LIKE_KW|MATCH
                       BETWEEN shift-reduce 218    between_op ::= BETWEEN
                            IN shift-reduce 221    in_op ::= IN
                        ISNULL shift-reduce 208    expr ::= expr ISNULL|NOTNULL
                       NOTNULL shift-reduce 208    expr ::= expr ISNULL|NOTNULL
                            NE shift        162    
                            EQ shift        162    
                            GT shift        163    
                            LE shift        163    
                            LT shift        163    
                            GE shift        163    
                        BITAND shift        161    
                         BITOR shift        161    
                        LSHIFT shift        161    
                        RSHIFT shift        161    
                          PLUS shift        160    
                         MINUS shift        160    
                          STAR shift        159    
                         SLASH shift        159    
                           REM shift        159    
                        CONCAT shift        158    
                           PTR shift        155    
                       COLLATE shift        529    
                        scanpt shift        345    
                        likeop shift        157    
                    between_op shift        154    
                         in_op shift        281    
                     {default} reduce       30     scanpt ::=

State 26:
          nm ::= * ID|INDEXED|JOIN_KW
          nm ::= * STRING
          sortlist ::= * sortlist COMMA expr sortorder nulls
          sortlist ::= * expr sortorder nulls
          expr ::= * term
          expr ::= * LP expr RP
          expr ::= * ID|INDEXED|JOIN_KW
          expr ::= * nm DOT nm
          expr ::= * nm DOT nm DOT nm
          term ::= * NULL|FLOAT|BLOB
          term ::= * STRING
          term ::= * INTEGER
          expr ::= * VARIABLE
          expr ::= * expr COLLATE ID|STRING
          expr ::= * CAST LP expr AS typetoken RP
          expr ::= * ID|INDEXED|JOIN_KW LP distinct exprlist RP
          expr ::= * ID|INDEXED|JOIN_KW LP distinct exprlist ORDER BY sortlist RP
          expr ::= * ID|INDEXED|JOIN_KW LP STAR RP
          expr ::= * ID|INDEXED|JOIN_KW LP distinct exprlist RP filter_over
          expr ::= * ID|INDEXED|JOIN_KW LP distinct exprlist ORDER BY sortlist RP filter_over
          expr ::= * ID|INDEXED|JOIN_KW LP STAR RP filter_over
          term ::= * CTIME_KW
          expr ::= * LP nexprlist COMMA expr RP
          expr ::= * expr AND expr
          expr ::= * expr OR expr
          expr ::= * expr LT|GT|GE|LE expr
          expr ::= * expr EQ|NE expr
          expr ::= * expr BITAND|BITOR|LSHIFT|RSHIFT expr
          expr ::= * expr PLUS|MINUS expr
          expr ::= * expr STAR|SLASH|REM expr
          expr ::= * expr CONCAT expr
          expr ::= * expr likeop expr
          expr ::= * expr likeop expr ESCAPE expr
          expr ::= * expr ISNULL|NOTNULL
          expr ::= * expr NOT NULL
          expr ::= * expr IS expr
          expr ::= * expr IS NOT expr
          expr ::= * expr IS NOT DISTINCT FROM expr
          expr ::= * expr IS DISTINCT FROM expr
          expr ::= * NOT expr
          expr ::= * BITNOT expr
          expr ::= * PLUS|MINUS expr
          expr ::= * expr PTR expr
          expr ::= * expr between_op expr AND expr
          expr ::= * expr in_op LP exprlist RP
          expr ::= * LP select RP
          expr ::= * expr in_op LP select RP
          expr ::= * expr in_op nm dbnm paren_exprlist
          expr ::= * EXISTS LP select RP
          expr ::= * CASE case_operand case_exprlist case_else END
          cmd ::= createkw uniqueflag INDEX ifnotexists nm dbnm ON nm LP * sortlist RP where_opt
          expr ::= * RAISE LP IGNORE RP
          expr ::= * RAISE LP raisetype COMMA expr RP
          term ::= * QNUMBER

                           NOT shift        150    
                        EXISTS shift        683    
                            LP shift        4      
                          CAST shift        686    
                            ID shift        530    
                         RAISE shift        680    
                      CTIME_KW shift-reduce 195    term ::= CTIME_KW
                          PLUS shift        148    
                         MINUS shift        148    
                        BITNOT shift        149    
                       INDEXED shift        530    
                        STRING shift        692    
                       JOIN_KW shift        530    
                          NULL shift-reduce 183    term ::= NULL|FLOAT|BLOB
                         FLOAT shift-reduce 183    term ::= NULL|FLOAT|BLOB
                          BLOB shift-reduce 183    term ::= NULL|FLOAT|BLOB
                       INTEGER shift-reduce 185    term ::= INTEGER
                      VARIABLE shift-reduce 186    expr ::= VARIABLE
                          CASE shift        38     
                       QNUMBER shift-reduce 387    term ::= QNUMBER
                            nm shift        691    
                          term shift        22       /* because term==expr */
                          expr shift        22     
                      sortlist shift        496    

State 27:
          nm ::= * ID|INDEXED|JOIN_KW
          nm ::= * STRING
          sortlist ::= * sortlist COMMA expr sortorder nulls
          sortlist ::= * expr sortorder nulls
          upsert ::= ON CONFLICT LP * sortlist RP where_opt DO UPDATE SET setlist where_opt upsert
          upsert ::= ON CONFLICT LP * sortlist RP where_opt DO NOTHING upsert
          expr ::= * term
          expr ::= * LP expr RP
          expr ::= * ID|INDEXED|JOIN_KW
          expr ::= * nm DOT nm
          expr ::= * nm DOT nm DOT nm
          term ::= * NULL|FLOAT|BLOB
          term ::= * STRING
          term ::= * INTEGER
          expr ::= * VARIABLE
          expr ::= * expr COLLATE ID|STRING
          expr ::= * CAST LP expr AS typetoken RP
          expr ::= * ID|INDEXED|JOIN_KW LP distinct exprlist RP
          expr ::= * ID|INDEXED|JOIN_KW LP distinct exprlist ORDER BY sortlist RP
          expr ::= * ID|INDEXED|JOIN_KW LP STAR RP
          expr ::= * ID|INDEXED|JOIN_KW LP distinct exprlist RP filter_over
          expr ::= * ID|INDEXED|JOIN_KW LP distinct exprlist ORDER BY sortlist RP filter_over
          expr ::= * ID|INDEXED|JOIN_KW LP STAR RP filter_over
          term ::= * CTIME_KW
          expr ::= * LP nexprlist COMMA expr RP
          expr ::= * expr AND expr
          expr ::= * expr OR expr
          expr ::= * expr LT|GT|GE|LE expr
          expr ::= * expr EQ|NE expr
          expr ::= * expr BITAND|BITOR|LSHIFT|RSHIFT expr
          expr ::= * expr PLUS|MINUS expr
          expr ::= * expr STAR|SLASH|REM expr
          expr ::= * expr CONCAT expr
          expr ::= * expr likeop expr
          expr ::= * expr likeop expr ESCAPE expr
          expr ::= * expr ISNULL|NOTNULL
          expr ::= * expr NOT NULL
          expr ::= * expr IS expr
          expr ::= * expr IS NOT expr
          expr ::= * expr IS NOT DISTINCT FROM expr
          expr ::= * expr IS DISTINCT FROM expr
          expr ::= * NOT expr
          expr ::= * BITNOT expr
          expr ::= * PLUS|MINUS expr
          expr ::= * expr PTR expr
          expr ::= * expr between_op expr AND expr
          expr ::= * expr in_op LP exprlist RP
          expr ::= * LP select RP
          expr ::= * expr in_op LP select RP
          expr ::= * expr in_op nm dbnm paren_exprlist
          expr ::= * EXISTS LP select RP
          expr ::= * CASE case_operand case_exprlist case_else END
          expr ::= * RAISE LP IGNORE RP
          expr ::= * RAISE LP raisetype COMMA expr RP
          term ::= * QNUMBER

                           NOT shift        150    
                        EXISTS shift        683    
                            LP shift        4      
                          CAST shift        686    
                            ID shift        530    
                         RAISE shift        680    
                      CTIME_KW shift-reduce 195    term ::= CTIME_KW
                          PLUS shift        148    
                         MINUS shift        148    
                        BITNOT shift        149    
                       INDEXED shift        530    
                        STRING shift        692    
                       JOIN_KW shift        530    
                          NULL shift-reduce 183    term ::= NULL|FLOAT|BLOB
                         FLOAT shift-reduce 183    term ::= NULL|FLOAT|BLOB
                          BLOB shift-reduce 183    term ::= NULL|FLOAT|BLOB
                       INTEGER shift-reduce 185    term ::= INTEGER
                      VARIABLE shift-reduce 186    expr ::= VARIABLE
                          CASE shift        38     
                       QNUMBER shift-reduce 387    term ::= QNUMBER
                            nm shift        691    
                          term shift        22       /* because term==expr */
                          expr shift        22     
                      sortlist shift        503    

State 28:
          nm ::= * ID|INDEXED|JOIN_KW
          nm ::= * STRING
          tcons ::= UNIQUE LP * sortlist RP onconf
          sortlist ::= * sortlist COMMA expr sortorder nulls
          sortlist ::= * expr sortorder nulls
          expr ::= * term
          expr ::= * LP expr RP
          expr ::= * ID|INDEXED|JOIN_KW
          expr ::= * nm DOT nm
          expr ::= * nm DOT nm DOT nm
          term ::= * NULL|FLOAT|BLOB
          term ::= * STRING
          term ::= * INTEGER
          expr ::= * VARIABLE
          expr ::= * expr COLLATE ID|STRING
          expr ::= * CAST LP expr AS typetoken RP
          expr ::= * ID|INDEXED|JOIN_KW LP distinct exprlist RP
          expr ::= * ID|INDEXED|JOIN_KW LP distinct exprlist ORDER BY sortlist RP
          expr ::= * ID|INDEXED|JOIN_KW LP STAR RP
          expr ::= * ID|INDEXED|JOIN_KW LP distinct exprlist RP filter_over
          expr ::= * ID|INDEXED|JOIN_KW LP distinct exprlist ORDER BY sortlist RP filter_over
          expr ::= * ID|INDEXED|JOIN_KW LP STAR RP filter_over
          term ::= * CTIME_KW
          expr ::= * LP nexprlist COMMA expr RP
          expr ::= * expr AND expr
          expr ::= * expr OR expr
          expr ::= * expr LT|GT|GE|LE expr
          expr ::= * expr EQ|NE expr
          expr ::= * expr BITAND|BITOR|LSHIFT|RSHIFT expr
          expr ::= * expr PLUS|MINUS expr
          expr ::= * expr STAR|SLASH|REM expr
          expr ::= * expr CONCAT expr
          expr ::= * expr likeop expr
          expr ::= * expr likeop expr ESCAPE expr
          expr ::= * expr ISNULL|NOTNULL
          expr ::= * expr NOT NULL
          expr ::= * expr IS expr
          expr ::= * expr IS NOT expr
          expr ::= * expr IS NOT DISTINCT FROM expr
          expr ::= * expr IS DISTINCT FROM expr
          expr ::= * NOT expr
          expr ::= * BITNOT expr
          expr ::= * PLUS|MINUS expr
          expr ::= * expr PTR expr
          expr ::= * expr between_op expr AND expr
          expr ::= * expr in_op LP exprlist RP
          expr ::= * LP select RP
          expr ::= * expr in_op LP select RP
          expr ::= * expr in_op nm dbnm paren_exprlist
          expr ::= * EXISTS LP select RP
          expr ::= * CASE case_operand case_exprlist case_else END
          expr ::= * RAISE LP IGNORE RP
          expr ::= * RAISE LP raisetype COMMA expr RP
          term ::= * QNUMBER

                           NOT shift        150    
                        EXISTS shift        683    
                            LP shift        4      
                          CAST shift        686    
                            ID shift        530    
                         RAISE shift        680    
                      CTIME_KW shift-reduce 195    term ::= CTIME_KW
                          PLUS shift        148    
                         MINUS shift        148    
                        BITNOT shift        149    
                       INDEXED shift        530    
                        STRING shift        692    
                       JOIN_KW shift        530    
                          NULL shift-reduce 183    term ::= NULL|FLOAT|BLOB
                         FLOAT shift-reduce 183    term ::= NULL|FLOAT|BLOB
                          BLOB shift-reduce 183    term ::= NULL|FLOAT|BLOB
                       INTEGER shift-reduce 185    term ::= INTEGER
                      VARIABLE shift-reduce 186    expr ::= VARIABLE
                          CASE shift        38     
                       QNUMBER shift-reduce 387    term ::= QNUMBER
                            nm shift        691    
                          term shift        22       /* because term==expr */
                          expr shift        22     
                      sortlist shift        511    

State 29:
          nm ::= * ID|INDEXED|JOIN_KW
          nm ::= * STRING
          tcons ::= PRIMARY KEY LP * sortlist autoinc RP onconf
          sortlist ::= * sortlist COMMA expr sortorder nulls
          sortlist ::= * expr sortorder nulls
          expr ::= * term
          expr ::= * LP expr RP
          expr ::= * ID|INDEXED|JOIN_KW
          expr ::= * nm DOT nm
          expr ::= * nm DOT nm DOT nm
          term ::= * NULL|FLOAT|BLOB
          term ::= * STRING
          term ::= * INTEGER
          expr ::= * VARIABLE
          expr ::= * expr COLLATE ID|STRING
          expr ::= * CAST LP expr AS typetoken RP
          expr ::= * ID|INDEXED|JOIN_KW LP distinct exprlist RP
          expr ::= * ID|INDEXED|JOIN_KW LP distinct exprlist ORDER BY sortlist RP
          expr ::= * ID|INDEXED|JOIN_KW LP STAR RP
          expr ::= * ID|INDEXED|JOIN_KW LP distinct exprlist RP filter_over
          expr ::= * ID|INDEXED|JOIN_KW LP distinct exprlist ORDER BY sortlist RP filter_over
          expr ::= * ID|INDEXED|JOIN_KW LP STAR RP filter_over
          term ::= * CTIME_KW
          expr ::= * LP nexprlist COMMA expr RP
          expr ::= * expr AND expr
          expr ::= * expr OR expr
          expr ::= * expr LT|GT|GE|LE expr
          expr ::= * expr EQ|NE expr
          expr ::= * expr BITAND|BITOR|LSHIFT|RSHIFT expr
          expr ::= * expr PLUS|MINUS expr
          expr ::= * expr STAR|SLASH|REM expr
          expr ::= * expr CONCAT expr
          expr ::= * expr likeop expr
          expr ::= * expr likeop expr ESCAPE expr
          expr ::= * expr ISNULL|NOTNULL
          expr ::= * expr NOT NULL
          expr ::= * expr IS expr
          expr ::= * expr IS NOT expr
          expr ::= * expr IS NOT DISTINCT FROM expr
          expr ::= * expr IS DISTINCT FROM expr
          expr ::= * NOT expr
          expr ::= * BITNOT expr
          expr ::= * PLUS|MINUS expr
          expr ::= * expr PTR expr
          expr ::= * expr between_op expr AND expr
          expr ::= * expr in_op LP exprlist RP
          expr ::= * LP select RP
          expr ::= * expr in_op LP select RP
          expr ::= * expr in_op nm dbnm paren_exprlist
          expr ::= * EXISTS LP select RP
          expr ::= * CASE case_operand case_exprlist case_else END
          expr ::= * RAISE LP IGNORE RP
          expr ::= * RAISE LP raisetype COMMA expr RP
          term ::= * QNUMBER

                           NOT shift        150    
                        EXISTS shift        683    
                            LP shift        4      
                          CAST shift        686    
                            ID shift        530    
                         RAISE shift        680    
                      CTIME_KW shift-reduce 195    term ::= CTIME_KW
                          PLUS shift        148    
                         MINUS shift        148    
                        BITNOT shift        149    
                       INDEXED shift        530    
                        STRING shift        692    
                       JOIN_KW shift        530    
                          NULL shift-reduce 183    term ::= NULL|FLOAT|BLOB
                         FLOAT shift-reduce 183    term ::= NULL|FLOAT|BLOB
                          BLOB shift-reduce 183    term ::= NULL|FLOAT|BLOB
                       INTEGER shift-reduce 185    term ::= INTEGER
                      VARIABLE shift-reduce 186    expr ::= VARIABLE
                          CASE shift        38     
                       QNUMBER shift-reduce 387    term ::= QNUMBER
                            nm shift        691    
                          term shift        22       /* because term==expr */
                          expr shift        22     
                      sortlist shift        370    

State 30:
          nm ::= * ID|INDEXED|JOIN_KW
          nm ::= * STRING
          sortlist ::= * sortlist COMMA expr sortorder nulls
          sortlist ::= * expr sortorder nulls
          expr ::= * term
          expr ::= * LP expr RP
          expr ::= * ID|INDEXED|JOIN_KW
          expr ::= * nm DOT nm
          expr ::= * nm DOT nm DOT nm
          term ::= * NULL|FLOAT|BLOB
          term ::= * STRING
          term ::= * INTEGER
          expr ::= * VARIABLE
          expr ::= * expr COLLATE ID|STRING
          expr ::= * CAST LP expr AS typetoken RP
          expr ::= * ID|INDEXED|JOIN_KW LP distinct exprlist RP
          expr ::= * ID|INDEXED|JOIN_KW LP distinct exprlist ORDER BY sortlist RP
          expr ::= ID|INDEXED|JOIN_KW LP distinct exprlist ORDER BY * sortlist RP
          expr ::= * ID|INDEXED|JOIN_KW LP STAR RP
          expr ::= * ID|INDEXED|JOIN_KW LP distinct exprlist RP filter_over
          expr ::= * ID|INDEXED|JOIN_KW LP distinct exprlist ORDER BY sortlist RP filter_over
          expr ::= ID|INDEXED|JOIN_KW LP distinct exprlist ORDER BY * sortlist RP filter_over
          expr ::= * ID|INDEXED|JOIN_KW LP STAR RP filter_over
          term ::= * CTIME_KW
          expr ::= * LP nexprlist COMMA expr RP
          expr ::= * expr AND expr
          expr ::= * expr OR expr
          expr ::= * expr LT|GT|GE|LE expr
          expr ::= * expr EQ|NE expr
          expr ::= * expr BITAND|BITOR|LSHIFT|RSHIFT expr
          expr ::= * expr PLUS|MINUS expr
          expr ::= * expr STAR|SLASH|REM expr
          expr ::= * expr CONCAT expr
          expr ::= * expr likeop expr
          expr ::= * expr likeop expr ESCAPE expr
          expr ::= * expr ISNULL|NOTNULL
          expr ::= * expr NOT NULL
          expr ::= * expr IS expr
          expr ::= * expr IS NOT expr
          expr ::= * expr IS NOT DISTINCT FROM expr
          expr ::= * expr IS DISTINCT FROM expr
          expr ::= * NOT expr
          expr ::= * BITNOT expr
          expr ::= * PLUS|MINUS expr
          expr ::= * expr PTR expr
          expr ::= * expr between_op expr AND expr
          expr ::= * expr in_op LP exprlist RP
          expr ::= * LP select RP
          expr ::= * expr in_op LP select RP
          expr ::= * expr in_op nm dbnm paren_exprlist
          expr ::= * EXISTS LP select RP
          expr ::= * CASE case_operand case_exprlist case_else END
          expr ::= * RAISE LP IGNORE RP
          expr ::= * RAISE LP raisetype COMMA expr RP
          term ::= * QNUMBER

                           NOT shift        150    
                        EXISTS shift        683    
                            LP shift        4      
                          CAST shift        686    
                            ID shift        530    
                         RAISE shift        680    
                      CTIME_KW shift-reduce 195    term ::= CTIME_KW
                          PLUS shift        148    
                         MINUS shift        148    
                        BITNOT shift        149    
                       INDEXED shift        530    
                        STRING shift        692    
                       JOIN_KW shift        530    
                          NULL shift-reduce 183    term ::= NULL|FLOAT|BLOB
                         FLOAT shift-reduce 183    term ::= NULL|FLOAT|BLOB
                          BLOB shift-reduce 183    term ::= NULL|FLOAT|BLOB
                       INTEGER shift-reduce 185    term ::= INTEGER
                      VARIABLE shift-reduce 186    expr ::= VARIABLE
                          CASE shift        38     
                       QNUMBER shift-reduce 387    term ::= QNUMBER
                            nm shift        691    
                          term shift        22       /* because term==expr */
                          expr shift        22     
                      sortlist shift        516    

State 31:
          nm ::= * ID|INDEXED|JOIN_KW
          nm ::= * STRING
          groupby_opt ::= GROUP BY * nexprlist
          expr ::= * term
          expr ::= * LP expr RP
          expr ::= * ID|INDEXED|JOIN_KW
          expr ::= * nm DOT nm
          expr ::= * nm DOT nm DOT nm
          term ::= * NULL|FLOAT|BLOB
          term ::= * STRING
          term ::= * INTEGER
          expr ::= * VARIABLE
          expr ::= * expr COLLATE ID|STRING
          expr ::= * CAST LP expr AS typetoken RP
          expr ::= * ID|INDEXED|JOIN_KW LP distinct exprlist RP
          expr ::= * ID|INDEXED|JOIN_KW LP distinct exprlist ORDER BY sortlist RP
          expr ::= * ID|INDEXED|JOIN_KW LP STAR RP
          expr ::= * ID|INDEXED|JOIN_KW LP distinct exprlist RP filter_over
          expr ::= * ID|INDEXED|JOIN_KW LP distinct exprlist ORDER BY sortlist RP filter_over
          expr ::= * ID|INDEXED|JOIN_KW LP STAR RP filter_over
          term ::= * CTIME_KW
          expr ::= * LP nexprlist COMMA expr RP
          expr ::= * expr AND expr
          expr ::= * expr OR expr
          expr ::= * expr LT|GT|GE|LE expr
          expr ::= * expr EQ|NE expr
          expr ::= * expr BITAND|BITOR|LSHIFT|RSHIFT expr
          expr ::= * expr PLUS|MINUS expr
          expr ::= * expr STAR|SLASH|REM expr
          expr ::= * expr CONCAT expr
          expr ::= * expr likeop expr
          expr ::= * expr likeop expr ESCAPE expr
          expr ::= * expr ISNULL|NOTNULL
          expr ::= * expr NOT NULL
          expr ::= * expr IS expr
          expr ::= * expr IS NOT expr
          expr ::= * expr IS NOT DISTINCT FROM expr
          expr ::= * expr IS DISTINCT FROM expr
          expr ::= * NOT expr
          expr ::= * BITNOT expr
          expr ::= * PLUS|MINUS expr
          expr ::= * expr PTR expr
          expr ::= * expr between_op expr AND expr
          expr ::= * expr in_op LP exprlist RP
          expr ::= * LP select RP
          expr ::= * expr in_op LP select RP
          expr ::= * expr in_op nm dbnm paren_exprlist
          expr ::= * EXISTS LP select RP
          expr ::= * CASE case_operand case_exprlist case_else END
          nexprlist ::= * nexprlist COMMA expr
          nexprlist ::= * expr
          expr ::= * RAISE LP IGNORE RP
          expr ::= * RAISE LP raisetype COMMA expr RP
          term ::= * QNUMBER

                           NOT shift        150    
                        EXISTS shift        683    
                            LP shift        4      
                          CAST shift        686    
                            ID shift        530    
                         RAISE shift        680    
                      CTIME_KW shift-reduce 195    term ::= CTIME_KW
                          PLUS shift        148    
                         MINUS shift        148    
                        BITNOT shift        149    
                       INDEXED shift        530    
                        STRING shift        692    
                       JOIN_KW shift        530    
                          NULL shift-reduce 183    term ::= NULL|FLOAT|BLOB
                         FLOAT shift-reduce 183    term ::= NULL|FLOAT|BLOB
                          BLOB shift-reduce 183    term ::= NULL|FLOAT|BLOB
                       INTEGER shift-reduce 185    term ::= INTEGER
                      VARIABLE shift-reduce 186    expr ::= VARIABLE
                          CASE shift        38     
                       QNUMBER shift-reduce 387    term ::= QNUMBER
                            nm shift        691    
                          term shift        101      /* because term==expr */
                          expr shift        101    
                     nexprlist shift        651    

State 32:
          nm ::= * ID|INDEXED|JOIN_KW
          nm ::= * STRING
          sortlist ::= * sortlist COMMA expr sortorder nulls
          sortlist ::= * expr sortorder nulls
          expr ::= * term
          expr ::= * LP expr RP
          expr ::= * ID|INDEXED|JOIN_KW
          expr ::= * nm DOT nm
          expr ::= * nm DOT nm DOT nm
          term ::= * NULL|FLOAT|BLOB
          term ::= * STRING
          term ::= * INTEGER
          expr ::= * VARIABLE
          expr ::= * expr COLLATE ID|STRING
          expr ::= * CAST LP expr AS typetoken RP
          expr ::= * ID|INDEXED|JOIN_KW LP distinct exprlist RP
          expr ::= * ID|INDEXED|JOIN_KW LP distinct exprlist ORDER BY sortlist RP
          expr ::= * ID|INDEXED|JOIN_KW LP STAR RP
          expr ::= * ID|INDEXED|JOIN_KW LP distinct exprlist RP filter_over
          expr ::= * ID|INDEXED|JOIN_KW LP distinct exprlist ORDER BY sortlist RP filter_over
          expr ::= * ID|INDEXED|JOIN_KW LP STAR RP filter_over
          term ::= * CTIME_KW
          expr ::= * LP nexprlist COMMA expr RP
          expr ::= * expr AND expr
          expr ::= * expr OR expr
          expr ::= * expr LT|GT|GE|LE expr
          expr ::= * expr EQ|NE expr
          expr ::= * expr BITAND|BITOR|LSHIFT|RSHIFT expr
          expr ::= * expr PLUS|MINUS expr
          expr ::= * expr STAR|SLASH|REM expr
          expr ::= * expr CONCAT expr
          expr ::= * expr likeop expr
          expr ::= * expr likeop expr ESCAPE expr
          expr ::= * expr ISNULL|NOTNULL
          expr ::= * expr NOT NULL
          expr ::= * expr IS expr
          expr ::= * expr IS NOT expr
          expr ::= * expr IS NOT DISTINCT FROM expr
          expr ::= * expr IS DISTINCT FROM expr
          expr ::= * NOT expr
          expr ::= * BITNOT expr
          expr ::= * PLUS|MINUS expr
          expr ::= * expr PTR expr
          expr ::= * expr between_op expr AND expr
          expr ::= * expr in_op LP exprlist RP
          expr ::= * LP select RP
          expr ::= * expr in_op LP select RP
          expr ::= * expr in_op nm dbnm paren_exprlist
          expr ::= * EXISTS LP select RP
          expr ::= * CASE case_operand case_exprlist case_else END
          expr ::= * RAISE LP IGNORE RP
          expr ::= * RAISE LP raisetype COMMA expr RP
          window ::= ORDER BY * sortlist frame_opt
          term ::= * QNUMBER

                           NOT shift        150    
                        EXISTS shift        683    
                            LP shift        4      
                          CAST shift        686    
                            ID shift        530    
                         RAISE shift        680    
                      CTIME_KW shift-reduce 195    term ::= CTIME_KW
                          PLUS shift        148    
                         MINUS shift        148    
                        BITNOT shift        149    
                       INDEXED shift        530    
                        STRING shift        692    
                       JOIN_KW shift        530    
                          NULL shift-reduce 183    term ::= NULL|FLOAT|BLOB
                         FLOAT shift-reduce 183    term ::= NULL|FLOAT|BLOB
                          BLOB shift-reduce 183    term ::= NULL|FLOAT|BLOB
                       INTEGER shift-reduce 185    term ::= INTEGER
                      VARIABLE shift-reduce 186    expr ::= VARIABLE
                          CASE shift        38     
                       QNUMBER shift-reduce 387    term ::= QNUMBER
                            nm shift        691    
                          term shift        22       /* because term==expr */
                          expr shift        22     
                      sortlist shift        246    

State 33:
          nm ::= * ID|INDEXED|JOIN_KW
          nm ::= * STRING
          sortlist ::= * sortlist COMMA expr sortorder nulls
          sortlist ::= * expr sortorder nulls
          expr ::= * term
          expr ::= * LP expr RP
          expr ::= * ID|INDEXED|JOIN_KW
          expr ::= * nm DOT nm
          expr ::= * nm DOT nm DOT nm
          term ::= * NULL|FLOAT|BLOB
          term ::= * STRING
          term ::= * INTEGER
          expr ::= * VARIABLE
          expr ::= * expr COLLATE ID|STRING
          expr ::= * CAST LP expr AS typetoken RP
          expr ::= * ID|INDEXED|JOIN_KW LP distinct exprlist RP
          expr ::= * ID|INDEXED|JOIN_KW LP distinct exprlist ORDER BY sortlist RP
          expr ::= * ID|INDEXED|JOIN_KW LP STAR RP
          expr ::= * ID|INDEXED|JOIN_KW LP distinct exprlist RP filter_over
          expr ::= * ID|INDEXED|JOIN_KW LP distinct exprlist ORDER BY sortlist RP filter_over
          expr ::= * ID|INDEXED|JOIN_KW LP STAR RP filter_over
          term ::= * CTIME_KW
          expr ::= * LP nexprlist COMMA expr RP
          expr ::= * expr AND expr
          expr ::= * expr OR expr
          expr ::= * expr LT|GT|GE|LE expr
          expr ::= * expr EQ|NE expr
          expr ::= * expr BITAND|BITOR|LSHIFT|RSHIFT expr
          expr ::= * expr PLUS|MINUS expr
          expr ::= * expr STAR|SLASH|REM expr
          expr ::= * expr CONCAT expr
          expr ::= * expr likeop expr
          expr ::= * expr likeop expr ESCAPE expr
          expr ::= * expr ISNULL|NOTNULL
          expr ::= * expr NOT NULL
          expr ::= * expr IS expr
          expr ::= * expr IS NOT expr
          expr ::= * expr IS NOT DISTINCT FROM expr
          expr ::= * expr IS DISTINCT FROM expr
          expr ::= * NOT expr
          expr ::= * BITNOT expr
          expr ::= * PLUS|MINUS expr
          expr ::= * expr PTR expr
          expr ::= * expr between_op expr AND expr
          expr ::= * expr in_op LP exprlist RP
          expr ::= * LP select RP
          expr ::= * expr in_op LP select RP
          expr ::= * expr in_op nm dbnm paren_exprlist
          expr ::= * EXISTS LP select RP
          expr ::= * CASE case_operand case_exprlist case_else END
          expr ::= * RAISE LP IGNORE RP
          expr ::= * RAISE LP raisetype COMMA expr RP
          window ::= nm ORDER BY * sortlist frame_opt
          term ::= * QNUMBER

                           NOT shift        150    
                        EXISTS shift        683    
                            LP shift        4      
                          CAST shift        686    
                            ID shift        530    
                         RAISE shift        680    
                      CTIME_KW shift-reduce 195    term ::= CTIME_KW
                          PLUS shift        148    
                         MINUS shift        148    
                        BITNOT shift        149    
                       INDEXED shift        530    
                        STRING shift        692    
                       JOIN_KW shift        530    
                          NULL shift-reduce 183    term ::= NULL|FLOAT|BLOB
                         FLOAT shift-reduce 183    term ::= NULL|FLOAT|BLOB
                          BLOB shift-reduce 183    term ::= NULL|FLOAT|BLOB
                       INTEGER shift-reduce 185    term ::= INTEGER
                      VARIABLE shift-reduce 186    expr ::= VARIABLE
                          CASE shift        38     
                       QNUMBER shift-reduce 387    term ::= QNUMBER
                            nm shift        691    
                          term shift        22       /* because term==expr */
                          expr shift        22     
                      sortlist shift        247    

State 34:
          nm ::= * ID|INDEXED|JOIN_KW
          nm ::= * STRING
          expr ::= * term
          expr ::= * LP expr RP
          expr ::= * ID|INDEXED|JOIN_KW
          expr ::= * nm DOT nm
          expr ::= * nm DOT nm DOT nm
          term ::= * NULL|FLOAT|BLOB
          term ::= * STRING
          term ::= * INTEGER
          expr ::= * VARIABLE
          expr ::= * expr COLLATE ID|STRING
          expr ::= * CAST LP expr AS typetoken RP
          expr ::= * ID|INDEXED|JOIN_KW LP distinct exprlist RP
          expr ::= * ID|INDEXED|JOIN_KW LP distinct exprlist ORDER BY sortlist RP
          expr ::= * ID|INDEXED|JOIN_KW LP STAR RP
          expr ::= * ID|INDEXED|JOIN_KW LP distinct exprlist RP filter_over
          expr ::= * ID|INDEXED|JOIN_KW LP distinct exprlist ORDER BY sortlist RP filter_over
          expr ::= * ID|INDEXED|JOIN_KW LP STAR RP filter_over
          term ::= * CTIME_KW
          expr ::= * LP nexprlist COMMA expr RP
          expr ::= * expr AND expr
          expr ::= * expr OR expr
          expr ::= * expr LT|GT|GE|LE expr
          expr ::= * expr EQ|NE expr
          expr ::= * expr BITAND|BITOR|LSHIFT|RSHIFT expr
          expr ::= * expr PLUS|MINUS expr
          expr ::= * expr STAR|SLASH|REM expr
          expr ::= * expr CONCAT expr
          expr ::= * expr likeop expr
          expr ::= * expr likeop expr ESCAPE expr
          expr ::= * expr ISNULL|NOTNULL
          expr ::= * expr NOT NULL
          expr ::= * expr IS expr
          expr ::= * expr IS NOT expr
          expr ::= * expr IS NOT DISTINCT FROM expr
          expr ::= * expr IS DISTINCT FROM expr
          expr ::= * NOT expr
          expr ::= * BITNOT expr
          expr ::= * PLUS|MINUS expr
          expr ::= * expr PTR expr
          expr ::= * expr between_op expr AND expr
          expr ::= * expr in_op LP exprlist RP
          expr ::= * LP select RP
          expr ::= * expr in_op LP select RP
          expr ::= * expr in_op nm dbnm paren_exprlist
          expr ::= * EXISTS LP select RP
          expr ::= * CASE case_operand case_exprlist case_else END
          nexprlist ::= * nexprlist COMMA expr
          nexprlist ::= * expr
          expr ::= * RAISE LP IGNORE RP
          expr ::= * RAISE LP raisetype COMMA expr RP
          window ::= nm PARTITION BY * nexprlist orderby_opt frame_opt
          term ::= * QNUMBER

                           NOT shift        150    
                        EXISTS shift        683    
                            LP shift        4      
                          CAST shift        686    
                            ID shift        530    
                         RAISE shift        680    
                      CTIME_KW shift-reduce 195    term ::= CTIME_KW
                          PLUS shift        148    
                         MINUS shift        148    
                        BITNOT shift        149    
                       INDEXED shift        530    
                        STRING shift        692    
                       JOIN_KW shift        530    
                          NULL shift-reduce 183    term ::= NULL|FLOAT|BLOB
                         FLOAT shift-reduce 183    term ::= NULL|FLOAT|BLOB
                          BLOB shift-reduce 183    term ::= NULL|FLOAT|BLOB
                       INTEGER shift-reduce 185    term ::= INTEGER
                      VARIABLE shift-reduce 186    expr ::= VARIABLE
                          CASE shift        38     
                       QNUMBER shift-reduce 387    term ::= QNUMBER
                            nm shift        691    
                          term shift        101      /* because term==expr */
                          expr shift        101    
                     nexprlist shift        380    

State 35:
          nm ::= * ID|INDEXED|JOIN_KW
          nm ::= * STRING
          expr ::= * term
          expr ::= * LP expr RP
          expr ::= * ID|INDEXED|JOIN_KW
          expr ::= * nm DOT nm
          expr ::= * nm DOT nm DOT nm
          term ::= * NULL|FLOAT|BLOB
          term ::= * STRING
          term ::= * INTEGER
          expr ::= * VARIABLE
          expr ::= * expr COLLATE ID|STRING
          expr ::= * CAST LP expr AS typetoken RP
          expr ::= * ID|INDEXED|JOIN_KW LP distinct exprlist RP
          expr ::= * ID|INDEXED|JOIN_KW LP distinct exprlist ORDER BY sortlist RP
          expr ::= * ID|INDEXED|JOIN_KW LP STAR RP
          expr ::= * ID|INDEXED|JOIN_KW LP distinct exprlist RP filter_over
          expr ::= * ID|INDEXED|JOIN_KW LP distinct exprlist ORDER BY sortlist RP filter_over
          expr ::= * ID|INDEXED|JOIN_KW LP STAR RP filter_over
          term ::= * CTIME_KW
          expr ::= * LP nexprlist COMMA expr RP
          expr ::= * expr AND expr
          expr ::= * expr OR expr
          expr ::= * expr LT|GT|GE|LE expr
          expr ::= * expr EQ|NE expr
          expr ::= * expr BITAND|BITOR|LSHIFT|RSHIFT expr
          expr ::= * expr PLUS|MINUS expr
          expr ::= * expr STAR|SLASH|REM expr
          expr ::= * expr CONCAT expr
          expr ::= * expr likeop expr
          expr ::= * expr likeop expr ESCAPE expr
          expr ::= * expr ISNULL|NOTNULL
          expr ::= * expr NOT NULL
          expr ::= * expr IS expr
          expr ::= * expr IS NOT expr
          expr ::= * expr IS NOT DISTINCT FROM expr
          expr ::= * expr IS DISTINCT FROM expr
          expr ::= * NOT expr
          expr ::= * BITNOT expr
          expr ::= * PLUS|MINUS expr
          expr ::= * expr PTR expr
          expr ::= * expr between_op expr AND expr
          expr ::= * expr in_op LP exprlist RP
          expr ::= * LP select RP
          expr ::= * expr in_op LP select RP
          expr ::= * expr in_op nm dbnm paren_exprlist
          expr ::= * EXISTS LP select RP
          expr ::= * CASE case_operand case_exprlist case_else END
          nexprlist ::= * nexprlist COMMA expr
          nexprlist ::= * expr
          expr ::= * RAISE LP IGNORE RP
          expr ::= * RAISE LP raisetype COMMA expr RP
          window ::= PARTITION BY * nexprlist orderby_opt frame_opt
          term ::= * QNUMBER

                           NOT shift        150    
                        EXISTS shift        683    
                            LP shift        4      
                          CAST shift        686    
                            ID shift        530    
                         RAISE shift        680    
                      CTIME_KW shift-reduce 195    term ::= CTIME_KW
                          PLUS shift        148    
                         MINUS shift        148    
                        BITNOT shift        149    
                       INDEXED shift        530    
                        STRING shift        692    
                       JOIN_KW shift        530    
                          NULL shift-reduce 183    term ::= NULL|FLOAT|BLOB
                         FLOAT shift-reduce 183    term ::= NULL|FLOAT|BLOB
                          BLOB shift-reduce 183    term ::= NULL|FLOAT|BLOB
                       INTEGER shift-reduce 185    term ::= INTEGER
                      VARIABLE shift-reduce 186    expr ::= VARIABLE
                          CASE shift        38     
                       QNUMBER shift-reduce 387    term ::= QNUMBER
                            nm shift        691    
                          term shift        101      /* because term==expr */
                          expr shift        101    
                     nexprlist shift        381    

State 36:
          nm ::= * ID|INDEXED|JOIN_KW
          nm ::= * STRING
          orderby_opt ::= ORDER BY * sortlist
          sortlist ::= * sortlist COMMA expr sortorder nulls
          sortlist ::= * expr sortorder nulls
          expr ::= * term
          expr ::= * LP expr RP
          expr ::= * ID|INDEXED|JOIN_KW
          expr ::= * nm DOT nm
          expr ::= * nm DOT nm DOT nm
          term ::= * NULL|FLOAT|BLOB
          term ::= * STRING
          term ::= * INTEGER
          expr ::= * VARIABLE
          expr ::= * expr COLLATE ID|STRING
          expr ::= * CAST LP expr AS typetoken RP
          expr ::= * ID|INDEXED|JOIN_KW LP distinct exprlist RP
          expr ::= * ID|INDEXED|JOIN_KW LP distinct exprlist ORDER BY sortlist RP
          expr ::= * ID|INDEXED|JOIN_KW LP STAR RP
          expr ::= * ID|INDEXED|JOIN_KW LP distinct exprlist RP filter_over
          expr ::= * ID|INDEXED|JOIN_KW LP distinct exprlist ORDER BY sortlist RP filter_over
          expr ::= * ID|INDEXED|JOIN_KW LP STAR RP filter_over
          term ::= * CTIME_KW
          expr ::= * LP nexprlist COMMA expr RP
          expr ::= * expr AND expr
          expr ::= * expr OR expr
          expr ::= * expr LT|GT|GE|LE expr
          expr ::= * expr EQ|NE expr
          expr ::= * expr BITAND|BITOR|LSHIFT|RSHIFT expr
          expr ::= * expr PLUS|MINUS expr
          expr ::= * expr STAR|SLASH|REM expr
          expr ::= * expr CONCAT expr
          expr ::= * expr likeop expr
          expr ::= * expr likeop expr ESCAPE expr
          expr ::= * expr ISNULL|NOTNULL
          expr ::= * expr NOT NULL
          expr ::= * expr IS expr
          expr ::= * expr IS NOT expr
          expr ::= * expr IS NOT DISTINCT FROM expr
          expr ::= * expr IS DISTINCT FROM expr
          expr ::= * NOT expr
          expr ::= * BITNOT expr
          expr ::= * PLUS|MINUS expr
          expr ::= * expr PTR expr
          expr ::= * expr between_op expr AND expr
          expr ::= * expr in_op LP exprlist RP
          expr ::= * LP select RP
          expr ::= * expr in_op LP select RP
          expr ::= * expr in_op nm dbnm paren_exprlist
          expr ::= * EXISTS LP select RP
          expr ::= * CASE case_operand case_exprlist case_else END
          expr ::= * RAISE LP IGNORE RP
          expr ::= * RAISE LP raisetype COMMA expr RP
          term ::= * QNUMBER

                           NOT shift        150    
                        EXISTS shift        683    
                            LP shift        4      
                          CAST shift        686    
                            ID shift        530    
                         RAISE shift        680    
                      CTIME_KW shift-reduce 195    term ::= CTIME_KW
                          PLUS shift        148    
                         MINUS shift        148    
                        BITNOT shift        149    
                       INDEXED shift        530    
                        STRING shift        692    
                       JOIN_KW shift        530    
                          NULL shift-reduce 183    term ::= NULL|FLOAT|BLOB
                         FLOAT shift-reduce 183    term ::= NULL|FLOAT|BLOB
                          BLOB shift-reduce 183    term ::= NULL|FLOAT|BLOB
                       INTEGER shift-reduce 185    term ::= INTEGER
                      VARIABLE shift-reduce 186    expr ::= VARIABLE
                          CASE shift        38     
                       QNUMBER shift-reduce 387    term ::= QNUMBER
                            nm shift        691    
                          term shift        22       /* because term==expr */
                          expr shift        22     
                      sortlist shift        667    

State 37:
          nm ::= * ID|INDEXED|JOIN_KW
          nm ::= * STRING
          mvalues ::= mvalues COMMA LP * nexprlist RP
          expr ::= * term
          expr ::= * LP expr RP
          expr ::= * ID|INDEXED|JOIN_KW
          expr ::= * nm DOT nm
          expr ::= * nm DOT nm DOT nm
          term ::= * NULL|FLOAT|BLOB
          term ::= * STRING
          term ::= * INTEGER
          expr ::= * VARIABLE
          expr ::= * expr COLLATE ID|STRING
          expr ::= * CAST LP expr AS typetoken RP
          expr ::= * ID|INDEXED|JOIN_KW LP distinct exprlist RP
          expr ::= * ID|INDEXED|JOIN_KW LP distinct exprlist ORDER BY sortlist RP
          expr ::= * ID|INDEXED|JOIN_KW LP STAR RP
          expr ::= * ID|INDEXED|JOIN_KW LP distinct exprlist RP filter_over
          expr ::= * ID|INDEXED|JOIN_KW LP distinct exprlist ORDER BY sortlist RP filter_over
          expr ::= * ID|INDEXED|JOIN_KW LP STAR RP filter_over
          term ::= * CTIME_KW
          expr ::= * LP nexprlist COMMA expr RP
          expr ::= * expr AND expr
          expr ::= * expr OR expr
          expr ::= * expr LT|GT|GE|LE expr
          expr ::= * expr EQ|NE expr
          expr ::= * expr BITAND|BITOR|LSHIFT|RSHIFT expr
          expr ::= * expr PLUS|MINUS expr
          expr ::= * expr STAR|SLASH|REM expr
          expr ::= * expr CONCAT expr
          expr ::= * expr likeop expr
          expr ::= * expr likeop expr ESCAPE expr
          expr ::= * expr ISNULL|NOTNULL
          expr ::= * expr NOT NULL
          expr ::= * expr IS expr
          expr ::= * expr IS NOT expr
          expr ::= * expr IS NOT DISTINCT FROM expr
          expr ::= * expr IS DISTINCT FROM expr
          expr ::= * NOT expr
          expr ::= * BITNOT expr
          expr ::= * PLUS|MINUS expr
          expr ::= * expr PTR expr
          expr ::= * expr between_op expr AND expr
          expr ::= * expr in_op LP exprlist RP
          expr ::= * LP select RP
          expr ::= * expr in_op LP select RP
          expr ::= * expr in_op nm dbnm paren_exprlist
          expr ::= * EXISTS LP select RP
          expr ::= * CASE case_operand case_exprlist case_else END
          nexprlist ::= * nexprlist COMMA expr
          nexprlist ::= * expr
          expr ::= * RAISE LP IGNORE RP
          expr ::= * RAISE LP raisetype COMMA expr RP
          term ::= * QNUMBER

                           NOT shift        150    
                        EXISTS shift        683    
                            LP shift        4      
                          CAST shift        686    
                            ID shift        530    
                         RAISE shift        680    
                      CTIME_KW shift-reduce 195    term ::= CTIME_KW
                          PLUS shift        148    
                         MINUS shift        148    
                        BITNOT shift        149    
                       INDEXED shift        530    
                        STRING shift        692    
                       JOIN_KW shift        530    
                          NULL shift-reduce 183    term ::= NULL|FLOAT|BLOB
                         FLOAT shift-reduce 183    term ::= NULL|FLOAT|BLOB
                          BLOB shift-reduce 183    term ::= NULL|FLOAT|BLOB
                       INTEGER shift-reduce 185    term ::= INTEGER
                      VARIABLE shift-reduce 186    expr ::= VARIABLE
                          CASE shift        38     
                       QNUMBER shift-reduce 387    term ::= QNUMBER
                            nm shift        691    
                          term shift        101      /* because term==expr */
                          expr shift        101    
                     nexprlist shift        523    

State 38:
          nm ::= * ID|INDEXED|JOIN_KW
          nm ::= * STRING
          expr ::= * term
          expr ::= * LP expr RP
          expr ::= * ID|INDEXED|JOIN_KW
          expr ::= * nm DOT nm
          expr ::= * nm DOT nm DOT nm
          term ::= * NULL|FLOAT|BLOB
          term ::= * STRING
          term ::= * INTEGER
          expr ::= * VARIABLE
          expr ::= * expr COLLATE ID|STRING
          expr ::= * CAST LP expr AS typetoken RP
          expr ::= * ID|INDEXED|JOIN_KW LP distinct exprlist RP
          expr ::= * ID|INDEXED|JOIN_KW LP distinct exprlist ORDER BY sortlist RP
          expr ::= * ID|INDEXED|JOIN_KW LP STAR RP
          expr ::= * ID|INDEXED|JOIN_KW LP distinct exprlist RP filter_over
          expr ::= * ID|INDEXED|JOIN_KW LP distinct exprlist ORDER BY sortlist RP filter_over
          expr ::= * ID|INDEXED|JOIN_KW LP STAR RP filter_over
          term ::= * CTIME_KW
          expr ::= * LP nexprlist COMMA expr RP
          expr ::= * expr AND expr
          expr ::= * expr OR expr
          expr ::= * expr LT|GT|GE|LE expr
          expr ::= * expr EQ|NE expr
          expr ::= * expr BITAND|BITOR|LSHIFT|RSHIFT expr
          expr ::= * expr PLUS|MINUS expr
          expr ::= * expr STAR|SLASH|REM expr
          expr ::= * expr CONCAT expr
          expr ::= * expr likeop expr
          expr ::= * expr likeop expr ESCAPE expr
          expr ::= * expr ISNULL|NOTNULL
          expr ::= * expr NOT NULL
          expr ::= * expr IS expr
          expr ::= * expr IS NOT expr
          expr ::= * expr IS NOT DISTINCT FROM expr
          expr ::= * expr IS DISTINCT FROM expr
          expr ::= * NOT expr
          expr ::= * BITNOT expr
          expr ::= * PLUS|MINUS expr
          expr ::= * expr PTR expr
          expr ::= * expr between_op expr AND expr
          expr ::= * expr in_op LP exprlist RP
          expr ::= * LP select RP
          expr ::= * expr in_op LP select RP
          expr ::= * expr in_op nm dbnm paren_exprlist
          expr ::= * EXISTS LP select RP
          expr ::= * CASE case_operand case_exprlist case_else END
          expr ::= CASE * case_operand case_exprlist case_else END
          case_operand ::= * expr
    (233) case_operand ::= *
          expr ::= * RAISE LP IGNORE RP
          expr ::= * RAISE LP raisetype COMMA expr RP
          term ::= * QNUMBER

                           NOT shift        150    
                        EXISTS shift        683    
                            LP shift        4      
                          CAST shift        686    
                            ID shift        530    
                         RAISE shift        680    
                      CTIME_KW shift-reduce 195    term ::= CTIME_KW
                          PLUS shift        148    
                         MINUS shift        148    
                        BITNOT shift        149    
                       INDEXED shift        530    
                        STRING shift        692    
                       JOIN_KW shift        530    
                          NULL shift-reduce 183    term ::= NULL|FLOAT|BLOB
                         FLOAT shift-reduce 183    term ::= NULL|FLOAT|BLOB
                          BLOB shift-reduce 183    term ::= NULL|FLOAT|BLOB
                       INTEGER shift-reduce 185    term ::= INTEGER
                      VARIABLE shift-reduce 186    expr ::= VARIABLE
                          CASE shift        38     
                       QNUMBER shift-reduce 387    term ::= QNUMBER
                            nm shift        691    
                          term shift        100      /* because term==expr */
                          expr shift        100    
                  case_operand shift        456    
                     {default} reduce       233    case_operand ::=

State 39:
          nm ::= * ID|INDEXED|JOIN_KW
          nm ::= * STRING
          values ::= VALUES LP * nexprlist RP
          expr ::= * term
          expr ::= * LP expr RP
          expr ::= * ID|INDEXED|JOIN_KW
          expr ::= * nm DOT nm
          expr ::= * nm DOT nm DOT nm
          term ::= * NULL|FLOAT|BLOB
          term ::= * STRING
          term ::= * INTEGER
          expr ::= * VARIABLE
          expr ::= * expr COLLATE ID|STRING
          expr ::= * CAST LP expr AS typetoken RP
          expr ::= * ID|INDEXED|JOIN_KW LP distinct exprlist RP
          expr ::= * ID|INDEXED|JOIN_KW LP distinct exprlist ORDER BY sortlist RP
          expr ::= * ID|INDEXED|JOIN_KW LP STAR RP
          expr ::= * ID|INDEXED|JOIN_KW LP distinct exprlist RP filter_over
          expr ::= * ID|INDEXED|JOIN_KW LP distinct exprlist ORDER BY sortlist RP filter_over
          expr ::= * ID|INDEXED|JOIN_KW LP STAR RP filter_over
          term ::= * CTIME_KW
          expr ::= * LP nexprlist COMMA expr RP
          expr ::= * expr AND expr
          expr ::= * expr OR expr
          expr ::= * expr LT|GT|GE|LE expr
          expr ::= * expr EQ|NE expr
          expr ::= * expr BITAND|BITOR|LSHIFT|RSHIFT expr
          expr ::= * expr PLUS|MINUS expr
          expr ::= * expr STAR|SLASH|REM expr
          expr ::= * expr CONCAT expr
          expr ::= * expr likeop expr
          expr ::= * expr likeop expr ESCAPE expr
          expr ::= * expr ISNULL|NOTNULL
          expr ::= * expr NOT NULL
          expr ::= * expr IS expr
          expr ::= * expr IS NOT expr
          expr ::= * expr IS NOT DISTINCT FROM expr
          expr ::= * expr IS DISTINCT FROM expr
          expr ::= * NOT expr
          expr ::= * BITNOT expr
          expr ::= * PLUS|MINUS expr
          expr ::= * expr PTR expr
          expr ::= * expr between_op expr AND expr
          expr ::= * expr in_op LP exprlist RP
          expr ::= * LP select RP
          expr ::= * expr in_op LP select RP
          expr ::= * expr in_op nm dbnm paren_exprlist
          expr ::= * EXISTS LP select RP
          expr ::= * CASE case_operand case_exprlist case_else END
          nexprlist ::= * nexprlist COMMA expr
          nexprlist ::= * expr
          expr ::= * RAISE LP IGNORE RP
          expr ::= * RAISE LP raisetype COMMA expr RP
          term ::= * QNUMBER

                           NOT shift        150    
                        EXISTS shift        683    
                            LP shift        4      
                          CAST shift        686    
                            ID shift        530    
                         RAISE shift        680    
                      CTIME_KW shift-reduce 195    term ::= CTIME_KW
                          PLUS shift        148    
                         MINUS shift        148    
                        BITNOT shift        149    
                       INDEXED shift        530    
                        STRING shift        692    
                       JOIN_KW shift        530    
                          NULL shift-reduce 183    term ::= NULL|FLOAT|BLOB
                         FLOAT shift-reduce 183    term ::= NULL|FLOAT|BLOB
                          BLOB shift-reduce 183    term ::= NULL|FLOAT|BLOB
                       INTEGER shift-reduce 185    term ::= INTEGER
                      VARIABLE shift-reduce 186    expr ::= VARIABLE
                          CASE shift        38     
                       QNUMBER shift-reduce 387    term ::= QNUMBER
                            nm shift        691    
                          term shift        101      /* because term==expr */
                          expr shift        101    
                     nexprlist shift        524    

State 40:
          nm ::= * ID|INDEXED|JOIN_KW
          nm ::= * STRING
          mvalues ::= values COMMA LP * nexprlist RP
          expr ::= * term
          expr ::= * LP expr RP
          expr ::= * ID|INDEXED|JOIN_KW
          expr ::= * nm DOT nm
          expr ::= * nm DOT nm DOT nm
          term ::= * NULL|FLOAT|BLOB
          term ::= * STRING
          term ::= * INTEGER
          expr ::= * VARIABLE
          expr ::= * expr COLLATE ID|STRING
          expr ::= * CAST LP expr AS typetoken RP
          expr ::= * ID|INDEXED|JOIN_KW LP distinct exprlist RP
          expr ::= * ID|INDEXED|JOIN_KW LP distinct exprlist ORDER BY sortlist RP
          expr ::= * ID|INDEXED|JOIN_KW LP STAR RP
          expr ::= * ID|INDEXED|JOIN_KW LP distinct exprlist RP filter_over
          expr ::= * ID|INDEXED|JOIN_KW LP distinct exprlist ORDER BY sortlist RP filter_over
          expr ::= * ID|INDEXED|JOIN_KW LP STAR RP filter_over
          term ::= * CTIME_KW
          expr ::= * LP nexprlist COMMA expr RP
          expr ::= * expr AND expr
          expr ::= * expr OR expr
          expr ::= * expr LT|GT|GE|LE expr
          expr ::= * expr EQ|NE expr
          expr ::= * expr BITAND|BITOR|LSHIFT|RSHIFT expr
          expr ::= * expr PLUS|MINUS expr
          expr ::= * expr STAR|SLASH|REM expr
          expr ::= * expr CONCAT expr
          expr ::= * expr likeop expr
          expr ::= * expr likeop expr ESCAPE expr
          expr ::= * expr ISNULL|NOTNULL
          expr ::= * expr NOT NULL
          expr ::= * expr IS expr
          expr ::= * expr IS NOT expr
          expr ::= * expr IS NOT DISTINCT FROM expr
          expr ::= * expr IS DISTINCT FROM expr
          expr ::= * NOT expr
          expr ::= * BITNOT expr
          expr ::= * PLUS|MINUS expr
          expr ::= * expr PTR expr
          expr ::= * expr between_op expr AND expr
          expr ::= * expr in_op LP exprlist RP
          expr ::= * LP select RP
          expr ::= * expr in_op LP select RP
          expr ::= * expr in_op nm dbnm paren_exprlist
          expr ::= * EXISTS LP select RP
          expr ::= * CASE case_operand case_exprlist case_else END
          nexprlist ::= * nexprlist COMMA expr
          nexprlist ::= * expr
          expr ::= * RAISE LP IGNORE RP
          expr ::= * RAISE LP raisetype COMMA expr RP
          term ::= * QNUMBER

                           NOT shift        150    
                        EXISTS shift        683    
                            LP shift        4      
                          CAST shift        686    
                            ID shift        530    
                         RAISE shift        680    
                      CTIME_KW shift-reduce 195    term ::= CTIME_KW
                          PLUS shift        148    
                         MINUS shift        148    
                        BITNOT shift        149    
                       INDEXED shift        530    
                        STRING shift        692    
                       JOIN_KW shift        530    
                          NULL shift-reduce 183    term ::= NULL|FLOAT|BLOB
                         FLOAT shift-reduce 183    term ::= NULL|FLOAT|BLOB
                          BLOB shift-reduce 183    term ::= NULL|FLOAT|BLOB
                       INTEGER shift-reduce 185    term ::= INTEGER
                      VARIABLE shift-reduce 186    expr ::= VARIABLE
                          CASE shift        38     
                       QNUMBER shift-reduce 387    term ::= QNUMBER
                            nm shift        691    
                          term shift        101      /* because term==expr */
                          expr shift        101    
                     nexprlist shift        528    

State 41:
     (30) scanpt ::= *
          trigger_cmd ::= * UPDATE orconf xfullname tridxby SET setlist from where_opt scanpt
          trigger_cmd ::= * scanpt insert_cmd INTO xfullname idlist_opt select upsert scanpt
          trigger_cmd ::= * DELETE FROM xfullname tridxby where_opt scanpt
          trigger_cmd ::= * scanpt select scanpt
          proc_cmd_list ::= proc_cmd_list * proc_cmd SEMI
          proc_cmd ::= * trigger_cmd
          proc_cmd ::= * CALL fullname LP exprlist RP
          proc_cmd ::= * CALL fullname
          proc_cmd ::= * DECLARE nm typetoken
          proc_cmd ::= * DECLARE nm typetoken DEFAULT expr
          proc_cmd ::= * SET nm EQ expr
          proc_cmd ::= * IF expr THEN proc_cmd_list proc_if_tail END IF
    (293) proc_if_tail ::= *
          proc_if_tail ::= * ELSE proc_cmd_list
          proc_if_tail ::= * ELSEIF expr THEN proc_cmd_list proc_if_tail
          proc_if_tail ::= ELSEIF expr THEN proc_cmd_list * proc_if_tail
          proc_cmd ::= * WHILE expr DO proc_cmd_list END WHILE
          proc_cmd ::= * LOOP proc_cmd_list END LOOP
          proc_cmd ::= * LEAVE
          proc_cmd ::= * RETURN
          proc_cmd ::= * RAISE LP IGNORE RP
          proc_cmd ::= * RAISE LP raisetype COMMA expr RP
          proc_cmd ::= * scanpt select scanpt INTO idlist

                           END reduce       293    proc_if_tail ::=
                            IF shift        122    
                         RAISE shift        578    
                          CALL shift        231    
                       DECLARE shift        307    
                        ELSEIF shift        119    
                         LEAVE shift-reduce 298    proc_cmd ::= LEAVE
                          LOOP shift        46     
                        RETURN shift-reduce 299    proc_cmd ::= RETURN
                         WHILE shift        121    
                        DELETE shift        588    
                        UPDATE shift        416    
                           SET shift        306    
                          ELSE shift        48     
                        scanpt shift        7      
                   trigger_cmd shift        587      /* because trigger_cmd==proc_cmd */
                      proc_cmd shift        587    
                  proc_if_tail shift-reduce 295    proc_if_tail ::= ELSEIF expr THEN proc_cmd_list proc_if_tail
                     {default} reduce       30     scanpt ::=

State 42:
     (30) scanpt ::= *
          trigger_cmd ::= * UPDATE orconf xfullname tridxby SET setlist from where_opt scanpt
          trigger_cmd ::= * scanpt insert_cmd INTO xfullname idlist_opt select upsert scanpt
          trigger_cmd ::= * DELETE FROM xfullname tridxby where_opt scanpt
          trigger_cmd ::= * scanpt select scanpt
          proc_cmd_list ::= proc_cmd_list * proc_cmd SEMI
          proc_cmd ::= * trigger_cmd
          proc_cmd ::= * CALL fullname LP exprlist RP
          proc_cmd ::= * CALL fullname
          proc_cmd ::= * DECLARE nm typetoken
          proc_cmd ::= * DECLARE nm typetoken DEFAULT expr
          proc_cmd ::= * SET nm EQ expr
          proc_cmd ::= * IF expr THEN proc_cmd_list proc_if_tail END IF
          proc_cmd ::= IF expr THEN proc_cmd_list * proc_if_tail END IF
    (293) proc_if_tail ::= *
          proc_if_tail ::= * ELSE proc_cmd_list
          proc_if_tail ::= * ELSEIF expr THEN proc_cmd_list proc_if_tail
          proc_cmd ::= * WHILE expr DO proc_cmd_list END WHILE
          proc_cmd ::= * LOOP proc_cmd_list END LOOP
          proc_cmd ::= * LEAVE
          proc_cmd ::= * RETURN
          proc_cmd ::= * RAISE LP IGNORE RP
          proc_cmd ::= * RAISE LP raisetype COMMA expr RP
          proc_cmd ::= * scanpt select scanpt INTO idlist

                           END reduce       293    proc_if_tail ::=
                            IF shift        122    
                         RAISE shift        578    
                          CALL shift        231    
                       DECLARE shift        307    
                        ELSEIF shift        119    
                         LEAVE shift-reduce 298    proc_cmd ::= LEAVE
                          LOOP shift        46     
                        RETURN shift-reduce 299    proc_cmd ::= RETURN
                         WHILE shift        121    
                        DELETE shift        588    
                        UPDATE shift        416    
                           SET shift        306    
                          ELSE shift        48     
                        scanpt shift        7      
                   trigger_cmd shift        587      /* because trigger_cmd==proc_cmd */
                      proc_cmd shift        587    
                  proc_if_tail shift        582    
                     {default} reduce       30     scanpt ::=

State 43:
          nm ::= * ID|INDEXED|JOIN_KW
          nm ::= * STRING
          cmd ::= PRAGMA nm dbnm LP * nmnum RP
          cmd ::= PRAGMA nm dbnm LP * minus_num RP
          nmnum ::= * plus_num
          nmnum ::= * nm
          nmnum ::= * ON
          nmnum ::= * DELETE
          nmnum ::= * DEFAULT
          plus_num ::= * PLUS INTEGER|FLOAT
          plus_num ::= * INTEGER|FLOAT
          minus_num ::= * MINUS INTEGER|FLOAT

                            ID shift-reduce 403    nm ::= ID|INDEXED|JOIN_KW
                          PLUS shift        526    
                         MINUS shift        525    
                            ON shift-reduce 432    nmnum ::= ON
                       INDEXED shift-reduce 403    nm ::= ID|INDEXED|JOIN_KW
                        STRING shift-reduce 404    nm ::= STRING
                       JOIN_KW shift-reduce 403    nm ::= ID|INDEXED|JOIN_KW
                       DEFAULT shift-reduce 434    nmnum ::= DEFAULT
                        DELETE shift-reduce 433    nmnum ::= DELETE
                         FLOAT shift-reduce 435    plus_num ::= INTEGER|FLOAT
                       INTEGER shift-reduce 435    plus_num ::= INTEGER|FLOAT
                            nm shift        548      /* because nm==nmnum */
                      plus_num shift        548      /* because plus_num==nmnum */
                     minus_num shift        547    
                         nmnum shift        548    

State 44:
          nm ::= * ID|INDEXED|JOIN_KW
          nm ::= * STRING
          cmd ::= PRAGMA nm dbnm EQ * nmnum
          cmd ::= PRAGMA nm dbnm EQ * minus_num
          nmnum ::= * plus_num
          nmnum ::= * nm
          nmnum ::= * ON
          nmnum ::= * DELETE
          nmnum ::= * DEFAULT
          plus_num ::= * PLUS INTEGER|FLOAT
          plus_num ::= * INTEGER|FLOAT
          minus_num ::= * MINUS INTEGER|FLOAT

                            ID shift-reduce 403    nm ::= ID|INDEXED|JOIN_KW
                          PLUS shift        526    
                         MINUS shift        525    
                            ON shift-reduce 432    nmnum ::= ON
                       INDEXED shift-reduce 403    nm ::= ID|INDEXED|JOIN_KW
                        STRING shift-reduce 404    nm ::= STRING
                       JOIN_KW shift-reduce 403    nm ::= ID|INDEXED|JOIN_KW
                       DEFAULT shift-reduce 434    nmnum ::= DEFAULT
                        DELETE shift-reduce 433    nmnum ::= DELETE
                         FLOAT shift-reduce 435    plus_num ::= INTEGER|FLOAT
                       INTEGER shift-reduce 435    plus_num ::= INTEGER|FLOAT
                            nm shift-reduce 254    cmd ::= PRAGMA nm dbnm EQ nmnum  /* because nm==nmnum */
                      plus_num shift-reduce 254    cmd ::= PRAGMA nm dbnm EQ nmnum  /* because plus_num==nmnum */
                     minus_num shift-reduce 256    cmd ::= PRAGMA nm dbnm EQ minus_num
                         nmnum shift-reduce 254    cmd ::= PRAGMA nm dbnm EQ nmnum

State 45:
     (30) scanpt ::= *
          trigger_cmd ::= * UPDATE orconf xfullname tridxby SET setlist from where_opt scanpt
          trigger_cmd ::= * scanpt insert_cmd INTO xfullname idlist_opt select upsert scanpt
          trigger_cmd ::= * DELETE FROM xfullname tridxby where_opt scanpt
          trigger_cmd ::= * scanpt select scanpt
          proc_cmd_list ::= * proc_cmd_list proc_cmd SEMI
          proc_cmd_list ::= * proc_cmd SEMI
          proc_cmd ::= * trigger_cmd
          proc_cmd ::= * CALL fullname LP exprlist RP
          proc_cmd ::= * CALL fullname
          proc_cmd ::= * DECLARE nm typetoken
          proc_cmd ::= * DECLARE nm typetoken DEFAULT expr
          proc_cmd ::= * SET nm EQ expr
          proc_cmd ::= * IF expr THEN proc_cmd_list proc_if_tail END IF
          proc_if_tail ::= ELSEIF expr THEN * proc_cmd_list proc_if_tail
          proc_cmd ::= * WHILE expr DO proc_cmd_list END WHILE
          proc_cmd ::= * LOOP proc_cmd_list END LOOP
          proc_cmd ::= * LEAVE
          proc_cmd ::= * RETURN
          proc_cmd ::= * RAISE LP IGNORE RP
          proc_cmd ::= * RAISE LP raisetype COMMA expr RP
          proc_cmd ::= * scanpt select scanpt INTO idlist

                            IF shift        122    
                         RAISE shift        578    
                          CALL shift        231    
                       DECLARE shift        307    
                         LEAVE shift-reduce 298    proc_cmd ::= LEAVE
                          LOOP shift        46     
                        RETURN shift-reduce 299    proc_cmd ::= RETURN
                         WHILE shift        121    
                        DELETE shift        588    
                        UPDATE shift        416    
                           SET shift        306    
                        scanpt shift        7      
                   trigger_cmd shift        575      /* because trigger_cmd==proc_cmd */
                 proc_cmd_list shift        41     
                      proc_cmd shift        575    
                     {default} reduce       30     scanpt ::=

State 46:
     (30) scanpt ::= *
          trigger_cmd ::= * UPDATE orconf xfullname tridxby SET setlist from where_opt scanpt
          trigger_cmd ::= * scanpt insert_cmd INTO xfullname idlist_opt select upsert scanpt
          trigger_cmd ::= * DELETE FROM xfullname tridxby where_opt scanpt
          trigger_cmd ::= * scanpt select scanpt
          proc_cmd_list ::= * proc_cmd_list proc_cmd SEMI
          proc_cmd_list ::= * proc_cmd SEMI
          proc_cmd ::= * trigger_cmd
          proc_cmd ::= * CALL fullname LP exprlist RP
          proc_cmd ::= * CALL fullname
          proc_cmd ::= * DECLARE nm typetoken
          proc_cmd ::= * DECLARE nm typetoken DEFAULT expr
          proc_cmd ::= * SET nm EQ expr
          proc_cmd ::= * IF expr THEN proc_cmd_list proc_if_tail END IF
          proc_cmd ::= * WHILE expr DO proc_cmd_list END WHILE
          proc_cmd ::= * LOOP proc_cmd_list END LOOP
          proc_cmd ::= LOOP * proc_cmd_list END LOOP
          proc_cmd ::= * LEAVE
          proc_cmd ::= * RETURN
          proc_cmd ::= * RAISE LP IGNORE RP
          proc_cmd ::= * RAISE LP raisetype COMMA expr RP
          proc_cmd ::= * scanpt select scanpt INTO idlist

                            IF shift        122    
                         RAISE shift        578    
                          CALL shift        231    
                       DECLARE shift        307    
                         LEAVE shift-reduce 298    proc_cmd ::= LEAVE
                          LOOP shift        46     
                        RETURN shift-reduce 299    proc_cmd ::= RETURN
                         WHILE shift        121    
                        DELETE shift        588    
                        UPDATE shift        416    
                           SET shift        306    
                        scanpt shift        7      
                   trigger_cmd shift        575      /* because trigger_cmd==proc_cmd */
                 proc_cmd_list shift        177    
                      proc_cmd shift        575    
                     {default} reduce       30     scanpt ::=

State 47:
     (30) scanpt ::= *
          trigger_cmd ::= * UPDATE orconf xfullname tridxby SET setlist from where_opt scanpt
          trigger_cmd ::= * scanpt insert_cmd INTO xfullname idlist_opt select upsert scanpt
          trigger_cmd ::= * DELETE FROM xfullname tridxby where_opt scanpt
          trigger_cmd ::= * scanpt select scanpt
          proc_cmd_list ::= * proc_cmd_list proc_cmd SEMI
          proc_cmd_list ::= * proc_cmd SEMI
          proc_cmd ::= * trigger_cmd
          proc_cmd ::= * CALL fullname LP exprlist RP
          proc_cmd ::= * CALL fullname
          proc_cmd ::= * DECLARE nm typetoken
          proc_cmd ::= * DECLARE nm typetoken DEFAULT expr
          proc_cmd ::= * SET nm EQ expr
          proc_cmd ::= * IF expr THEN proc_cmd_list proc_if_tail END IF
          proc_cmd ::= * WHILE expr DO proc_cmd_list END WHILE
          proc_cmd ::= WHILE expr DO * proc_cmd_list END WHILE
          proc_cmd ::= * LOOP proc_cmd_list END LOOP
          proc_cmd ::= * LEAVE
          proc_cmd ::= * RETURN
          proc_cmd ::= * RAISE LP IGNORE RP
          proc_cmd ::= * RAISE LP raisetype COMMA expr RP
          proc_cmd ::= * scanpt select scanpt INTO idlist

                            IF shift        122    
                         RAISE shift        578    
                          CALL shift        231    
                       DECLARE shift        307    
                         LEAVE shift-reduce 298    proc_cmd ::= LEAVE
                          LOOP shift        46     
                        RETURN shift-reduce 299    proc_cmd ::= RETURN
                         WHILE shift        121    
                        DELETE shift        588    
                        UPDATE shift        416    
                           SET shift        306    
                        scanpt shift        7      
                   trigger_cmd shift        575      /* because trigger_cmd==proc_cmd */
                 proc_cmd_list shift        178    
                      proc_cmd shift        575    
                     {default} reduce       30     scanpt ::=

State 48:
     (30) scanpt ::= *
          trigger_cmd ::= * UPDATE orconf xfullname tridxby SET setlist from where_opt scanpt
          trigger_cmd ::= * scanpt insert_cmd INTO xfullname idlist_opt select upsert scanpt
          trigger_cmd ::= * DELETE FROM xfullname tridxby where_opt scanpt
          trigger_cmd ::= * scanpt select scanpt
          proc_cmd_list ::= * proc_cmd_list proc_cmd SEMI
          proc_cmd_list ::= * proc_cmd SEMI
          proc_cmd ::= * trigger_cmd
          proc_cmd ::= * CALL fullname LP exprlist RP
          proc_cmd ::= * CALL fullname
          proc_cmd ::= * DECLARE nm typetoken
          proc_cmd ::= * DECLARE nm typetoken DEFAULT expr
          proc_cmd ::= * SET nm EQ expr
          proc_cmd ::= * IF expr THEN proc_cmd_list proc_if_tail END IF
          proc_if_tail ::= ELSE * proc_cmd_list
          proc_cmd ::= * WHILE expr DO proc_cmd_list END WHILE
          proc_cmd ::= * LOOP proc_cmd_list END LOOP
          proc_cmd ::= * LEAVE
          proc_cmd ::= * RETURN
          proc_cmd ::= * RAISE LP IGNORE RP
          proc_cmd ::= * RAISE LP raisetype COMMA expr RP
          proc_cmd ::= * scanpt select scanpt INTO idlist

                            IF shift        122    
                         RAISE shift        578    
                          CALL shift        231    
                       DECLARE shift        307    
                         LEAVE shift-reduce 298    proc_cmd ::= LEAVE
                          LOOP shift        46     
                        RETURN shift-reduce 299    proc_cmd ::= RETURN
                         WHILE shift        121    
                        DELETE shift        588    
                        UPDATE shift        416    
                           SET shift        306    
                        scanpt shift        7      
                   trigger_cmd shift        575      /* because trigger_cmd==proc_cmd */
                 proc_cmd_list shift        179    
                      proc_cmd shift        575    
                     {default} reduce       30     scanpt ::=

State 49:
     (30) scanpt ::= *
          trigger_cmd ::= * UPDATE orconf xfullname tridxby SET setlist from where_opt scanpt
          trigger_cmd ::= * scanpt insert_cmd INTO xfullname idlist_opt select upsert scanpt
          trigger_cmd ::= * DELETE FROM xfullname tridxby where_opt scanpt
          trigger_cmd ::= * scanpt select scanpt
          proc_cmd_list ::= * proc_cmd_list proc_cmd SEMI
          proc_cmd_list ::= * proc_cmd SEMI
          proc_cmd ::= * trigger_cmd
          proc_cmd ::= * CALL fullname LP exprlist RP
          proc_cmd ::= * CALL fullname
          proc_cmd ::= * DECLARE nm typetoken
          proc_cmd ::= * DECLARE nm typetoken DEFAULT expr
          proc_cmd ::= * SET nm EQ expr
          proc_cmd ::= * IF expr THEN proc_cmd_list proc_if_tail END IF
          proc_cmd ::= IF expr THEN * proc_cmd_list proc_if_tail END IF
          proc_cmd ::= * WHILE expr DO proc_cmd_list END WHILE
          proc_cmd ::= * LOOP proc_cmd_list END LOOP
          proc_cmd ::= * LEAVE
          proc_cmd ::= * RETURN
          proc_cmd ::= * RAISE LP IGNORE RP
          proc_cmd ::= * RAISE LP raisetype COMMA expr RP
          proc_cmd ::= * scanpt select scanpt INTO idlist

                            IF shift        122    
                         RAISE shift        578    
                          CALL shift        231    
                       DECLARE shift        307    
                         LEAVE shift-reduce 298    proc_cmd ::= LEAVE
                          LOOP shift        46     
                        RETURN shift-reduce 299    proc_cmd ::= RETURN
                         WHILE shift        121    
                        DELETE shift        588    
                        UPDATE shift        416    
                           SET shift        306    
                        scanpt shift        7      
                   trigger_cmd shift        575      /* because trigger_cmd==proc_cmd */
                 proc_cmd_list shift        42     
                      proc_cmd shift        575    
                     {default} reduce       30     scanpt ::=

State 50:
     (30) scanpt ::= *
          trigger_cmd ::= * UPDATE orconf xfullname tridxby SET setlist from where_opt scanpt
          trigger_cmd ::= * scanpt insert_cmd INTO xfullname idlist_opt select upsert scanpt
          trigger_cmd ::= * DELETE FROM xfullname tridxby where_opt scanpt
          trigger_cmd ::= * scanpt select scanpt
          cmd ::= createkw temp PROCEDURE ifnotexists nm dbnm LP procparams RP procreturns procsecurity BEGIN * proc_cmd_list END
          proc_cmd_list ::= * proc_cmd_list proc_cmd SEMI
          proc_cmd_list ::= * proc_cmd SEMI
          proc_cmd ::= * trigger_cmd
          proc_cmd ::= * CALL fullname LP exprlist RP
          proc_cmd ::= * CALL fullname
          proc_cmd ::= * DECLARE nm typetoken
          proc_cmd ::= * DECLARE nm typetoken DEFAULT expr
          proc_cmd ::= * SET nm EQ expr
          proc_cmd ::= * IF expr THEN proc_cmd_list proc_if_tail END IF
          proc_cmd ::= * WHILE expr DO proc_cmd_list END WHILE
          proc_cmd ::= * LOOP proc_cmd_list END LOOP
          proc_cmd ::= * LEAVE
          proc_cmd ::= * RETURN
          proc_cmd ::= * RAISE LP IGNORE RP
          proc_cmd ::= * RAISE LP raisetype COMMA expr RP
          proc_cmd ::= * scanpt select scanpt INTO idlist

                            IF shift        122    
                         RAISE shift        578    
                          CALL shift        231    
                       DECLARE shift        307    
                         LEAVE shift-reduce 298    proc_cmd ::= LEAVE
                          LOOP shift        46     
                        RETURN shift-reduce 299    proc_cmd ::= RETURN
                         WHILE shift        121    
                        DELETE shift        588    
                        UPDATE shift        416    
                           SET shift        306    
                        scanpt shift        7      
                   trigger_cmd shift        575      /* because trigger_cmd==proc_cmd */
                 proc_cmd_list shift        180    
                      proc_cmd shift        575    
                     {default} reduce       30     scanpt ::=

State 51:
          nm ::= * ID|INDEXED|JOIN_KW
          nm ::= * STRING
          window ::= * PARTITION BY nexprlist orderby_opt frame_opt
          window ::= * nm PARTITION BY nexprlist orderby_opt frame_opt
          window ::= * ORDER BY sortlist frame_opt
          window ::= * nm ORDER BY sortlist frame_opt
          window ::= * frame_opt
          window ::= * nm frame_opt
    (365) frame_opt ::= *
          frame_opt ::= * range_or_rows frame_bound_s frame_exclude_opt
          frame_opt ::= * range_or_rows BETWEEN frame_bound_s AND frame_bound_e frame_exclude_opt
          range_or_rows ::= * RANGE|ROWS|GROUPS
          over_clause ::= OVER LP * window RP

                            ID shift-reduce 403    nm ::= ID|INDEXED|JOIN_KW
                          ROWS shift-reduce 368    range_or_rows ::= RANGE|ROWS|GROUPS
                     PARTITION shift        662    
                         RANGE shift-reduce 368    range_or_rows ::= RANGE|ROWS|GROUPS
                        GROUPS shift-reduce 368    range_or_rows ::= RANGE|ROWS|GROUPS
                       INDEXED shift-reduce 403    nm ::= ID|INDEXED|JOIN_KW
                        STRING shift-reduce 404    nm ::= STRING
                       JOIN_KW shift-reduce 403    nm ::= ID|INDEXED|JOIN_KW
                         ORDER shift        653    
                            nm shift        212    
                        window shift        638    
                     frame_opt shift        638      /* because frame_opt==window */
                 range_or_rows shift        8      
                     {default} reduce       365    frame_opt ::=

State 52:
          nm ::= * ID|INDEXED|JOIN_KW
          nm ::= * STRING
          windowdefn ::= nm AS LP * window RP
          window ::= * PARTITION BY nexprlist orderby_opt frame_opt
          window ::= * nm PARTITION BY nexprlist orderby_opt frame_opt
          window ::= * ORDER BY sortlist frame_opt
          window ::= * nm ORDER BY sortlist frame_opt
          window ::= * frame_opt
          window ::= * nm frame_opt
    (365) frame_opt ::= *
          frame_opt ::= * range_or_rows frame_bound_s frame_exclude_opt
          frame_opt ::= * range_or_rows BETWEEN frame_bound_s AND frame_bound_e frame_exclude_opt
          range_or_rows ::= * RANGE|ROWS|GROUPS

                            ID shift-reduce 403    nm ::= ID|INDEXED|JOIN_KW
                          ROWS shift-reduce 368    range_or_rows ::= RANGE|ROWS|GROUPS
                     PARTITION shift        662    
                         RANGE shift-reduce 368    range_or_rows ::= RANGE|ROWS|GROUPS
                        GROUPS shift-reduce 368    range_or_rows ::= RANGE|ROWS|GROUPS
                       INDEXED shift-reduce 403    nm ::= ID|INDEXED|JOIN_KW
                        STRING shift-reduce 404    nm ::= STRING
                       JOIN_KW shift-reduce 403    nm ::= ID|INDEXED|JOIN_KW
                         ORDER shift        653    
                            nm shift        212    
                        window shift        663    
                     frame_opt shift        663      /* because frame_opt==window */
                 range_or_rows shift        8      
                     {default} reduce       365    frame_opt ::=

State 53:
          columnlist ::= columnlist COMMA * columnname carglist
          columnname ::= * nm typetoken
          nm ::= * ID|INDEXED|JOIN_KW
          nm ::= * STRING
          conslist_opt ::= COMMA * conslist
          conslist ::= * conslist tconscomma tcons
          conslist ::= * tcons
          tcons ::= * CONSTRAINT nm
          tcons ::= * PRIMARY KEY LP sortlist autoinc RP onconf
          tcons ::= * UNIQUE LP sortlist RP onconf
          tcons ::= * CHECK LP expr RP onconf
          tcons ::= * FOREIGN KEY LP eidlist RP REFERENCES nm eidlist_opt refargs defer_subclause_opt

                            ID shift-reduce 403    nm ::= ID|INDEXED|JOIN_KW
                       INDEXED shift-reduce 403    nm ::= ID|INDEXED|JOIN_KW
                        STRING shift-reduce 404    nm ::= STRING
                       JOIN_KW shift-reduce 403    nm ::= ID|INDEXED|JOIN_KW
                    CONSTRAINT shift        318    
                       PRIMARY shift        626    
                        UNIQUE shift        623    
                         CHECK shift        622    
                       FOREIGN shift        621    
                            nm shift        260    
                    columnname shift        483    
                      conslist shift        371    
                         tcons shift        371      /* because tcons==conslist */

State 54:
          nm ::= * ID|INDEXED|JOIN_KW
          nm ::= * STRING
          select ::= WITH * wqlist selectnowith
          select ::= WITH * RECURSIVE wqlist selectnowith
          with ::= WITH * wqlist
          with ::= WITH * RECURSIVE wqlist
          wqitem ::= * withnm eidlist_opt wqas LP select RP
          withnm ::= * nm
          wqlist ::= * wqitem
          wqlist ::= * wqlist COMMA wqitem

                            ID shift-reduce 403    nm ::= ID|INDEXED|JOIN_KW
                     RECURSIVE shift        56     
                       INDEXED shift-reduce 403    nm ::= ID|INDEXED|JOIN_KW
                        STRING shift-reduce 404    nm ::= STRING
                       JOIN_KW shift-reduce 403    nm ::= ID|INDEXED|JOIN_KW
                            nm shift-reduce 355    withnm ::= nm
                        wqlist shift        59     
                        wqitem shift-reduce 356    wqlist ::= wqitem
                        withnm shift        446    

State 55:
          nm ::= * ID|INDEXED|JOIN_KW
          nm ::= * STRING
          select ::= WITH * wqlist selectnowith
          select ::= WITH * RECURSIVE wqlist selectnowith
          wqitem ::= * withnm eidlist_opt wqas LP select RP
          withnm ::= * nm
          wqlist ::= * wqitem
          wqlist ::= * wqlist COMMA wqitem

                            ID shift-reduce 403    nm ::= ID|INDEXED|JOIN_KW
                     RECURSIVE shift        57     
                       INDEXED shift-reduce 403    nm ::= ID|INDEXED|JOIN_KW
                        STRING shift-reduce 404    nm ::= STRING
                       JOIN_KW shift-reduce 403    nm ::= ID|INDEXED|JOIN_KW
                            nm shift-reduce 355    withnm ::= nm
                        wqlist shift        61     
                        wqitem shift-reduce 356    wqlist ::= wqitem
                        withnm shift        446    

State 56:
          nm ::= * ID|INDEXED|JOIN_KW
          nm ::= * STRING
          select ::= WITH RECURSIVE * wqlist selectnowith
          with ::= WITH RECURSIVE * wqlist
          wqitem ::= * withnm eidlist_opt wqas LP select RP
          withnm ::= * nm
          wqlist ::= * wqitem
          wqlist ::= * wqlist COMMA wqitem

                            ID shift-reduce 403    nm ::= ID|INDEXED|JOIN_KW
                       INDEXED shift-reduce 403    nm ::= ID|INDEXED|JOIN_KW
                        STRING shift-reduce 404    nm ::= STRING
                       JOIN_KW shift-reduce 403    nm ::= ID|INDEXED|JOIN_KW
                            nm shift-reduce 355    withnm ::= nm
                        wqlist shift        58     
                        wqitem shift-reduce 356    wqlist ::= wqitem
                        withnm shift        446    

State 57:
          nm ::= * ID|INDEXED|JOIN_KW
          nm ::= * STRING
          select ::= WITH RECURSIVE * wqlist selectnowith
          wqitem ::= * withnm eidlist_opt wqas LP select RP
          withnm ::= * nm
          wqlist ::= * wqitem
          wqlist ::= * wqlist COMMA wqitem

                            ID shift-reduce 403    nm ::= ID|INDEXED|JOIN_KW
                       INDEXED shift-reduce 403    nm ::= ID|INDEXED|JOIN_KW
                        STRING shift-reduce 404    nm ::= STRING
                       JOIN_KW shift-reduce 403    nm ::= ID|INDEXED|JOIN_KW
                            nm shift-reduce 355    withnm ::= nm
                        wqlist shift        60     
                        wqitem shift-reduce 356    wqlist ::= wqitem
                        withnm shift        446    

State 58:
          select ::= WITH RECURSIVE wqlist * selectnowith
          selectnowith ::= * oneselect
          selectnowith ::= * selectnowith multiselect_op oneselect
          oneselect ::= * SELECT distinct selcollist from where_opt groupby_opt having_opt orderby_opt limit_opt
          oneselect ::= * SELECT distinct selcollist from where_opt groupby_opt having_opt window_clause orderby_opt limit_opt
          oneselect ::= * values
          values ::= * VALUES LP nexprlist RP
          oneselect ::= * mvalues
          mvalues ::= * values COMMA LP nexprlist RP
          mvalues ::= * mvalues COMMA LP nexprlist RP
    (350) with ::= WITH RECURSIVE wqlist *
          wqlist ::= wqlist * COMMA wqitem

                         COMMA shift        187    
                        SELECT shift        384    
                        VALUES shift        682    
                  selectnowith shift        344    
                     oneselect shift        344      /* because oneselect==selectnowith */
                        values shift        688    
                       mvalues shift        677    
                     {default} reduce       350    with ::= WITH RECURSIVE wqlist

State 59:
          select ::= WITH wqlist * selectnowith
          selectnowith ::= * oneselect
          selectnowith ::= * selectnowith multiselect_op oneselect
          oneselect ::= * SELECT distinct selcollist from where_opt groupby_opt having_opt orderby_opt limit_opt
          oneselect ::= * SELECT distinct selcollist from where_opt groupby_opt having_opt window_clause orderby_opt limit_opt
          oneselect ::= * values
          values ::= * VALUES LP nexprlist RP
          oneselect ::= * mvalues
          mvalues ::= * values COMMA LP nexprlist RP
          mvalues ::= * mvalues COMMA LP nexprlist RP
    (349) with ::= WITH wqlist *
          wqlist ::= wqlist * COMMA wqitem

                         COMMA shift        187    
                        SELECT shift        384    
                        VALUES shift        682    
                  selectnowith shift        351    
                     oneselect shift        351      /* because oneselect==selectnowith */
                        values shift        688    
                       mvalues shift        677    
                     {default} reduce       349    with ::= WITH wqlist

State 60:
          select ::= WITH RECURSIVE wqlist * selectnowith
          selectnowith ::= * oneselect
          selectnowith ::= * selectnowith multiselect_op oneselect
          oneselect ::= * SELECT distinct selcollist from where_opt groupby_opt having_opt orderby_opt limit_opt
          oneselect ::= * SELECT distinct selcollist from where_opt groupby_opt having_opt window_clause orderby_opt limit_opt
          oneselect ::= * values
          values ::= * VALUES LP nexprlist RP
          oneselect ::= * mvalues
          mvalues ::= * values COMMA LP nexprlist RP
          mvalues ::= * mvalues COMMA LP nexprlist RP
          wqlist ::= wqlist * COMMA wqitem

                         COMMA shift        187    
                        SELECT shift        384    
                        VALUES shift        682    
                  selectnowith shift        344    
                     oneselect shift        344      /* because oneselect==selectnowith */
                        values shift        688    
                       mvalues shift        677    

State 61:
          select ::= WITH wqlist * selectnowith
          selectnowith ::= * oneselect
          selectnowith ::= * selectnowith multiselect_op oneselect
          oneselect ::= * SELECT distinct selcollist from where_opt groupby_opt having_opt orderby_opt limit_opt
          oneselect ::= * SELECT distinct selcollist from where_opt groupby_opt having_opt window_clause orderby_opt limit_opt
          oneselect ::= * values
          values ::= * VALUES LP nexprlist RP
          oneselect ::= * mvalues
          mvalues ::= * values COMMA LP nexprlist RP
          mvalues ::= * mvalues COMMA LP nexprlist RP
          wqlist ::= wqlist * COMMA wqitem

                         COMMA shift        187    
                        SELECT shift        384    
                        VALUES shift        682    
                  selectnowith shift        351    
                     oneselect shift        351      /* because oneselect==selectnowith */
                        values shift        688    
                       mvalues shift        677    

State 62:
          expr ::= expr * COLLATE ID|STRING
          expr ::= expr * AND expr
          expr ::= expr * OR expr
          expr ::= expr * LT|GT|GE|LE expr
          expr ::= expr * EQ|NE expr
          expr ::= expr * BITAND|BITOR|LSHIFT|RSHIFT expr
          expr ::= expr * PLUS|MINUS expr
          expr ::= expr * STAR|SLASH|REM expr
          expr ::= expr * CONCAT expr
          likeop ::= * LIKE_KW|MATCH
          likeop ::= * NOT LIKE_KW|MATCH
          expr ::= expr * likeop expr
          expr ::= expr * likeop expr ESCAPE expr
          expr ::= expr * ISNULL|NOTNULL
          expr ::= expr * NOT NULL
          expr ::= expr * IS expr
          expr ::= expr * IS NOT expr
          expr ::= expr * IS NOT DISTINCT FROM expr
          expr ::= expr * IS DISTINCT FROM expr
          expr ::= expr * PTR expr
          between_op ::= * BETWEEN
          between_op ::= * NOT BETWEEN
          expr ::= expr * between_op expr AND expr
          in_op ::= * IN
          in_op ::= * NOT IN
          expr ::= expr * in_op LP exprlist RP
          expr ::= expr * in_op LP select RP
          expr ::= expr * in_op nm dbnm paren_exprlist
          frame_bound ::= expr * PRECEDING|FOLLOWING

                           NOT shift        485    
                            OR shift        164    
                           AND shift        165    
                            IS shift        110    
                         MATCH shift-reduce 427    likeop ::= LIKE_KW|MATCH
                       LIKE_KW shift-reduce 427    likeop ::= LIKE_KW|MATCH
                       BETWEEN shift-reduce 218    between_op ::= BETWEEN
                            IN shift-reduce 221    in_op ::= IN
                        ISNULL shift-reduce 208    expr ::= expr ISNULL|NOTNULL
                       NOTNULL shift-reduce 208    expr ::= expr ISNULL|NOTNULL
                            NE shift        162    
                            EQ shift        162    
                            GT shift        163    
                            LE shift        163    
                            LT shift        163    
                            GE shift        163    
                     FOLLOWING shift-reduce 373    frame_bound ::= expr PRECEDING|FOLLOWING
                     PRECEDING shift-reduce 373    frame_bound ::= expr PRECEDING|FOLLOWING
                        BITAND shift        161    
                         BITOR shift        161    
                        LSHIFT shift        161    
                        RSHIFT shift        161    
                          PLUS shift        160    
                         MINUS shift        160    
                          STAR shift        159    
                         SLASH shift        159    
                           REM shift        159    
                        CONCAT shift        158    
                           PTR shift        155    
                       COLLATE shift        529    
                        likeop shift        157    
                    between_op shift        154    
                         in_op shift        281    

State 63:
    (149) limit_opt ::= LIMIT expr *
          limit_opt ::= LIMIT expr * OFFSET expr
          limit_opt ::= LIMIT expr * COMMA expr
          expr ::= expr * COLLATE ID|STRING
          expr ::= expr * AND expr
          expr ::= expr * OR expr
          expr ::= expr * LT|GT|GE|LE expr
          expr ::= expr * EQ|NE expr
          expr ::= expr * BITAND|BITOR|LSHIFT|RSHIFT expr
          expr ::= expr * PLUS|MINUS expr
          expr ::= expr * STAR|SLASH|REM expr
          expr ::= expr * CONCAT expr
          likeop ::= * LIKE_KW|MATCH
          likeop ::= * NOT LIKE_KW|MATCH
          expr ::= expr * likeop expr
          expr ::= expr * likeop expr ESCAPE expr
          expr ::= expr * ISNULL|NOTNULL
          expr ::= expr * NOT NULL
          expr ::= expr * IS expr
          expr ::= expr * IS NOT expr
          expr ::= expr * IS NOT DISTINCT FROM expr
          expr ::= expr * IS DISTINCT FROM expr
          expr ::= expr * PTR expr
          between_op ::= * BETWEEN
          between_op ::= * NOT BETWEEN
          expr ::= expr * between_op expr AND expr
          in_op ::= * IN
          in_op ::= * NOT IN
          expr ::= expr * in_op LP exprlist RP
          expr ::= expr * in_op LP select RP
          expr ::= expr * in_op nm dbnm paren_exprlist

                           NOT shift        485    
                         COMMA shift        139    
                            OR shift        164    
                           AND shift        165    
                            IS shift        110    
                         MATCH shift-reduce 427    likeop ::= LIKE_KW|MATCH
                       LIKE_KW shift-reduce 427    likeop ::= LIKE_KW|MATCH
                       BETWEEN shift-reduce 218    between_op ::= BETWEEN
                            IN shift-reduce 221    in_op ::= IN
                        ISNULL shift-reduce 208    expr ::= expr ISNULL|NOTNULL
                       NOTNULL shift-reduce 208    expr ::= expr ISNULL|NOTNULL
                            NE shift        162    
                            EQ shift        162    
                            GT shift        163    
                            LE shift        163    
                            LT shift        163    
                            GE shift        163    
                        OFFSET shift        166    
                        BITAND shift        161    
                         BITOR shift        161    
                        LSHIFT shift        161    
                        RSHIFT shift        161    
                          PLUS shift        160    
                         MINUS shift        160    
                          STAR shift        159    
                         SLASH shift        159    
                           REM shift        159    
                        CONCAT shift        158    
                           PTR shift        155    
                       COLLATE shift        529    
                        likeop shift        157    
                    between_op shift        154    
                         in_op shift        281    
                     {default} reduce       149    limit_opt ::= LIMIT expr

State 64:
          expr ::= expr * COLLATE ID|STRING
          expr ::= expr * AND expr
          expr ::= expr * OR expr
          expr ::= expr * LT|GT|GE|LE expr
          expr ::= expr * EQ|NE expr
          expr ::= expr * BITAND|BITOR|LSHIFT|RSHIFT expr
          expr ::= expr * PLUS|MINUS expr
          expr ::= expr * STAR|SLASH|REM expr
          expr ::= expr * CONCAT expr
          likeop ::= * LIKE_KW|MATCH
          likeop ::= * NOT LIKE_KW|MATCH
          expr ::= expr * likeop expr
          expr ::= expr * likeop expr ESCAPE expr
          expr ::= expr * ISNULL|NOTNULL
          expr ::= expr * NOT NULL
          expr ::= expr * IS expr
          expr ::= expr * IS NOT expr
          expr ::= expr * IS NOT DISTINCT FROM expr
          expr ::= expr * IS DISTINCT FROM expr
          expr ::= expr * PTR expr
          between_op ::= * BETWEEN
          between_op ::= * NOT BETWEEN
          expr ::= expr * between_op expr AND expr
          in_op ::= * IN
          in_op ::= * NOT IN
          expr ::= expr * in_op LP exprlist RP
          expr ::= expr * in_op LP select RP
          expr ::= expr * in_op nm dbnm paren_exprlist
          cmd ::= ALTER TABLE fullname ADD CHECK LP expr * RP onconf

                           NOT shift        485    
                            RP shift        388    
                            OR shift        164    
                           AND shift        165    
                            IS shift        110    
                         MATCH shift-reduce 427    likeop ::= LIKE_KW|MATCH
                       LIKE_KW shift-reduce 427    likeop ::= LIKE_KW|MATCH
                       BETWEEN shift-reduce 218    between_op ::= BETWEEN
                            IN shift-reduce 221    in_op ::= IN
                        ISNULL shift-reduce 208    expr ::= expr ISNULL|NOTNULL
                       NOTNULL shift-reduce 208    expr ::= expr ISNULL|NOTNULL
                            NE shift        162    
                            EQ shift        162    
                            GT shift        163    
                            LE shift        163    
                            LT shift        163    
                            GE shift        163    
                        BITAND shift        161    
                         BITOR shift        161    
                        LSHIFT shift        161    
                        RSHIFT shift        161    
                          PLUS shift        160    
                         MINUS shift        160    
                          STAR shift        159    
                         SLASH shift        159    
                           REM shift        159    
                        CONCAT shift        158    
                           PTR shift        155    
                       COLLATE shift        529    
                        likeop shift        157    
                    between_op shift        154    
                         in_op shift        281    

State 65:
          expr ::= expr * COLLATE ID|STRING
          expr ::= expr * AND expr
          expr ::= expr * OR expr
          expr ::= expr * LT|GT|GE|LE expr
          expr ::= expr * EQ|NE expr
          expr ::= expr * BITAND|BITOR|LSHIFT|RSHIFT expr
          expr ::= expr * PLUS|MINUS expr
          expr ::= expr * STAR|SLASH|REM expr
          expr ::= expr * CONCAT expr
          likeop ::= * LIKE_KW|MATCH
          likeop ::= * NOT LIKE_KW|MATCH
          expr ::= expr * likeop expr
          expr ::= expr * likeop expr ESCAPE expr
          expr ::= expr * ISNULL|NOTNULL
          expr ::= expr * NOT NULL
          expr ::= expr * IS expr
          expr ::= expr * IS NOT expr
          expr ::= expr * IS NOT DISTINCT FROM expr
          expr ::= expr * IS DISTINCT FROM expr
          expr ::= expr * PTR expr
          between_op ::= * BETWEEN
          between_op ::= * NOT BETWEEN
          expr ::= expr * between_op expr AND expr
          in_op ::= * IN
          in_op ::= * NOT IN
          expr ::= expr * in_op LP exprlist RP
          expr ::= expr * in_op LP select RP
          expr ::= expr * in_op nm dbnm paren_exprlist
          cmd ::= ALTER TABLE fullname ADD CONSTRAINT nm CHECK LP expr * RP onconf

                           NOT shift        485    
                            RP shift        389    
                            OR shift        164    
                           AND shift        165    
                            IS shift        110    
                         MATCH shift-reduce 427    likeop ::= LIKE_KW|MATCH
                       LIKE_KW shift-reduce 427    likeop ::= LIKE_KW|MATCH
                       BETWEEN shift-reduce 218    between_op ::= BETWEEN
                            IN shift-reduce 221    in_op ::= IN
                        ISNULL shift-reduce 208    expr ::= expr ISNULL|NOTNULL
                       NOTNULL shift-reduce 208    expr ::= expr ISNULL|NOTNULL
                            NE shift        162    
                            EQ shift        162    
                            GT shift        163    
                            LE shift        163    
                            LT shift        163    
                            GE shift        163    
                        BITAND shift        161    
                         BITOR shift        161    
                        LSHIFT shift        161    
                        RSHIFT shift        161    
                          PLUS shift        160    
                         MINUS shift        160    
                          STAR shift        159    
                         SLASH shift        159    
                           REM shift        159    
                        CONCAT shift        158    
                           PTR shift        155    
                       COLLATE shift        529    
                        likeop shift        157    
                    between_op shift        154    
                         in_op shift        281    

State 66:
          expr ::= expr * COLLATE ID|STRING
          expr ::= expr * AND expr
          expr ::= expr * OR expr
          expr ::= expr * LT|GT|GE|LE expr
          expr ::= expr * EQ|NE expr
          expr ::= expr * BITAND|BITOR|LSHIFT|RSHIFT expr
          expr ::= expr * PLUS|MINUS expr
          expr ::= expr * STAR|SLASH|REM expr
          expr ::= expr * CONCAT expr
          likeop ::= * LIKE_KW|MATCH
          likeop ::= * NOT LIKE_KW|MATCH
          expr ::= expr * likeop expr
          expr ::= expr * likeop expr ESCAPE expr
          expr ::= expr * ISNULL|NOTNULL
          expr ::= expr * NOT NULL
          expr ::= expr * IS expr
          expr ::= expr * IS NOT expr
          expr ::= expr * IS NOT DISTINCT FROM expr
          expr ::= expr * IS DISTINCT FROM expr
          expr ::= expr * PTR expr
          between_op ::= * BETWEEN
          between_op ::= * NOT BETWEEN
          expr ::= expr * between_op expr AND expr
          in_op ::= * IN
          in_op ::= * NOT IN
          expr ::= expr * in_op LP exprlist RP
          expr ::= expr * in_op LP select RP
          expr ::= expr * in_op nm dbnm paren_exprlist
          cmd ::= ATTACH database_kw_opt expr * AS expr key_opt

                           NOT shift        485    
                            AS shift        115    
                            OR shift        164    
                           AND shift        165    
                            IS shift        110    
                         MATCH shift-reduce 427    likeop ::= LIKE_KW|MATCH
                       LIKE_KW shift-reduce 427    likeop ::= LIKE_KW|MATCH
                       BETWEEN shift-reduce 218    between_op ::= BETWEEN
                            IN shift-reduce 221    in_op ::= IN
                        ISNULL shift-reduce 208    expr ::= expr ISNULL|NOTNULL
                       NOTNULL shift-reduce 208    expr ::= expr ISNULL|NOTNULL
                            NE shift        162    
                            EQ shift        162    
                            GT shift        163    
                            LE shift        163    
                            LT shift        163    
                            GE shift        163    
                        BITAND shift        161    
                         BITOR shift        161    
                        LSHIFT shift        161    
                        RSHIFT shift        161    
                          PLUS shift        160    
                         MINUS shift        160    
                          STAR shift        159    
                         SLASH shift        159    
                           REM shift        159    
                        CONCAT shift        158    
                           PTR shift        155    
                       COLLATE shift        529    
                        likeop shift        157    
                    between_op shift        154    
                         in_op shift        281    

State 67:
    (156) where_opt_ret ::= WHERE expr *
          where_opt_ret ::= WHERE expr * RETURNING selcollist
          expr ::= expr * COLLATE ID|STRING
          expr ::= expr * AND expr
          expr ::= expr * OR expr
          expr ::= expr * LT|GT|GE|LE expr
          expr ::= expr * EQ|NE expr
          expr ::= expr * BITAND|BITOR|LSHIFT|RSHIFT expr
          expr ::= expr * PLUS|MINUS expr
          expr ::= expr * STAR|SLASH|REM expr
          expr ::= expr * CONCAT expr
          likeop ::= * LIKE_KW|MATCH
          likeop ::= * NOT LIKE_KW|MATCH
          expr ::= expr * likeop expr
          expr ::= expr * likeop expr ESCAPE expr
          expr ::= expr * ISNULL|NOTNULL
          expr ::= expr * NOT NULL
          expr ::= expr * IS expr
          expr ::= expr * IS NOT expr
          expr ::= expr * IS NOT DISTINCT FROM expr
          expr ::= expr * IS DISTINCT FROM expr
          expr ::= expr * PTR expr
          between_op ::= * BETWEEN
          between_op ::= * NOT BETWEEN
          expr ::= expr * between_op expr AND expr
          in_op ::= * IN
          in_op ::= * NOT IN
          expr ::= expr * in_op LP exprlist RP
          expr ::= expr * in_op LP select RP
          expr ::= expr * in_op nm dbnm paren_exprlist

                           NOT shift        485    
                            OR shift        164    
                           AND shift        165    
                            IS shift        110    
                         MATCH shift-reduce 427    likeop ::= LIKE_KW|MATCH
                       LIKE_KW shift-reduce 427    likeop ::= LIKE_KW|MATCH
                       BETWEEN shift-reduce 218    between_op ::= BETWEEN
                            IN shift-reduce 221    in_op ::= IN
                        ISNULL shift-reduce 208    expr ::= expr ISNULL|NOTNULL
                       NOTNULL shift-reduce 208    expr ::= expr ISNULL|NOTNULL
                            NE shift        162    
                            EQ shift        162    
                            GT shift        163    
                            LE shift        163    
                            LT shift        163    
                            GE shift        163    
                        BITAND shift        161    
                         BITOR shift        161    
                        LSHIFT shift        161    
                        RSHIFT shift        161    
                          PLUS shift        160    
                         MINUS shift        160    
                          STAR shift        159    
                         SLASH shift        159    
                           REM shift        159    
                        CONCAT shift        158    
                           PTR shift        155    
                       COLLATE shift        529    
                     RETURNING shift        265    
                        likeop shift        157    
                    between_op shift        154    
                         in_op shift        281    
                     {default} reduce       156    where_opt_ret ::= WHERE expr

State 68:
          expr ::= expr * COLLATE ID|STRING
          expr ::= expr * AND expr
          expr ::= expr * OR expr
          expr ::= expr * LT|GT|GE|LE expr
          expr ::= expr * EQ|NE expr
          expr ::= expr * BITAND|BITOR|LSHIFT|RSHIFT expr
          expr ::= expr * PLUS|MINUS expr
          expr ::= expr * STAR|SLASH|REM expr
          expr ::= expr * CONCAT expr
          likeop ::= * LIKE_KW|MATCH
          likeop ::= * NOT LIKE_KW|MATCH
          expr ::= expr * likeop expr
          expr ::= expr * likeop expr ESCAPE expr
          expr ::= expr * ISNULL|NOTNULL
          expr ::= expr * NOT NULL
          expr ::= expr * IS expr
          expr ::= expr * IS NOT expr
          expr ::= expr * IS NOT DISTINCT FROM expr
          expr ::= expr * IS DISTINCT FROM expr
          expr ::= expr * PTR expr
          between_op ::= * BETWEEN
          between_op ::= * NOT BETWEEN
          expr ::= expr * between_op expr AND expr
          in_op ::= * IN
          in_op ::= * NOT IN
          expr ::= expr * in_op LP exprlist RP
          expr ::= expr * in_op LP select RP
          expr ::= expr * in_op nm dbnm paren_exprlist
          proc_if_tail ::= ELSEIF expr * THEN proc_cmd_list proc_if_tail

                           NOT shift        485    
                            OR shift        164    
                           AND shift        165    
                            IS shift        110    
                         MATCH shift-reduce 427    likeop ::= LIKE_KW|MATCH
                       LIKE_KW shift-reduce 427    likeop ::= LIKE_KW|MATCH
                       BETWEEN shift-reduce 218    between_op ::= BETWEEN
                            IN shift-reduce 221    in_op ::= IN
                        ISNULL shift-reduce 208    expr ::= expr ISNULL|NOTNULL
                       NOTNULL shift-reduce 208    expr ::= expr ISNULL|NOTNULL
                            NE shift        162    
                            EQ shift        162    
                            GT shift        163    
                            LE shift        163    
                            LT shift        163    
                            GE shift        163    
                        BITAND shift        161    
                         BITOR shift        161    
                        LSHIFT shift        161    
                        RSHIFT shift        161    
                          PLUS shift        160    
                         MINUS shift        160    
                          STAR shift        159    
                         SLASH shift        159    
                           REM shift        159    
                        CONCAT shift        158    
                           PTR shift        155    
                       COLLATE shift        529    
                          THEN shift        45     
                        likeop shift        157    
                    between_op shift        154    
                         in_op shift        281    

State 69:
          expr ::= expr * COLLATE ID|STRING
          expr ::= expr * AND expr
          expr ::= expr * OR expr
          expr ::= expr * LT|GT|GE|LE expr
          expr ::= expr * EQ|NE expr
          expr ::= expr * BITAND|BITOR|LSHIFT|RSHIFT expr
          expr ::= expr * PLUS|MINUS expr
          expr ::= expr * STAR|SLASH|REM expr
          expr ::= expr * CONCAT expr
          likeop ::= * LIKE_KW|MATCH
          likeop ::= * NOT LIKE_KW|MATCH
          expr ::= expr * likeop expr
          expr ::= expr * likeop expr ESCAPE expr
          expr ::= expr * ISNULL|NOTNULL
          expr ::= expr * NOT NULL
          expr ::= expr * IS expr
          expr ::= expr * IS NOT expr
          expr ::= expr * IS NOT DISTINCT FROM expr
          expr ::= expr * IS DISTINCT FROM expr
          expr ::= expr * PTR expr
          between_op ::= * BETWEEN
          between_op ::= * NOT BETWEEN
          expr ::= expr * between_op expr AND expr
          in_op ::= * IN
          in_op ::= * NOT IN
          expr ::= expr * in_op LP exprlist RP
          expr ::= expr * in_op LP select RP
          expr ::= expr * in_op nm dbnm paren_exprlist
          proc_cmd ::= RAISE LP raisetype COMMA expr * RP

                           NOT shift        485    
                            RP shift-reduce 301    proc_cmd ::= RAISE LP raisetype COMMA expr RP
                            OR shift        164    
                           AND shift        165    
                            IS shift        110    
                         MATCH shift-reduce 427    likeop ::= LIKE_KW|MATCH
                       LIKE_KW shift-reduce 427    likeop ::= LIKE_KW|MATCH
                       BETWEEN shift-reduce 218    between_op ::= BETWEEN
                            IN shift-reduce 221    in_op ::= IN
                        ISNULL shift-reduce 208    expr ::= expr ISNULL|NOTNULL
                       NOTNULL shift-reduce 208    expr ::= expr ISNULL|NOTNULL
                            NE shift        162    
                            EQ shift        162    
                            GT shift        163    
                            LE shift        163    
                            LT shift        163    
                            GE shift        163    
                        BITAND shift        161    
                         BITOR shift        161    
                        LSHIFT shift        161    
                        RSHIFT shift        161    
                          PLUS shift        160    
                         MINUS shift        160    
                          STAR shift        159    
                         SLASH shift        159    
                           REM shift        159    
                        CONCAT shift        158    
                           PTR shift        155    
                       COLLATE shift        529    
                        likeop shift        157    
                    between_op shift        154    
                         in_op shift        281    

State 70:
          expr ::= expr * COLLATE ID|STRING
          expr ::= expr * AND expr
          expr ::= expr * OR expr
          expr ::= expr * LT|GT|GE|LE expr
          expr ::= expr * EQ|NE expr
          expr ::= expr * BITAND|BITOR|LSHIFT|RSHIFT expr
          expr ::= expr * PLUS|MINUS expr
          expr ::= expr * STAR|SLASH|REM expr
          expr ::= expr * CONCAT expr
          likeop ::= * LIKE_KW|MATCH
          likeop ::= * NOT LIKE_KW|MATCH
          expr ::= expr * likeop expr
          expr ::= expr * likeop expr ESCAPE expr
          expr ::= expr * ISNULL|NOTNULL
          expr ::= expr * NOT NULL
          expr ::= expr * IS expr
          expr ::= expr * IS NOT expr
          expr ::= expr * IS NOT DISTINCT FROM expr
          expr ::= expr * IS DISTINCT FROM expr
          expr ::= expr * PTR expr
          between_op ::= * BETWEEN
          between_op ::= * NOT BETWEEN
          expr ::= expr * between_op expr AND expr
          in_op ::= * IN
          in_op ::= * NOT IN
          expr ::= expr * in_op LP exprlist RP
          expr ::= expr * in_op LP select RP
          expr ::= expr * in_op nm dbnm paren_exprlist
          proc_cmd ::= WHILE expr * DO proc_cmd_list END WHILE

                           NOT shift        485    
                            OR shift        164    
                           AND shift        165    
                            IS shift        110    
                         MATCH shift-reduce 427    likeop ::= LIKE_KW|MATCH
                       LIKE_KW shift-reduce 427    likeop ::= LIKE_KW|MATCH
                       BETWEEN shift-reduce 218    between_op ::= BETWEEN
                            IN shift-reduce 221    in_op ::= IN
                        ISNULL shift-reduce 208    expr ::= expr ISNULL|NOTNULL
                       NOTNULL shift-reduce 208    expr ::= expr ISNULL|NOTNULL
                            NE shift        162    
                            EQ shift        162    
                            GT shift        163    
                            LE shift        163    
                            LT shift        163    
                            GE shift        163    
                            DO shift        47     
                        BITAND shift        161    
                         BITOR shift        161    
                        LSHIFT shift        161    
                        RSHIFT shift        161    
                          PLUS shift        160    
                         MINUS shift        160    
                          STAR shift        159    
                         SLASH shift        159    
                           REM shift        159    
                        CONCAT shift        158    
                           PTR shift        155    
                       COLLATE shift        529    
                        likeop shift        157    
                    between_op shift        154    
                         in_op shift        281    

State 71:
          expr ::= expr * COLLATE ID|STRING
          expr ::= expr * AND expr
          expr ::= expr * OR expr
          expr ::= expr * LT|GT|GE|LE expr
          expr ::= expr * EQ|NE expr
          expr ::= expr * BITAND|BITOR|LSHIFT|RSHIFT expr
          expr ::= expr * PLUS|MINUS expr
          expr ::= expr * STAR|SLASH|REM expr
          expr ::= expr * CONCAT expr
          likeop ::= * LIKE_KW|MATCH
          likeop ::= * NOT LIKE_KW|MATCH
          expr ::= expr * likeop expr
          expr ::= expr * likeop expr ESCAPE expr
          expr ::= expr * ISNULL|NOTNULL
          expr ::= expr * NOT NULL
          expr ::= expr * IS expr
          expr ::= expr * IS NOT expr
          expr ::= expr * IS NOT DISTINCT FROM expr
          expr ::= expr * IS DISTINCT FROM expr
          expr ::= expr * PTR expr
          between_op ::= * BETWEEN
          between_op ::= * NOT BETWEEN
          expr ::= expr * between_op expr AND expr
          in_op ::= * IN
          in_op ::= * NOT IN
          expr ::= expr * in_op LP exprlist RP
          expr ::= expr * in_op LP select RP
          expr ::= expr * in_op nm dbnm paren_exprlist
          proc_cmd ::= IF expr * THEN proc_cmd_list proc_if_tail END IF

                           NOT shift        485    
                            OR shift        164    
                           AND shift        165    
                            IS shift        110    
                         MATCH shift-reduce 427    likeop ::= LIKE_KW|MATCH
                       LIKE_KW shift-reduce 427    likeop ::= LIKE_KW|MATCH
                       BETWEEN shift-reduce 218    between_op ::= BETWEEN
                            IN shift-reduce 221    in_op ::= IN
                        ISNULL shift-reduce 208    expr ::= expr ISNULL|NOTNULL
                       NOTNULL shift-reduce 208    expr ::= expr ISNULL|NOTNULL
                            NE shift        162    
                            EQ shift        162    
                            GT shift        163    
                            LE shift        163    
                            LT shift        163    
                            GE shift        163    
                        BITAND shift        161    
                         BITOR shift        161    
                        LSHIFT shift        161    
                        RSHIFT shift        161    
                          PLUS shift        160    
                         MINUS shift        160    
                          STAR shift        159    
                         SLASH shift        159    
                           REM shift        159    
                        CONCAT shift        158    
                           PTR shift        155    
                       COLLATE shift        529    
                          THEN shift        49     
                        likeop shift        157    
                    between_op shift        154    
                         in_op shift        281    

State 72:
          tcons ::= CHECK LP expr * RP onconf
          expr ::= expr * COLLATE ID|STRING
          expr ::= expr * AND expr
          expr ::= expr * OR expr
          expr ::= expr * LT|GT|GE|LE expr
          expr ::= expr * EQ|NE expr
          expr ::= expr * BITAND|BITOR|LSHIFT|RSHIFT expr
          expr ::= expr * PLUS|MINUS expr
          expr ::= expr * STAR|SLASH|REM expr
          expr ::= expr * CONCAT expr
          likeop ::= * LIKE_KW|MATCH
          likeop ::= * NOT LIKE_KW|MATCH
          expr ::= expr * likeop expr
          expr ::= expr * likeop expr ESCAPE expr
          expr ::= expr * ISNULL|NOTNULL
          expr ::= expr * NOT NULL
          expr ::= expr * IS expr
          expr ::= expr * IS NOT expr
          expr ::= expr * IS NOT DISTINCT FROM expr
          expr ::= expr * IS DISTINCT FROM expr
          expr ::= expr * PTR expr
          between_op ::= * BETWEEN
          between_op ::= * NOT BETWEEN
          expr ::= expr * between_op expr AND expr
          in_op ::= * IN
          in_op ::= * NOT IN
          expr ::= expr * in_op LP exprlist RP
          expr ::= expr * in_op LP select RP
          expr ::= expr * in_op nm dbnm paren_exprlist

                           NOT shift        485    
                            RP shift        429    
                            OR shift        164    
                           AND shift        165    
                            IS shift        110    
                         MATCH shift-reduce 427    likeop ::= LIKE_KW|MATCH
                       LIKE_KW shift-reduce 427    likeop ::= LIKE_KW|MATCH
                       BETWEEN shift-reduce 218    between_op ::= BETWEEN
                            IN shift-reduce 221    in_op ::= IN
                        ISNULL shift-reduce 208    expr ::= expr ISNULL|NOTNULL
                       NOTNULL shift-reduce 208    expr ::= expr ISNULL|NOTNULL
                            NE shift        162    
                            EQ shift        162    
                            GT shift        163    
                            LE shift        163    
                            LT shift        163    
                            GE shift        163    
                        BITAND shift        161    
                         BITOR shift        161    
                        LSHIFT shift        161    
                        RSHIFT shift        161    
                          PLUS shift        160    
                         MINUS shift        160    
                          STAR shift        159    
                         SLASH shift        159    
                           REM shift        159    
                        CONCAT shift        158    
                           PTR shift        155    
                       COLLATE shift        529    
                        likeop shift        157    
                    between_op shift        154    
                         in_op shift        281    

State 73:
          generated ::= LP expr * RP
          generated ::= LP expr * RP ID
          expr ::= expr * COLLATE ID|STRING
          expr ::= expr * AND expr
          expr ::= expr * OR expr
          expr ::= expr * LT|GT|GE|LE expr
          expr ::= expr * EQ|NE expr
          expr ::= expr * BITAND|BITOR|LSHIFT|RSHIFT expr
          expr ::= expr * PLUS|MINUS expr
          expr ::= expr * STAR|SLASH|REM expr
          expr ::= expr * CONCAT expr
          likeop ::= * LIKE_KW|MATCH
          likeop ::= * NOT LIKE_KW|MATCH
          expr ::= expr * likeop expr
          expr ::= expr * likeop expr ESCAPE expr
          expr ::= expr * ISNULL|NOTNULL
          expr ::= expr * NOT NULL
          expr ::= expr * IS expr
          expr ::= expr * IS NOT expr
          expr ::= expr * IS NOT DISTINCT FROM expr
          expr ::= expr * IS DISTINCT FROM expr
          expr ::= expr * PTR expr
          between_op ::= * BETWEEN
          between_op ::= * NOT BETWEEN
          expr ::= expr * between_op expr AND expr
          in_op ::= * IN
          in_op ::= * NOT IN
          expr ::= expr * in_op LP exprlist RP
          expr ::= expr * in_op LP select RP
          expr ::= expr * in_op nm dbnm paren_exprlist

                           NOT shift        485    
                            RP shift        627    
                            OR shift        164    
                           AND shift        165    
                            IS shift        110    
                         MATCH shift-reduce 427    likeop ::= LIKE_KW|MATCH
                       LIKE_KW shift-reduce 427    likeop ::= LIKE_KW|MATCH
                       BETWEEN shift-reduce 218    between_op ::= BETWEEN
                            IN shift-reduce 221    in_op ::= IN
                        ISNULL shift-reduce 208    expr ::= expr ISNULL|NOTNULL
                       NOTNULL shift-reduce 208    expr ::= expr ISNULL|NOTNULL
                            NE shift        162    
                            EQ shift        162    
                            GT shift        163    
                            LE shift        163    
                            LT shift        163    
                            GE shift        163    
                        BITAND shift        161    
                         BITOR shift        161    
                        LSHIFT shift        161    
                        RSHIFT shift        161    
                          PLUS shift        160    
                         MINUS shift        160    
                          STAR shift        159    
                         SLASH shift        159    
                           REM shift        159    
                        CONCAT shift        158    
                           PTR shift        155    
                       COLLATE shift        529    
                        likeop shift        157    
                    between_op shift        154    
                         in_op shift        281    

State 74:
          ccons ::= CHECK LP expr * RP
          expr ::= expr * COLLATE ID|STRING
          expr ::= expr * AND expr
          expr ::= expr * OR expr
          expr ::= expr * LT|GT|GE|LE expr
          expr ::= expr * EQ|NE expr
          expr ::= expr * BITAND|BITOR|LSHIFT|RSHIFT expr
          expr ::= expr * PLUS|MINUS expr
          expr ::= expr * STAR|SLASH|REM expr
          expr ::= expr * CONCAT expr
          likeop ::= * LIKE_KW|MATCH
          likeop ::= * NOT LIKE_KW|MATCH
          expr ::= expr * likeop expr
          expr ::= expr * likeop expr ESCAPE expr
          expr ::= expr * ISNULL|NOTNULL
          expr ::= expr * NOT NULL
          expr ::= expr * IS expr
          expr ::= expr * IS NOT expr
          expr ::= expr * IS NOT DISTINCT FROM expr
          expr ::= expr * IS DISTINCT FROM expr
          expr ::= expr * PTR expr
          between_op ::= * BETWEEN
          between_op ::= * NOT BETWEEN
          expr ::= expr * between_op expr AND expr
          in_op ::= * IN
          in_op ::= * NOT IN
          expr ::= expr * in_op LP exprlist RP
          expr ::= expr * in_op LP select RP
          expr ::= expr * in_op nm dbnm paren_exprlist

                           NOT shift        485    
                            RP shift-reduce 41     ccons ::= CHECK LP expr RP
                            OR shift        164    
                           AND shift        165    
                            IS shift        110    
                         MATCH shift-reduce 427    likeop ::= LIKE_KW|MATCH
                       LIKE_KW shift-reduce 427    likeop ::= LIKE_KW|MATCH
                       BETWEEN shift-reduce 218    between_op ::= BETWEEN
                            IN shift-reduce 221    in_op ::= IN
                        ISNULL shift-reduce 208    expr ::= expr ISNULL|NOTNULL
                       NOTNULL shift-reduce 208    expr ::= expr ISNULL|NOTNULL
                            NE shift        162    
                            EQ shift        162    
                            GT shift        163    
                            LE shift        163    
                            LT shift        163    
                            GE shift        163    
                        BITAND shift        161    
                         BITOR shift        161    
                        LSHIFT shift        161    
                        RSHIFT shift        161    
                          PLUS shift        160    
                         MINUS shift        160    
                          STAR shift        159    
                         SLASH shift        159    
                           REM shift        159    
                        CONCAT shift        158    
                           PTR shift        155    
                       COLLATE shift        529    
                        likeop shift        157    
                    between_op shift        154    
                         in_op shift        281    

State 75:
          ccons ::= DEFAULT LP expr * RP
          expr ::= expr * COLLATE ID|STRING
          expr ::= expr * AND expr
          expr ::= expr * OR expr
          expr ::= expr * LT|GT|GE|LE expr
          expr ::= expr * EQ|NE expr
          expr ::= expr * BITAND|BITOR|LSHIFT|RSHIFT expr
          expr ::= expr * PLUS|MINUS expr
          expr ::= expr * STAR|SLASH|REM expr
          expr ::= expr * CONCAT expr
          likeop ::= * LIKE_KW|MATCH
          likeop ::= * NOT LIKE_KW|MATCH
          expr ::= expr * likeop expr
          expr ::= expr * likeop expr ESCAPE expr
          expr ::= expr * ISNULL|NOTNULL
          expr ::= expr * NOT NULL
          expr ::= expr * IS expr
          expr ::= expr * IS NOT expr
          expr ::= expr * IS NOT DISTINCT FROM expr
          expr ::= expr * IS DISTINCT FROM expr
          expr ::= expr * PTR expr
          between_op ::= * BETWEEN
          between_op ::= * NOT BETWEEN
          expr ::= expr * between_op expr AND expr
          in_op ::= * IN
          in_op ::= * NOT IN
          expr ::= expr * in_op LP exprlist RP
          expr ::= expr * in_op LP select RP
          expr ::= expr * in_op nm dbnm paren_exprlist

                           NOT shift        485    
                            RP shift-reduce 34     ccons ::= DEFAULT LP expr RP
                            OR shift        164    
                           AND shift        165    
                            IS shift        110    
                         MATCH shift-reduce 427    likeop ::= LIKE_KW|MATCH
                       LIKE_KW shift-reduce 427    likeop ::= LIKE_KW|MATCH
                       BETWEEN shift-reduce 218    between_op ::= BETWEEN
                            IN shift-reduce 221    in_op ::= IN
                        ISNULL shift-reduce 208    expr ::= expr ISNULL|NOTNULL
                       NOTNULL shift-reduce 208    expr ::= expr ISNULL|NOTNULL
                            NE shift        162    
                            EQ shift        162    
                            GT shift        163    
                            LE shift        163    
                            LT shift        163    
                            GE shift        163    
                        BITAND shift        161    
                         BITOR shift        161    
                        LSHIFT shift        161    
                        RSHIFT shift        161    
                          PLUS shift        160    
                         MINUS shift        160    
                          STAR shift        159    
                         SLASH shift        159    
                           REM shift        159    
                        CONCAT shift        158    
                           PTR shift        155    
                       COLLATE shift        529    
                        likeop shift        157    
                    between_op shift        154    
                         in_op shift        281    

State 76:
          expr ::= expr * COLLATE ID|STRING
          expr ::= expr * AND expr
          expr ::= expr * OR expr
          expr ::= expr * LT|GT|GE|LE expr
          expr ::= expr * EQ|NE expr
          expr ::= expr * BITAND|BITOR|LSHIFT|RSHIFT expr
          expr ::= expr * PLUS|MINUS expr
          expr ::= expr * STAR|SLASH|REM expr
          expr ::= expr * CONCAT expr
          likeop ::= * LIKE_KW|MATCH
          likeop ::= * NOT LIKE_KW|MATCH
          expr ::= expr * likeop expr
          expr ::= expr * likeop expr ESCAPE expr
          expr ::= expr * ISNULL|NOTNULL
          expr ::= expr * NOT NULL
          expr ::= expr * IS expr
          expr ::= expr * IS NOT expr
          expr ::= expr * IS NOT DISTINCT FROM expr
          expr ::= expr * IS DISTINCT FROM expr
          expr ::= expr * PTR expr
          between_op ::= * BETWEEN
          between_op ::= * NOT BETWEEN
          expr ::= expr * between_op expr AND expr
          in_op ::= * IN
          in_op ::= * NOT IN
          expr ::= expr * in_op LP exprlist RP
          expr ::= expr * in_op LP select RP
          expr ::= expr * in_op nm dbnm paren_exprlist
          filter_clause ::= FILTER LP WHERE expr * RP

                           NOT shift        485    
                            RP shift-reduce 386    filter_clause ::= FILTER LP WHERE expr RP
                            OR shift        164    
                           AND shift        165    
                            IS shift        110    
                         MATCH shift-reduce 427    likeop ::= LIKE_KW|MATCH
                       LIKE_KW shift-reduce 427    likeop ::= LIKE_KW|MATCH
                       BETWEEN shift-reduce 218    between_op ::= BETWEEN
                            IN shift-reduce 221    in_op ::= IN
                        ISNULL shift-reduce 208    expr ::= expr ISNULL|NOTNULL
                       NOTNULL shift-reduce 208    expr ::= expr ISNULL|NOTNULL
                            NE shift        162    
                            EQ shift        162    
                            GT shift        163    
                            LE shift        163    
                            LT shift        163    
                            GE shift        163    
                        BITAND shift        161    
                         BITOR shift        161    
                        LSHIFT shift        161    
                        RSHIFT shift        161    
                          PLUS shift        160    
                         MINUS shift        160    
                          STAR shift        159    
                         SLASH shift        159    
                           REM shift        159    
                        CONCAT shift        158    
                           PTR shift        155    
                       COLLATE shift        529    
                        likeop shift        157    
                    between_op shift        154    
                         in_op shift        281    

State 77:
          expr ::= expr * COLLATE ID|STRING
          expr ::= LP nexprlist COMMA expr * RP
          expr ::= expr * AND expr
          expr ::= expr * OR expr
          expr ::= expr * LT|GT|GE|LE expr
          expr ::= expr * EQ|NE expr
          expr ::= expr * BITAND|BITOR|LSHIFT|RSHIFT expr
          expr ::= expr * PLUS|MINUS expr
          expr ::= expr * STAR|SLASH|REM expr
          expr ::= expr * CONCAT expr
          likeop ::= * LIKE_KW|MATCH
          likeop ::= * NOT LIKE_KW|MATCH
          expr ::= expr * likeop expr
          expr ::= expr * likeop expr ESCAPE expr
          expr ::= expr * ISNULL|NOTNULL
          expr ::= expr * NOT NULL
          expr ::= expr * IS expr
          expr ::= expr * IS NOT expr
          expr ::= expr * IS NOT DISTINCT FROM expr
          expr ::= expr * IS DISTINCT FROM expr
          expr ::= expr * PTR expr
          between_op ::= * BETWEEN
          between_op ::= * NOT BETWEEN
          expr ::= expr * between_op expr AND expr
          in_op ::= * IN
          in_op ::= * NOT IN
          expr ::= expr * in_op LP exprlist RP
          expr ::= expr * in_op LP select RP
          expr ::= expr * in_op nm dbnm paren_exprlist
    (235) nexprlist ::= nexprlist COMMA expr *

                           NOT shift        485    
                            RP shift-reduce 196    expr ::= LP nexprlist COMMA expr RP
                            OR shift        164    
                           AND shift        165    
                            IS shift        110    
                         MATCH shift-reduce 427    likeop ::= LIKE_KW|MATCH
                       LIKE_KW shift-reduce 427    likeop ::= LIKE_KW|MATCH
                       BETWEEN shift-reduce 218    between_op ::= BETWEEN
                            IN shift-reduce 221    in_op ::= IN
                        ISNULL shift-reduce 208    expr ::= expr ISNULL|NOTNULL
                       NOTNULL shift-reduce 208    expr ::= expr ISNULL|NOTNULL
                            NE shift        162    
                            EQ shift        162    
                            GT shift        163    
                            LE shift        163    
                            LT shift        163    
                            GE shift        163    
                        BITAND shift        161    
                         BITOR shift        161    
                        LSHIFT shift        161    
                        RSHIFT shift        161    
                          PLUS shift        160    
                         MINUS shift        160    
                          STAR shift        159    
                         SLASH shift        159    
                           REM shift        159    
                        CONCAT shift        158    
                           PTR shift        155    
                       COLLATE shift        529    
                        likeop shift        157    
                    between_op shift        154    
                         in_op shift        281    
                     {default} reduce       235    nexprlist ::= nexprlist COMMA expr

State 78:
          expr ::= LP expr * RP
          expr ::= expr * COLLATE ID|STRING
          expr ::= expr * AND expr
          expr ::= expr * OR expr
          expr ::= expr * LT|GT|GE|LE expr
          expr ::= expr * EQ|NE expr
          expr ::= expr * BITAND|BITOR|LSHIFT|RSHIFT expr
          expr ::= expr * PLUS|MINUS expr
          expr ::= expr * STAR|SLASH|REM expr
          expr ::= expr * CONCAT expr
          likeop ::= * LIKE_KW|MATCH
          likeop ::= * NOT LIKE_KW|MATCH
          expr ::= expr * likeop expr
          expr ::= expr * likeop expr ESCAPE expr
          expr ::= expr * ISNULL|NOTNULL
          expr ::= expr * NOT NULL
          expr ::= expr * IS expr
          expr ::= expr * IS NOT expr
          expr ::= expr * IS NOT DISTINCT FROM expr
          expr ::= expr * IS DISTINCT FROM expr
          expr ::= expr * PTR expr
          between_op ::= * BETWEEN
          between_op ::= * NOT BETWEEN
          expr ::= expr * between_op expr AND expr
          in_op ::= * IN
          in_op ::= * NOT IN
          expr ::= expr * in_op LP exprlist RP
          expr ::= expr * in_op LP select RP
          expr ::= expr * in_op nm dbnm paren_exprlist
    (236) nexprlist ::= expr *

                           NOT shift        485    
                            RP shift-reduce 179    expr ::= LP expr RP
                            OR shift        164    
                           AND shift        165    
                            IS shift        110    
                         MATCH shift-reduce 427    likeop ::= LIKE_KW|MATCH
                       LIKE_KW shift-reduce 427    likeop ::= LIKE_KW|MATCH
                       BETWEEN shift-reduce 218    between_op ::= BETWEEN
                            IN shift-reduce 221    in_op ::= IN
                        ISNULL shift-reduce 208    expr ::= expr ISNULL|NOTNULL
                       NOTNULL shift-reduce 208    expr ::= expr ISNULL|NOTNULL
                            NE shift        162    
                            EQ shift        162    
                            GT shift        163    
                            LE shift        163    
                            LT shift        163    
                            GE shift        163    
                        BITAND shift        161    
                         BITOR shift        161    
                        LSHIFT shift        161    
                        RSHIFT shift        161    
                          PLUS shift        160    
                         MINUS shift        160    
                          STAR shift        159    
                         SLASH shift        159    
                           REM shift        159    
                        CONCAT shift        158    
                           PTR shift        155    
                       COLLATE shift        529    
                        likeop shift        157    
                    between_op shift        154    
                         in_op shift        281    
                     {default} reduce       236    nexprlist ::= expr

State 79:
          expr ::= expr * COLLATE ID|STRING
          expr ::= expr * AND expr
          expr ::= expr * OR expr
          expr ::= expr * LT|GT|GE|LE expr
          expr ::= expr * EQ|NE expr
          expr ::= expr * BITAND|BITOR|LSHIFT|RSHIFT expr
          expr ::= expr * PLUS|MINUS expr
          expr ::= expr * STAR|SLASH|REM expr
          expr ::= expr * CONCAT expr
          likeop ::= * LIKE_KW|MATCH
          likeop ::= * NOT LIKE_KW|MATCH
          expr ::= expr * likeop expr
          expr ::= expr * likeop expr ESCAPE expr
          expr ::= expr * ISNULL|NOTNULL
          expr ::= expr * NOT NULL
          expr ::= expr * IS expr
          expr ::= expr * IS NOT expr
          expr ::= expr * IS NOT DISTINCT FROM expr
          expr ::= expr * IS DISTINCT FROM expr
          expr ::= expr * PTR expr
          between_op ::= * BETWEEN
          between_op ::= * NOT BETWEEN
          expr ::= expr * between_op expr AND expr
          in_op ::= * IN
          in_op ::= * NOT IN
          expr ::= expr * in_op LP exprlist RP
          expr ::= expr * in_op LP select RP
          expr ::= expr * in_op nm dbnm paren_exprlist
          case_exprlist ::= WHEN expr * THEN expr

                           NOT shift        485    
                            OR shift        164    
                           AND shift        165    
                            IS shift        110    
                         MATCH shift-reduce 427    likeop ::= LIKE_KW|MATCH
                       LIKE_KW shift-reduce 427    likeop ::= LIKE_KW|MATCH
                       BETWEEN shift-reduce 218    between_op ::= BETWEEN
                            IN shift-reduce 221    in_op ::= IN
                        ISNULL shift-reduce 208    expr ::= expr ISNULL|NOTNULL
                       NOTNULL shift-reduce 208    expr ::= expr ISNULL|NOTNULL
                            NE shift        162    
                            EQ shift        162    
                            GT shift        163    
                            LE shift        163    
                            LT shift        163    
                            GE shift        163    
                        BITAND shift        161    
                         BITOR shift        161    
                        LSHIFT shift        161    
                        RSHIFT shift        161    
                          PLUS shift        160    
                         MINUS shift        160    
                          STAR shift        159    
                         SLASH shift        159    
                           REM shift        159    
                        CONCAT shift        158    
                           PTR shift        155    
                       COLLATE shift        529    
                          THEN shift        142    
                        likeop shift        157    
                    between_op shift        154    
                         in_op shift        281    

State 80:
          expr ::= expr * COLLATE ID|STRING
          expr ::= expr * AND expr
          expr ::= expr * OR expr
          expr ::= expr * LT|GT|GE|LE expr
          expr ::= expr * EQ|NE expr
          expr ::= expr * BITAND|BITOR|LSHIFT|RSHIFT expr
          expr ::= expr * PLUS|MINUS expr
          expr ::= expr * STAR|SLASH|REM expr
          expr ::= expr * CONCAT expr
          likeop ::= * LIKE_KW|MATCH
          likeop ::= * NOT LIKE_KW|MATCH
          expr ::= expr * likeop expr
          expr ::= expr * likeop expr ESCAPE expr
          expr ::= expr * ISNULL|NOTNULL
          expr ::= expr * NOT NULL
          expr ::= expr * IS expr
          expr ::= expr * IS NOT expr
          expr ::= expr * IS NOT DISTINCT FROM expr
          expr ::= expr * IS DISTINCT FROM expr
          expr ::= expr * PTR expr
          between_op ::= * BETWEEN
          between_op ::= * NOT BETWEEN
          expr ::= expr * between_op expr AND expr
          in_op ::= * IN
          in_op ::= * NOT IN
          expr ::= expr * in_op LP exprlist RP
          expr ::= expr * in_op LP select RP
          expr ::= expr * in_op nm dbnm paren_exprlist
          expr ::= RAISE LP raisetype COMMA expr * RP

                           NOT shift        485    
                            RP shift-reduce 279    expr ::= RAISE LP raisetype COMMA expr RP
                            OR shift        164    
                           AND shift        165    
                            IS shift        110    
                         MATCH shift-reduce 427    likeop ::= LIKE_KW|MATCH
                       LIKE_KW shift-reduce 427    likeop ::= LIKE_KW|MATCH
                       BETWEEN shift-reduce 218    between_op ::= BETWEEN
                            IN shift-reduce 221    in_op ::= IN
                        ISNULL shift-reduce 208    expr ::= expr ISNULL|NOTNULL
                       NOTNULL shift-reduce 208    expr ::= expr ISNULL|NOTNULL
                            NE shift        162    
                            EQ shift        162    
                            GT shift        163    
                            LE shift        163    
                            LT shift        163    
                            GE shift        163    
                        BITAND shift        161    
                         BITOR shift        161    
                        LSHIFT shift        161    
                        RSHIFT shift        161    
                          PLUS shift        160    
                         MINUS shift        160    
                          STAR shift        159    
                         SLASH shift        159    
                           REM shift        159    
                        CONCAT shift        158    
                           PTR shift        155    
                       COLLATE shift        529    
                        likeop shift        157    
                    between_op shift        154    
                         in_op shift        281    

State 81:
          expr ::= expr * COLLATE ID|STRING
          expr ::= expr * AND expr
          expr ::= expr * OR expr
          expr ::= expr * LT|GT|GE|LE expr
          expr ::= expr * EQ|NE expr
          expr ::= expr * BITAND|BITOR|LSHIFT|RSHIFT expr
          expr ::= expr * PLUS|MINUS expr
          expr ::= expr * STAR|SLASH|REM expr
          expr ::= expr * CONCAT expr
          likeop ::= * LIKE_KW|MATCH
          likeop ::= * NOT LIKE_KW|MATCH
          expr ::= expr * likeop expr
          expr ::= expr * likeop expr ESCAPE expr
          expr ::= expr * ISNULL|NOTNULL
          expr ::= expr * NOT NULL
          expr ::= expr * IS expr
          expr ::= expr * IS NOT expr
          expr ::= expr * IS NOT DISTINCT FROM expr
          expr ::= expr * IS DISTINCT FROM expr
          expr ::= expr * PTR expr
          between_op ::= * BETWEEN
          between_op ::= * NOT BETWEEN
          expr ::= expr * between_op expr AND expr
          in_op ::= * IN
          in_op ::= * NOT IN
          expr ::= expr * in_op LP exprlist RP
          expr ::= expr * in_op LP select RP
          expr ::= expr * in_op nm dbnm paren_exprlist
          case_exprlist ::= case_exprlist WHEN expr * THEN expr

                           NOT shift        485    
                            OR shift        164    
                           AND shift        165    
                            IS shift        110    
                         MATCH shift-reduce 427    likeop ::= LIKE_KW|MATCH
                       LIKE_KW shift-reduce 427    likeop ::= LIKE_KW|MATCH
                       BETWEEN shift-reduce 218    between_op ::= BETWEEN
                            IN shift-reduce 221    in_op ::= IN
                        ISNULL shift-reduce 208    expr ::= expr ISNULL|NOTNULL
                       NOTNULL shift-reduce 208    expr ::= expr ISNULL|NOTNULL
                            NE shift        162    
                            EQ shift        162    
                            GT shift        163    
                            LE shift        163    
                            LT shift        163    
                            GE shift        163    
                        BITAND shift        161    
                         BITOR shift        161    
                        LSHIFT shift        161    
                        RSHIFT shift        161    
                          PLUS shift        160    
                         MINUS shift        160    
                          STAR shift        159    
                         SLASH shift        159    
                           REM shift        159    
                        CONCAT shift        158    
                           PTR shift        155    
                       COLLATE shift        529    
                          THEN shift        146    
                        likeop shift        157    
                    between_op shift        154    
                         in_op shift        281    

State 82:
          expr ::= expr * COLLATE ID|STRING
          expr ::= CAST LP expr * AS typetoken RP
          expr ::= expr * AND expr
          expr ::= expr * OR expr
          expr ::= expr * LT|GT|GE|LE expr
          expr ::= expr * EQ|NE expr
          expr ::= expr * BITAND|BITOR|LSHIFT|RSHIFT expr
          expr ::= expr * PLUS|MINUS expr
          expr ::= expr * STAR|SLASH|REM expr
          expr ::= expr * CONCAT expr
          likeop ::= * LIKE_KW|MATCH
          likeop ::= * NOT LIKE_KW|MATCH
          expr ::= expr * likeop expr
          expr ::= expr * likeop expr ESCAPE expr
          expr ::= expr * ISNULL|NOTNULL
          expr ::= expr * NOT NULL
          expr ::= expr * IS expr
          expr ::= expr * IS NOT expr
          expr ::= expr * IS NOT DISTINCT FROM expr
          expr ::= expr * IS DISTINCT FROM expr
          expr ::= expr * PTR expr
          between_op ::= * BETWEEN
          between_op ::= * NOT BETWEEN
          expr ::= expr * between_op expr AND expr
          in_op ::= * IN
          in_op ::= * NOT IN
          expr ::= expr * in_op LP exprlist RP
          expr ::= expr * in_op LP select RP
          expr ::= expr * in_op nm dbnm paren_exprlist

                           NOT shift        485    
                            AS shift        261    
                            OR shift        164    
                           AND shift        165    
                            IS shift        110    
                         MATCH shift-reduce 427    likeop ::= LIKE_KW|MATCH
                       LIKE_KW shift-reduce 427    likeop ::= LIKE_KW|MATCH
                       BETWEEN shift-reduce 218    between_op ::= BETWEEN
                            IN shift-reduce 221    in_op ::= IN
                        ISNULL shift-reduce 208    expr ::= expr ISNULL|NOTNULL
                       NOTNULL shift-reduce 208    expr ::= expr ISNULL|NOTNULL
                            NE shift        162    
                            EQ shift        162    
                            GT shift        163    
                            LE shift        163    
                            LT shift        163    
                            GE shift        163    
                        BITAND shift        161    
                         BITOR shift        161    
                        LSHIFT shift        161    
                        RSHIFT shift        161    
                          PLUS shift        160    
                         MINUS shift        160    
                          STAR shift        159    
                         SLASH shift        159    
                           REM shift        159    
                        CONCAT shift        158    
                           PTR shift        155    
                       COLLATE shift        529    
                        likeop shift        157    
                    between_op shift        154    
                         in_op shift        281    

State 83:
          expr ::= expr * COLLATE ID|STRING
          expr ::= expr * AND expr
          expr ::= expr * OR expr
          expr ::= expr * LT|GT|GE|LE expr
          expr ::= expr * EQ|NE expr
          expr ::= expr * BITAND|BITOR|LSHIFT|RSHIFT expr
          expr ::= expr * PLUS|MINUS expr
          expr ::= expr * STAR|SLASH|REM expr
          expr ::= expr * CONCAT expr
          likeop ::= * LIKE_KW|MATCH
          likeop ::= * NOT LIKE_KW|MATCH
          expr ::= expr * likeop expr
          expr ::= expr * likeop expr ESCAPE expr
          expr ::= expr * ISNULL|NOTNULL
          expr ::= expr * NOT NULL
          expr ::= expr * IS expr
          expr ::= expr * IS NOT expr
          expr ::= expr * IS NOT DISTINCT FROM expr
          expr ::= expr * IS DISTINCT FROM expr
          expr ::= expr * PTR expr
          between_op ::= * BETWEEN
          between_op ::= * NOT BETWEEN
          expr ::= expr * between_op expr AND expr
          in_op ::= * IN
          in_op ::= * NOT IN
          expr ::= expr * in_op LP exprlist RP
          expr ::= expr * in_op LP select RP
          expr ::= expr * in_op nm dbnm paren_exprlist
    (325) cmd ::= DETACH database_kw_opt expr *

                           NOT shift        485    
                            OR shift        164    
                           AND shift        165    
                            IS shift        110    
                         MATCH shift-reduce 427    likeop ::= LIKE_KW|MATCH
                       LIKE_KW shift-reduce 427    likeop ::= LIKE_KW|MATCH
                       BETWEEN shift-reduce 218    between_op ::= BETWEEN
                            IN shift-reduce 221    in_op ::= IN
                        ISNULL shift-reduce 208    expr ::= expr ISNULL|NOTNULL
                       NOTNULL shift-reduce 208    expr ::= expr ISNULL|NOTNULL
                            NE shift        162    
                            EQ shift        162    
                            GT shift        163    
                            LE shift        163    
                            LT shift        163    
                            GE shift        163    
                        BITAND shift        161    
                         BITOR shift        161    
                        LSHIFT shift        161    
                        RSHIFT shift        161    
                          PLUS shift        160    
                         MINUS shift        160    
                          STAR shift        159    
                         SLASH shift        159    
                           REM shift        159    
                        CONCAT shift        158    
                           PTR shift        155    
                       COLLATE shift        529    
                        likeop shift        157    
                    between_op shift        154    
                         in_op shift        281    
                     {default} reduce       325    cmd ::= DETACH database_kw_opt expr

State 84:
          expr ::= expr * COLLATE ID|STRING
          expr ::= expr * AND expr
          expr ::= expr * OR expr
          expr ::= expr * LT|GT|GE|LE expr
          expr ::= expr * EQ|NE expr
          expr ::= expr * BITAND|BITOR|LSHIFT|RSHIFT expr
          expr ::= expr * PLUS|MINUS expr
          expr ::= expr * STAR|SLASH|REM expr
          expr ::= expr * CONCAT expr
          likeop ::= * LIKE_KW|MATCH
          likeop ::= * NOT LIKE_KW|MATCH
          expr ::= expr * likeop expr
          expr ::= expr * likeop expr ESCAPE expr
          expr ::= expr * ISNULL|NOTNULL
          expr ::= expr * NOT NULL
          expr ::= expr * IS expr
          expr ::= expr * IS NOT expr
          expr ::= expr * IS NOT DISTINCT FROM expr
          expr ::= expr * IS DISTINCT FROM expr
          expr ::= expr * PTR expr
          between_op ::= * BETWEEN
          between_op ::= * NOT BETWEEN
          expr ::= expr * between_op expr AND expr
          in_op ::= * IN
          in_op ::= * NOT IN
          expr ::= expr * in_op LP exprlist RP
          expr ::= expr * in_op LP select RP
          expr ::= expr * in_op nm dbnm paren_exprlist
    (327) key_opt ::= KEY expr *

                           NOT shift        485    
                            OR shift        164    
                           AND shift        165    
                            IS shift        110    
                         MATCH shift-reduce 427    likeop ::= LIKE_KW|MATCH
                       LIKE_KW shift-reduce 427    likeop ::= LIKE_KW|MATCH
                       BETWEEN shift-reduce 218    between_op ::= BETWEEN
                            IN shift-reduce 221    in_op ::= IN
                        ISNULL shift-reduce 208    expr ::= expr ISNULL|NOTNULL
                       NOTNULL shift-reduce 208    expr ::= expr ISNULL|NOTNULL
                            NE shift        162    
                            EQ shift        162    
                            GT shift        163    
                            LE shift        163    
                            LT shift        163    
                            GE shift        163    
                        BITAND shift        161    
                         BITOR shift        161    
                        LSHIFT shift        161    
                        RSHIFT shift        161    
                          PLUS shift        160    
                         MINUS shift        160    
                          STAR shift        159    
                         SLASH shift        159    
                           REM shift        159    
                        CONCAT shift        158    
                           PTR shift        155    
                       COLLATE shift        529    
                        likeop shift        157    
                    between_op shift        154    
                         in_op shift        281    
                     {default} reduce       327    key_opt ::= KEY expr

State 85:
          expr ::= expr * COLLATE ID|STRING
          expr ::= expr * AND expr
          expr ::= expr * OR expr
          expr ::= expr * LT|GT|GE|LE expr
          expr ::= expr * EQ|NE expr
          expr ::= expr * BITAND|BITOR|LSHIFT|RSHIFT expr
          expr ::= expr * PLUS|MINUS expr
          expr ::= expr * STAR|SLASH|REM expr
          expr ::= expr * CONCAT expr
          likeop ::= * LIKE_KW|MATCH
          likeop ::= * NOT LIKE_KW|MATCH
          expr ::= expr * likeop expr
          expr ::= expr * likeop expr ESCAPE expr
          expr ::= expr * ISNULL|NOTNULL
          expr ::= expr * NOT NULL
          expr ::= expr * IS expr
          expr ::= expr * IS NOT expr
          expr ::= expr * IS NOT DISTINCT FROM expr
          expr ::= expr * IS DISTINCT FROM expr
          expr ::= expr * PTR expr
          between_op ::= * BETWEEN
          between_op ::= * NOT BETWEEN
          expr ::= expr * between_op expr AND expr
          in_op ::= * IN
          in_op ::= * NOT IN
          expr ::= expr * in_op LP exprlist RP
          expr ::= expr * in_op LP select RP
          expr ::= expr * in_op nm dbnm paren_exprlist
    (251) vinto ::= INTO expr *

                           NOT shift        485    
                            OR shift        164    
                           AND shift        165    
                            IS shift        110    
                         MATCH shift-reduce 427    likeop ::= LIKE_KW|MATCH
                       LIKE_KW shift-reduce 427    likeop ::= LIKE_KW|MATCH
                       BETWEEN shift-reduce 218    between_op ::= BETWEEN
                            IN shift-reduce 221    in_op ::= IN
                        ISNULL shift-reduce 208    expr ::= expr ISNULL|NOTNULL
                       NOTNULL shift-reduce 208    expr ::= expr ISNULL|NOTNULL
                            NE shift        162    
                            EQ shift        162    
                            GT shift        163    
                            LE shift        163    
                            LT shift        163    
                            GE shift        163    
                        BITAND shift        161    
                         BITOR shift        161    
                        LSHIFT shift        161    
                        RSHIFT shift        161    
                          PLUS shift        160    
                         MINUS shift        160    
                          STAR shift        159    
                         SLASH shift        159    
                           REM shift        159    
                        CONCAT shift        158    
                           PTR shift        155    
                       COLLATE shift        529    
                        likeop shift        157    
                    between_op shift        154    
                         in_op shift        281    
                     {default} reduce       251    vinto ::= INTO expr

State 86:
          expr ::= expr * COLLATE ID|STRING
          expr ::= expr * AND expr
          expr ::= expr * OR expr
          expr ::= expr * LT|GT|GE|LE expr
          expr ::= expr * EQ|NE expr
          expr ::= expr * BITAND|BITOR|LSHIFT|RSHIFT expr
          expr ::= expr * PLUS|MINUS expr
          expr ::= expr * STAR|SLASH|REM expr
          expr ::= expr * CONCAT expr
          likeop ::= * LIKE_KW|MATCH
          likeop ::= * NOT LIKE_KW|MATCH
          expr ::= expr * likeop expr
          expr ::= expr * likeop expr ESCAPE expr
          expr ::= expr * ISNULL|NOTNULL
          expr ::= expr * NOT NULL
          expr ::= expr * IS expr
          expr ::= expr * IS NOT expr
          expr ::= expr * IS NOT DISTINCT FROM expr
          expr ::= expr * IS DISTINCT FROM expr
          expr ::= expr * PTR expr
          between_op ::= * BETWEEN
          between_op ::= * NOT BETWEEN
          expr ::= expr * between_op expr AND expr
          in_op ::= * IN
          in_op ::= * NOT IN
          expr ::= expr * in_op LP exprlist RP
          expr ::= expr * in_op LP select RP
          expr ::= expr * in_op nm dbnm paren_exprlist
    (291) proc_cmd ::= SET nm EQ expr *

                           NOT shift        485    
                            OR shift        164    
                           AND shift        165    
                            IS shift        110    
                         MATCH shift-reduce 427    likeop ::= LIKE_KW|MATCH
                       LIKE_KW shift-reduce 427    likeop ::= LIKE_KW|MATCH
                       BETWEEN shift-reduce 218    between_op ::= BETWEEN
                            IN shift-reduce 221    in_op ::= IN
                        ISNULL shift-reduce 208    expr ::= expr ISNULL|NOTNULL
                       NOTNULL shift-reduce 208    expr ::= expr ISNULL|NOTNULL
                            NE shift        162    
                            EQ shift        162    
                            GT shift        163    
                            LE shift        163    
                            LT shift        163    
                            GE shift        163    
                        BITAND shift        161    
                         BITOR shift        161    
                        LSHIFT shift        161    
                        RSHIFT shift        161    
                          PLUS shift        160    
                         MINUS shift        160    
                          STAR shift        159    
                         SLASH shift        159    
                           REM shift        159    
                        CONCAT shift        158    
                           PTR shift        155    
                       COLLATE shift        529    
                        likeop shift        157    
                    between_op shift        154    
                         in_op shift        281    
                     {default} reduce       291    proc_cmd ::= SET nm EQ expr

State 87:
          expr ::= expr * COLLATE ID|STRING
          expr ::= expr * AND expr
          expr ::= expr * OR expr
          expr ::= expr * LT|GT|GE|LE expr
          expr ::= expr * EQ|NE expr
          expr ::= expr * BITAND|BITOR|LSHIFT|RSHIFT expr
          expr ::= expr * PLUS|MINUS expr
          expr ::= expr * STAR|SLASH|REM expr
          expr ::= expr * CONCAT expr
          likeop ::= * LIKE_KW|MATCH
          likeop ::= * NOT LIKE_KW|MATCH
          expr ::= expr * likeop expr
          expr ::= expr * likeop expr ESCAPE expr
          expr ::= expr * ISNULL|NOTNULL
          expr ::= expr * NOT NULL
          expr ::= expr * IS expr
          expr ::= expr * IS NOT expr
          expr ::= expr * IS NOT DISTINCT FROM expr
          expr ::= expr * IS DISTINCT FROM expr
          expr ::= expr * PTR expr
          between_op ::= * BETWEEN
          between_op ::= * NOT BETWEEN
          expr ::= expr * between_op expr AND expr
          in_op ::= * IN
          in_op ::= * NOT IN
          expr ::= expr * in_op LP exprlist RP
          expr ::= expr * in_op LP select RP
          expr ::= expr * in_op nm dbnm paren_exprlist
    (290) proc_cmd ::= DECLARE nm typetoken DEFAULT expr *

                           NOT shift        485    
                            OR shift        164    
                           AND shift        165    
                            IS shift        110    
                         MATCH shift-reduce 427    likeop ::= LIKE_KW|MATCH
                       LIKE_KW shift-reduce 427    likeop ::= LIKE_KW|MATCH
                       BETWEEN shift-reduce 218    between_op ::= BETWEEN
                            IN shift-reduce 221    in_op ::= IN
                        ISNULL shift-reduce 208    expr ::= expr ISNULL|NOTNULL
                       NOTNULL shift-reduce 208    expr ::= expr ISNULL|NOTNULL
                            NE shift        162    
                            EQ shift        162    
                            GT shift        163    
                            LE shift        163    
                            LT shift        163    
                            GE shift        163    
                        BITAND shift        161    
                         BITOR shift        161    
                        LSHIFT shift        161    
                        RSHIFT shift        161    
                          PLUS shift        160    
                         MINUS shift        160    
                          STAR shift        159    
                         SLASH shift        159    
                           REM shift        159    
                        CONCAT shift        158    
                           PTR shift        155    
                       COLLATE shift        529    
                        likeop shift        157    
                    between_op shift        154    
                         in_op shift        281    
                     {default} reduce       290    proc_cmd ::= DECLARE nm typetoken DEFAULT expr

State 88:
    (163) setlist ::= LP idlist RP EQ expr *
          expr ::= expr * COLLATE ID|STRING
          expr ::= expr * AND expr
          expr ::= expr * OR expr
          expr ::= expr * LT|GT|GE|LE expr
          expr ::= expr * EQ|NE expr
          expr ::= expr * BITAND|BITOR|LSHIFT|RSHIFT expr
          expr ::= expr * PLUS|MINUS expr
          expr ::= expr * STAR|SLASH|REM expr
          expr ::= expr * CONCAT expr
          likeop ::= * LIKE_KW|MATCH
          likeop ::= * NOT LIKE_KW|MATCH
          expr ::= expr * likeop expr
          expr ::= expr * likeop expr ESCAPE expr
          expr ::= expr * ISNULL|NOTNULL
          expr ::= expr * NOT NULL
          expr ::= expr * IS expr
          expr ::= expr * IS NOT expr
          expr ::= expr * IS NOT DISTINCT FROM expr
          expr ::= expr * IS DISTINCT FROM expr
          expr ::= expr * PTR expr
          between_op ::= * BETWEEN
          between_op ::= * NOT BETWEEN
          expr ::= expr * between_op expr AND expr
          in_op ::= * IN
          in_op ::= * NOT IN
          expr ::= expr * in_op LP exprlist RP
          expr ::= expr * in_op LP select RP
          expr ::= expr * in_op nm dbnm paren_exprlist

                           NOT shift        485    
                            OR shift        164    
                           AND shift        165    
                            IS shift        110    
                         MATCH shift-reduce 427    likeop ::= LIKE_KW|MATCH
                       LIKE_KW shift-reduce 427    likeop ::= LIKE_KW|MATCH
                       BETWEEN shift-reduce 218    between_op ::= BETWEEN
                            IN shift-reduce 221    in_op ::= IN
                        ISNULL shift-reduce 208    expr ::= expr ISNULL|NOTNULL
                       NOTNULL shift-reduce 208    expr ::= expr ISNULL|NOTNULL
                            NE shift        162    
                            EQ shift        162    
                            GT shift        163    
                            LE shift        163    
                            LT shift        163    
                            GE shift        163    
                        BITAND shift        161    
                         BITOR shift        161    
                        LSHIFT shift        161    
                        RSHIFT shift        161    
                          PLUS shift        160    
                         MINUS shift        160    
                          STAR shift        159    
                         SLASH shift        159    
                           REM shift        159    
                        CONCAT shift        158    
                           PTR shift        155    
                       COLLATE shift        529    
                        likeop shift        157    
                    between_op shift        154    
                         in_op shift        281    
                     {default} reduce       163    setlist ::= LP idlist RP EQ expr

State 89:
    (162) setlist ::= nm EQ expr *
          expr ::= expr * COLLATE ID|STRING
          expr ::= expr * AND expr
          expr ::= expr * OR expr
          expr ::= expr * LT|GT|GE|LE expr
          expr ::= expr * EQ|NE expr
          expr ::= expr * BITAND|BITOR|LSHIFT|RSHIFT expr
          expr ::= expr * PLUS|MINUS expr
          expr ::= expr * STAR|SLASH|REM expr
          expr ::= expr * CONCAT expr
          likeop ::= * LIKE_KW|MATCH
          likeop ::= * NOT LIKE_KW|MATCH
          expr ::= expr * likeop expr
          expr ::= expr * likeop expr ESCAPE expr
          expr ::= expr * ISNULL|NOTNULL
          expr ::= expr * NOT NULL
          expr ::= expr * IS expr
          expr ::= expr * IS NOT expr
          expr ::= expr * IS NOT DISTINCT FROM expr
          expr ::= expr * IS DISTINCT FROM expr
          expr ::= expr * PTR expr
          between_op ::= * BETWEEN
          between_op ::= * NOT BETWEEN
          expr ::= expr * between_op expr AND expr
          in_op ::= * IN
          in_op ::= * NOT IN
          expr ::= expr * in_op LP exprlist RP
          expr ::= expr * in_op LP select RP
          expr ::= expr * in_op nm dbnm paren_exprlist

                           NOT shift        485    
                            OR shift        164    
                           AND shift        165    
                            IS shift        110    
                         MATCH shift-reduce 427    likeop ::= LIKE_KW|MATCH
                       LIKE_KW shift-reduce 427    likeop ::= LIKE_KW|MATCH
                       BETWEEN shift-reduce 218    between_op ::= BETWEEN
                            IN shift-reduce 221    in_op ::= IN
                        ISNULL shift-reduce 208    expr ::= expr ISNULL|NOTNULL
                       NOTNULL shift-reduce 208    expr ::= expr ISNULL|NOTNULL
                            NE shift        162    
                            EQ shift        162    
                            GT shift        163    
                            LE shift        163    
                            LT shift        163    
                            GE shift        163    
                        BITAND shift        161    
                         BITOR shift        161    
                        LSHIFT shift        161    
                        RSHIFT shift        161    
                          PLUS shift        160    
                         MINUS shift        160    
                          STAR shift        159    
                         SLASH shift        159    
                           REM shift        159    
                        CONCAT shift        158    
                           PTR shift        155    
                       COLLATE shift        529    
                        likeop shift        157    
                    between_op shift        154    
                         in_op shift        281    
                     {default} reduce       162    setlist ::= nm EQ expr

State 90:
    (161) setlist ::= setlist COMMA LP idlist RP EQ expr *
          expr ::= expr * COLLATE ID|STRING
          expr ::= expr * AND expr
          expr ::= expr * OR expr
          expr ::= expr * LT|GT|GE|LE expr
          expr ::= expr * EQ|NE expr
          expr ::= expr * BITAND|BITOR|LSHIFT|RSHIFT expr
          expr ::= expr * PLUS|MINUS expr
          expr ::= expr * STAR|SLASH|REM expr
          expr ::= expr * CONCAT expr
          likeop ::= * LIKE_KW|MATCH
          likeop ::= * NOT LIKE_KW|MATCH
          expr ::= expr * likeop expr
          expr ::= expr * likeop expr ESCAPE expr
          expr ::= expr * ISNULL|NOTNULL
          expr ::= expr * NOT NULL
          expr ::= expr * IS expr
          expr ::= expr * IS NOT expr
          expr ::= expr * IS NOT DISTINCT FROM expr
          expr ::= expr * IS DISTINCT FROM expr
          expr ::= expr * PTR expr
          between_op ::= * BETWEEN
          between_op ::= * NOT BETWEEN
          expr ::= expr * between_op expr AND expr
          in_op ::= * IN
          in_op ::= * NOT IN
          expr ::= expr * in_op LP exprlist RP
          expr ::= expr * in_op LP select RP
          expr ::= expr * in_op nm dbnm paren_exprlist

                           NOT shift        485    
                            OR shift        164    
                           AND shift        165    
                            IS shift        110    
                         MATCH shift-reduce 427    likeop ::= LIKE_KW|MATCH
                       LIKE_KW shift-reduce 427    likeop ::= LIKE_KW|MATCH
                       BETWEEN shift-reduce 218    between_op ::= BETWEEN
                            IN shift-reduce 221    in_op ::= IN
                        ISNULL shift-reduce 208    expr ::= expr ISNULL|NOTNULL
                       NOTNULL shift-reduce 208    expr ::= expr ISNULL|NOTNULL
                            NE shift        162    
                            EQ shift        162    
                            GT shift        163    
                            LE shift        163    
                            LT shift        163    
                            GE shift        163    
                        BITAND shift        161    
                         BITOR shift        161    
                        LSHIFT shift        161    
                        RSHIFT shift        161    
                          PLUS shift        160    
                         MINUS shift        160    
                          STAR shift        159    
                         SLASH shift        159    
                           REM shift        159    
                        CONCAT shift        158    
                           PTR shift        155    
                       COLLATE shift        529    
                        likeop shift        157    
                    between_op shift        154    
                         in_op shift        281    
                     {default} reduce       161    setlist ::= setlist COMMA LP idlist RP EQ expr

State 91:
    (160) setlist ::= setlist COMMA nm EQ expr *
          expr ::= expr * COLLATE ID|STRING
          expr ::= expr * AND expr
          expr ::= expr * OR expr
          expr ::= expr * LT|GT|GE|LE expr
          expr ::= expr * EQ|NE expr
          expr ::= expr * BITAND|BITOR|LSHIFT|RSHIFT expr
          expr ::= expr * PLUS|MINUS expr
          expr ::= expr * STAR|SLASH|REM expr
          expr ::= expr * CONCAT expr
          likeop ::= * LIKE_KW|MATCH
          likeop ::= * NOT LIKE_KW|MATCH
          expr ::= expr * likeop expr
          expr ::= expr * likeop expr ESCAPE expr
          expr ::= expr * ISNULL|NOTNULL
          expr ::= expr * NOT NULL
          expr ::= expr * IS expr
          expr ::= expr * IS NOT expr
          expr ::= expr * IS NOT DISTINCT FROM expr
          expr ::= expr * IS DISTINCT FROM expr
          expr ::= expr * PTR expr
          between_op ::= * BETWEEN
          between_op ::= * NOT BETWEEN
          expr ::= expr * between_op expr AND expr
          in_op ::= * IN
          in_op ::= * NOT IN
          expr ::= expr * in_op LP exprlist RP
          expr ::= expr * in_op LP select RP
          expr ::= expr * in_op nm dbnm paren_exprlist

                           NOT shift        485    
                            OR shift        164    
                           AND shift        165    
                            IS shift        110    
                         MATCH shift-reduce 427    likeop ::= LIKE_KW|MATCH
                       LIKE_KW shift-reduce 427    likeop ::= LIKE_KW|MATCH
                       BETWEEN shift-reduce 218    between_op ::= BETWEEN
                            IN shift-reduce 221    in_op ::= IN
                        ISNULL shift-reduce 208    expr ::= expr ISNULL|NOTNULL
                       NOTNULL shift-reduce 208    expr ::= expr ISNULL|NOTNULL
                            NE shift        162    
                            EQ shift        162    
                            GT shift        163    
                            LE shift        163    
                            LT shift        163    
                            GE shift        163    
                        BITAND shift        161    
                         BITOR shift        161    
                        LSHIFT shift        161    
                        RSHIFT shift        161    
                          PLUS shift        160    
                         MINUS shift        160    
                          STAR shift        159    
                         SLASH shift        159    
                           REM shift        159    
                        CONCAT shift        158    
                           PTR shift        155    
                       COLLATE shift        529    
                        likeop shift        157    
                    between_op shift        154    
                         in_op shift        281    
                     {default} reduce       160    setlist ::= setlist COMMA nm EQ expr

State 92:
          expr ::= expr * COLLATE ID|STRING
          expr ::= expr * AND expr
          expr ::= expr * OR expr
          expr ::= expr * LT|GT|GE|LE expr
          expr ::= expr * EQ|NE expr
          expr ::= expr * BITAND|BITOR|LSHIFT|RSHIFT expr
          expr ::= expr * PLUS|MINUS expr
          expr ::= expr * STAR|SLASH|REM expr
          expr ::= expr * CONCAT expr
          likeop ::= * LIKE_KW|MATCH
          likeop ::= * NOT LIKE_KW|MATCH
          expr ::= expr * likeop expr
          expr ::= expr * likeop expr ESCAPE expr
          expr ::= expr * ISNULL|NOTNULL
          expr ::= expr * NOT NULL
          expr ::= expr * IS expr
          expr ::= expr * IS NOT expr
          expr ::= expr * IS NOT DISTINCT FROM expr
          expr ::= expr * IS DISTINCT FROM expr
          expr ::= expr * PTR expr
          between_op ::= * BETWEEN
          between_op ::= * NOT BETWEEN
          expr ::= expr * between_op expr AND expr
          in_op ::= * IN
          in_op ::= * NOT IN
          expr ::= expr * in_op LP exprlist RP
          expr ::= expr * in_op LP select RP
          expr ::= expr * in_op nm dbnm paren_exprlist
    (269) when_clause ::= WHEN expr *

                           NOT shift        485    
                            OR shift        164    
                           AND shift        165    
                            IS shift        110    
                         MATCH shift-reduce 427    likeop ::= LIKE_KW|MATCH
                       LIKE_KW shift-reduce 427    likeop ::= LIKE_KW|MATCH
                       BETWEEN shift-reduce 218    between_op ::= BETWEEN
                            IN shift-reduce 221    in_op ::= IN
                        ISNULL shift-reduce 208    expr ::= expr ISNULL|NOTNULL
                       NOTNULL shift-reduce 208    expr ::= expr ISNULL|NOTNULL
                            NE shift        162    
                            EQ shift        162    
                            GT shift        163    
                            LE shift        163    
                            LT shift        163    
                            GE shift        163    
                        BITAND shift        161    
                         BITOR shift        161    
                        LSHIFT shift        161    
                        RSHIFT shift        161    
                          PLUS shift        160    
                         MINUS shift        160    
                          STAR shift        159    
                         SLASH shift        159    
                           REM shift        159    
                        CONCAT shift        158    
                           PTR shift        155    
                       COLLATE shift        529    
                        likeop shift        157    
                    between_op shift        154    
                         in_op shift        281    
                     {default} reduce       269    when_clause ::= WHEN expr

State 93:
    (128) on_using ::= ON expr *
          expr ::= expr * COLLATE ID|STRING
          expr ::= expr * AND expr
          expr ::= expr * OR expr
          expr ::= expr * LT|GT|GE|LE expr
          expr ::= expr * EQ|NE expr
          expr ::= expr * BITAND|BITOR|LSHIFT|RSHIFT expr
          expr ::= expr * PLUS|MINUS expr
          expr ::= expr * STAR|SLASH|REM expr
          expr ::= expr * CONCAT expr
          likeop ::= * LIKE_KW|MATCH
          likeop ::= * NOT LIKE_KW|MATCH
          expr ::= expr * likeop expr
          expr ::= expr * likeop expr ESCAPE expr
          expr ::= expr * ISNULL|NOTNULL
          expr ::= expr * NOT NULL
          expr ::= expr * IS expr
          expr ::= expr * IS NOT expr
          expr ::= expr * IS NOT DISTINCT FROM expr
          expr ::= expr * IS DISTINCT FROM expr
          expr ::= expr * PTR expr
          between_op ::= * BETWEEN
          between_op ::= * NOT BETWEEN
          expr ::= expr * between_op expr AND expr
          in_op ::= * IN
          in_op ::= * NOT IN
          expr ::= expr * in_op LP exprlist RP
          expr ::= expr * in_op LP select RP
          expr ::= expr * in_op nm dbnm paren_exprlist

                           NOT shift        485    
                            OR shift        164    
                           AND shift        165    
                            IS shift        110    
                         MATCH shift-reduce 427    likeop ::= LIKE_KW|MATCH
                       LIKE_KW shift-reduce 427    likeop ::= LIKE_KW|MATCH
                       BETWEEN shift-reduce 218    between_op ::= BETWEEN
                            IN shift-reduce 221    in_op ::= IN
                        ISNULL shift-reduce 208    expr ::= expr ISNULL|NOTNULL
                       NOTNULL shift-reduce 208    expr ::= expr ISNULL|NOTNULL
                            NE shift        162    
                            EQ shift        162    
                            GT shift        163    
                            LE shift        163    
                            LT shift        163    
                            GE shift        163    
                        BITAND shift        161    
                         BITOR shift        161    
                        LSHIFT shift        161    
                        RSHIFT shift        161    
                          PLUS shift        160    
                         MINUS shift        160    
                          STAR shift        159    
                         SLASH shift        159    
                           REM shift        159    
                        CONCAT shift        158    
                           PTR shift        155    
                       COLLATE shift        529    
                        likeop shift        157    
                    between_op shift        154    
                         in_op shift        281    
                     {default} reduce       128    on_using ::= ON expr

State 94:
    (154) where_opt ::= WHERE expr *
          expr ::= expr * COLLATE ID|STRING
          expr ::= expr * AND expr
          expr ::= expr * OR expr
          expr ::= expr * LT|GT|GE|LE expr
          expr ::= expr * EQ|NE expr
          expr ::= expr * BITAND|BITOR|LSHIFT|RSHIFT expr
          expr ::= expr * PLUS|MINUS expr
          expr ::= expr * STAR|SLASH|REM expr
          expr ::= expr * CONCAT expr
          likeop ::= * LIKE_KW|MATCH
          likeop ::= * NOT LIKE_KW|MATCH
          expr ::= expr * likeop expr
          expr ::= expr * likeop expr ESCAPE expr
          expr ::= expr * ISNULL|NOTNULL
          expr ::= expr * NOT NULL
          expr ::= expr * IS expr
          expr ::= expr * IS NOT expr
          expr ::= expr * IS NOT DISTINCT FROM expr
          expr ::= expr * IS DISTINCT FROM expr
          expr ::= expr * PTR expr
          between_op ::= * BETWEEN
          between_op ::= * NOT BETWEEN
          expr ::= expr * between_op expr AND expr
          in_op ::= * IN
          in_op ::= * NOT IN
          expr ::= expr * in_op LP exprlist RP
          expr ::= expr * in_op LP select RP
          expr ::= expr * in_op nm dbnm paren_exprlist

                           NOT shift        485    
                            OR shift        164    
                           AND shift        165    
                            IS shift        110    
                         MATCH shift-reduce 427    likeop ::= LIKE_KW|MATCH
                       LIKE_KW shift-reduce 427    likeop ::= LIKE_KW|MATCH
                       BETWEEN shift-reduce 218    between_op ::= BETWEEN
                            IN shift-reduce 221    in_op ::= IN
                        ISNULL shift-reduce 208    expr ::= expr ISNULL|NOTNULL
                       NOTNULL shift-reduce 208    expr ::= expr ISNULL|NOTNULL
                            NE shift        162    
                            EQ shift        162    
                            GT shift        163    
                            LE shift        163    
                            LT shift        163    
                            GE shift        163    
                        BITAND shift        161    
                         BITOR shift        161    
                        LSHIFT shift        161    
                        RSHIFT shift        161    
                          PLUS shift        160    
                         MINUS shift        160    
                          STAR shift        159    
                         SLASH shift        159    
                           REM shift        159    
                        CONCAT shift        158    
                           PTR shift        155    
                       COLLATE shift        529    
                        likeop shift        157    
                    between_op shift        154    
                         in_op shift        281    
                     {default} reduce       154    where_opt ::= WHERE expr

State 95:
    (147) having_opt ::= HAVING expr *
          expr ::= expr * COLLATE ID|STRING
          expr ::= expr * AND expr
          expr ::= expr * OR expr
          expr ::= expr * LT|GT|GE|LE expr
          expr ::= expr * EQ|NE expr
          expr ::= expr * BITAND|BITOR|LSHIFT|RSHIFT expr
          expr ::= expr * PLUS|MINUS expr
          expr ::= expr * STAR|SLASH|REM expr
          expr ::= expr * CONCAT expr
          likeop ::= * LIKE_KW|MATCH
          likeop ::= * NOT LIKE_KW|MATCH
          expr ::= expr * likeop expr
          expr ::= expr * likeop expr ESCAPE expr
          expr ::= expr * ISNULL|NOTNULL
          expr ::= expr * NOT NULL
          expr ::= expr * IS expr
          expr ::= expr * IS NOT expr
          expr ::= expr * IS NOT DISTINCT FROM expr
          expr ::= expr * IS DISTINCT FROM expr
          expr ::= expr * PTR expr
          between_op ::= * BETWEEN
          between_op ::= * NOT BETWEEN
          expr ::= expr * between_op expr AND expr
          in_op ::= * IN
          in_op ::= * NOT IN
          expr ::= expr * in_op LP exprlist RP
          expr ::= expr * in_op LP select RP
          expr ::= expr * in_op nm dbnm paren_exprlist

                           NOT shift        485    
                            OR shift        164    
                           AND shift        165    
                            IS shift        110    
                         MATCH shift-reduce 427    likeop ::= LIKE_KW|MATCH
                       LIKE_KW shift-reduce 427    likeop ::= LIKE_KW|MATCH
                       BETWEEN shift-reduce 218    between_op ::= BETWEEN
                            IN shift-reduce 221    in_op ::= IN
                        ISNULL shift-reduce 208    expr ::= expr ISNULL|NOTNULL
                       NOTNULL shift-reduce 208    expr ::= expr ISNULL|NOTNULL
                            NE shift        162    
                            EQ shift        162    
                            GT shift        163    
                            LE shift        163    
                            LT shift        163    
                            GE shift        163    
                        BITAND shift        161    
                         BITOR shift        161    
                        LSHIFT shift        161    
                        RSHIFT shift        161    
                          PLUS shift        160    
                         MINUS shift        160    
                          STAR shift        159    
                         SLASH shift        159    
                           REM shift        159    
                        CONCAT shift        158    
                           PTR shift        155    
                       COLLATE shift        529    
                        likeop shift        157    
                    between_op shift        154    
                         in_op shift        281    
                     {default} reduce       147    having_opt ::= HAVING expr

State 96:
    (151) limit_opt ::= LIMIT expr COMMA expr *
          expr ::= expr * COLLATE ID|STRING
          expr ::= expr * AND expr
          expr ::= expr * OR expr
          expr ::= expr * LT|GT|GE|LE expr
          expr ::= expr * EQ|NE expr
          expr ::= expr * BITAND|BITOR|LSHIFT|RSHIFT expr
          expr ::= expr * PLUS|MINUS expr
          expr ::= expr * STAR|SLASH|REM expr
          expr ::= expr * CONCAT expr
          likeop ::= * LIKE_KW|MATCH
          likeop ::= * NOT LIKE_KW|MATCH
          expr ::= expr * likeop expr
          expr ::= expr * likeop expr ESCAPE expr
          expr ::= expr * ISNULL|NOTNULL
          expr ::= expr * NOT NULL
          expr ::= expr * IS expr
          expr ::= expr * IS NOT expr
          expr ::= expr * IS NOT DISTINCT FROM expr
          expr ::= expr * IS DISTINCT FROM expr
          expr ::= expr * PTR expr
          between_op ::= * BETWEEN
          between_op ::= * NOT BETWEEN
          expr ::= expr * between_op expr AND expr
          in_op ::= * IN
          in_op ::= * NOT IN
          expr ::= expr * in_op LP exprlist RP
          expr ::= expr * in_op LP select RP
          expr ::= expr * in_op nm dbnm paren_exprlist

                           NOT shift        485    
                            OR shift        164    
                           AND shift        165    
                            IS shift        110    
                         MATCH shift-reduce 427    likeop ::= LIKE_KW|MATCH
                       LIKE_KW shift-reduce 427    likeop ::= LIKE_KW|MATCH
                       BETWEEN shift-reduce 218    between_op ::= BETWEEN
                            IN shift-reduce 221    in_op ::= IN
                        ISNULL shift-reduce 208    expr ::= expr ISNULL|NOTNULL
                       NOTNULL shift-reduce 208    expr ::= expr ISNULL|NOTNULL
                            NE shift        162    
                            EQ shift        162    
                            GT shift        163    
                            LE shift        163    
                            LT shift        163    
                            GE shift        163    
                        BITAND shift        161    
                         BITOR shift        161    
                        LSHIFT shift        161    
                        RSHIFT shift        161    
                          PLUS shift        160    
                         MINUS shift        160    
                          STAR shift        159    
                         SLASH shift        159    
                           REM shift        159    
                        CONCAT shift        158    
                           PTR shift        155    
                       COLLATE shift        529    
                        likeop shift        157    
                    between_op shift        154    
                         in_op shift        281    
                     {default} reduce       151    limit_opt ::= LIMIT expr COMMA expr

State 97:
          expr ::= expr * COLLATE ID|STRING
          expr ::= expr * AND expr
          expr ::= expr * OR expr
          expr ::= expr * LT|GT|GE|LE expr
          expr ::= expr * EQ|NE expr
          expr ::= expr * BITAND|BITOR|LSHIFT|RSHIFT expr
          expr ::= expr * PLUS|MINUS expr
          expr ::= expr * STAR|SLASH|REM expr
          expr ::= expr * CONCAT expr
          likeop ::= * LIKE_KW|MATCH
          likeop ::= * NOT LIKE_KW|MATCH
          expr ::= expr * likeop expr
          expr ::= expr * likeop expr ESCAPE expr
          expr ::= expr * ISNULL|NOTNULL
          expr ::= expr * NOT NULL
          expr ::= expr * IS expr
          expr ::= expr * IS NOT expr
          expr ::= expr * IS NOT DISTINCT FROM expr
          expr ::= expr * IS DISTINCT FROM expr
          expr ::= expr * PTR expr
          between_op ::= * BETWEEN
          between_op ::= * NOT BETWEEN
          expr ::= expr * between_op expr AND expr
          in_op ::= * IN
          in_op ::= * NOT IN
          expr ::= expr * in_op LP exprlist RP
          expr ::= expr * in_op LP select RP
          expr ::= expr * in_op nm dbnm paren_exprlist
    (230) case_exprlist ::= WHEN expr THEN expr *

                           NOT shift        485    
                            OR shift        164    
                           AND shift        165    
                            IS shift        110    
                         MATCH shift-reduce 427    likeop ::= LIKE_KW|MATCH
                       LIKE_KW shift-reduce 427    likeop ::= LIKE_KW|MATCH
                       BETWEEN shift-reduce 218    between_op ::= BETWEEN
                            IN shift-reduce 221    in_op ::= IN
                        ISNULL shift-reduce 208    expr ::= expr ISNULL|NOTNULL
                       NOTNULL shift-reduce 208    expr ::= expr ISNULL|NOTNULL
                            NE shift        162    
                            EQ shift        162    
                            GT shift        163    
                            LE shift        163    
                            LT shift        163    
                            GE shift        163    
                        BITAND shift        161    
                         BITOR shift        161    
                        LSHIFT shift        161    
                        RSHIFT shift        161    
                          PLUS shift        160    
                         MINUS shift        160    
                          STAR shift        159    
                         SLASH shift        159    
                           REM shift        159    
                        CONCAT shift        158    
                           PTR shift        155    
                       COLLATE shift        529    
                        likeop shift        157    
                    between_op shift        154    
                         in_op shift        281    
                     {default} reduce       230    case_exprlist ::= WHEN expr THEN expr

State 98:
          expr ::= expr * COLLATE ID|STRING
          expr ::= expr * AND expr
          expr ::= expr * OR expr
          expr ::= expr * LT|GT|GE|LE expr
          expr ::= expr * EQ|NE expr
          expr ::= expr * BITAND|BITOR|LSHIFT|RSHIFT expr
          expr ::= expr * PLUS|MINUS expr
          expr ::= expr * STAR|SLASH|REM expr
          expr ::= expr * CONCAT expr
          likeop ::= * LIKE_KW|MATCH
          likeop ::= * NOT LIKE_KW|MATCH
          expr ::= expr * likeop expr
          expr ::= expr * likeop expr ESCAPE expr
          expr ::= expr * ISNULL|NOTNULL
          expr ::= expr * NOT NULL
          expr ::= expr * IS expr
          expr ::= expr * IS NOT expr
          expr ::= expr * IS NOT DISTINCT FROM expr
          expr ::= expr * IS DISTINCT FROM expr
          expr ::= expr * PTR expr
          between_op ::= * BETWEEN
          between_op ::= * NOT BETWEEN
          expr ::= expr * between_op expr AND expr
          in_op ::= * IN
          in_op ::= * NOT IN
          expr ::= expr * in_op LP exprlist RP
          expr ::= expr * in_op LP select RP
          expr ::= expr * in_op nm dbnm paren_exprlist
    (231) case_else ::= ELSE expr *

                           NOT shift        485    
                            OR shift        164    
                           AND shift        165    
                            IS shift        110    
                         MATCH shift-reduce 427    likeop ::= LIKE_KW|MATCH
                       LIKE_KW shift-reduce 427    likeop ::= LIKE_KW|MATCH
                       BETWEEN shift-reduce 218    between_op ::= BETWEEN
                            IN shift-reduce 221    in_op ::= IN
                        ISNULL shift-reduce 208    expr ::= expr ISNULL|NOTNULL
                       NOTNULL shift-reduce 208    expr ::= expr ISNULL|NOTNULL
                            NE shift        162    
                            EQ shift        162    
                            GT shift        163    
                            LE shift        163    
                            LT shift        163    
                            GE shift        163    
                        BITAND shift        161    
                         BITOR shift        161    
                        LSHIFT shift        161    
                        RSHIFT shift        161    
                          PLUS shift        160    
                         MINUS shift        160    
                          STAR shift        159    
                         SLASH shift        159    
                           REM shift        159    
                        CONCAT shift        158    
                           PTR shift        155    
                       COLLATE shift        529    
                        likeop shift        157    
                    between_op shift        154    
                         in_op shift        281    
                     {default} reduce       231    case_else ::= ELSE expr

State 99:
          expr ::= expr * COLLATE ID|STRING
          expr ::= expr * AND expr
          expr ::= expr * OR expr
          expr ::= expr * LT|GT|GE|LE expr
          expr ::= expr * EQ|NE expr
          expr ::= expr * BITAND|BITOR|LSHIFT|RSHIFT expr
          expr ::= expr * PLUS|MINUS expr
          expr ::= expr * STAR|SLASH|REM expr
          expr ::= expr * CONCAT expr
          likeop ::= * LIKE_KW|MATCH
          likeop ::= * NOT LIKE_KW|MATCH
          expr ::= expr * likeop expr
          expr ::= expr * likeop expr ESCAPE expr
          expr ::= expr * ISNULL|NOTNULL
          expr ::= expr * NOT NULL
          expr ::= expr * IS expr
          expr ::= expr * IS NOT expr
          expr ::= expr * IS NOT DISTINCT FROM expr
          expr ::= expr * IS DISTINCT FROM expr
          expr ::= expr * PTR expr
          between_op ::= * BETWEEN
          between_op ::= * NOT BETWEEN
          expr ::= expr * between_op expr AND expr
          in_op ::= * IN
          in_op ::= * NOT IN
          expr ::= expr * in_op LP exprlist RP
          expr ::= expr * in_op LP select RP
          expr ::= expr * in_op nm dbnm paren_exprlist
    (229) case_exprlist ::= case_exprlist WHEN expr THEN expr *

                           NOT shift        485    
                            OR shift        164    
                           AND shift        165    
                            IS shift        110    
                         MATCH shift-reduce 427    likeop ::= LIKE_KW|MATCH
                       LIKE_KW shift-reduce 427    likeop ::= LIKE_KW|MATCH
                       BETWEEN shift-reduce 218    between_op ::= BETWEEN
                            IN shift-reduce 221    in_op ::= IN
                        ISNULL shift-reduce 208    expr ::= expr ISNULL|NOTNULL
                       NOTNULL shift-reduce 208    expr ::= expr ISNULL|NOTNULL
                            NE shift        162    
                            EQ shift        162    
                            GT shift        163    
                            LE shift        163    
                            LT shift        163    
                            GE shift        163    
                        BITAND shift        161    
                         BITOR shift        161    
                        LSHIFT shift        161    
                        RSHIFT shift        161    
                          PLUS shift        160    
                         MINUS shift        160    
                          STAR shift        159    
                         SLASH shift        159    
                           REM shift        159    
                        CONCAT shift        158    
                           PTR shift        155    
                       COLLATE shift        529    
                        likeop shift        157    
                    between_op shift        154    
                         in_op shift        281    
                     {default} reduce       229    case_exprlist ::= case_exprlist WHEN expr THEN expr

State 100:
          expr ::= expr * COLLATE ID|STRING
          expr ::= expr * AND expr
          expr ::= expr * OR expr
          expr ::= expr * LT|GT|GE|LE expr
          expr ::= expr * EQ|NE expr
          expr ::= expr * BITAND|BITOR|LSHIFT|RSHIFT expr
          expr ::= expr * PLUS|MINUS expr
          expr ::= expr * STAR|SLASH|REM expr
          expr ::= expr * CONCAT expr
          likeop ::= * LIKE_KW|MATCH
          likeop ::= * NOT LIKE_KW|MATCH
          expr ::= expr * likeop expr
          expr ::= expr * likeop expr ESCAPE expr
          expr ::= expr * ISNULL|NOTNULL
          expr ::= expr * NOT NULL
          expr ::= expr * IS expr
          expr ::= expr * IS NOT expr
          expr ::= expr * IS NOT DISTINCT FROM expr
          expr ::= expr * IS DISTINCT FROM expr
          expr ::= expr * PTR expr
          between_op ::= * BETWEEN
          between_op ::= * NOT BETWEEN
          expr ::= expr * between_op expr AND expr
          in_op ::= * IN
          in_op ::= * NOT IN
          expr ::= expr * in_op LP exprlist RP
          expr ::= expr * in_op LP select RP
          expr ::= expr * in_op nm dbnm paren_exprlist
    (428) case_operand ::= expr *

                           NOT shift        485    
                            OR shift        164    
                           AND shift        165    
                            IS shift        110    
                         MATCH shift-reduce 427    likeop ::= LIKE_KW|MATCH
                       LIKE_KW shift-reduce 427    likeop ::= LIKE_KW|MATCH
                       BETWEEN shift-reduce 218    between_op ::= BETWEEN
                            IN shift-reduce 221    in_op ::= IN
                        ISNULL shift-reduce 208    expr ::= expr ISNULL|NOTNULL
                       NOTNULL shift-reduce 208    expr ::= expr ISNULL|NOTNULL
                            NE shift        162    
                            EQ shift        162    
                            GT shift        163    
                            LE shift        163    
                            LT shift        163    
                            GE shift        163    
                        BITAND shift        161    
                         BITOR shift        161    
                        LSHIFT shift        161    
                        RSHIFT shift        161    
                          PLUS shift        160    
                         MINUS shift        160    
                          STAR shift        159    
                         SLASH shift        159    
                           REM shift        159    
                        CONCAT shift        158    
                           PTR shift        155    
                       COLLATE shift        529    
                        likeop shift        157    
                    between_op shift        154    
                         in_op shift        281    
                     {default} reduce       428    case_operand ::= expr

State 101:
          expr ::= expr * COLLATE ID|STRING
          expr ::= expr * AND expr
          expr ::= expr * OR expr
          expr ::= expr * LT|GT|GE|LE expr
          expr ::= expr * EQ|NE expr
          expr ::= expr * BITAND|BITOR|LSHIFT|RSHIFT expr
          expr ::= expr * PLUS|MINUS expr
          expr ::= expr * STAR|SLASH|REM expr
          expr ::= expr * CONCAT expr
          likeop ::= * LIKE_KW|MATCH
          likeop ::= * NOT LIKE_KW|MATCH
          expr ::= expr * likeop expr
          expr ::= expr * likeop expr ESCAPE expr
          expr ::= expr * ISNULL|NOTNULL
          expr ::= expr * NOT NULL
          expr ::= expr * IS expr
          expr ::= expr * IS NOT expr
          expr ::= expr * IS NOT DISTINCT FROM expr
          expr ::= expr * IS DISTINCT FROM expr
          expr ::= expr * PTR expr
          between_op ::= * BETWEEN
          between_op ::= * NOT BETWEEN
          expr ::= expr * between_op expr AND expr
          in_op ::= * IN
          in_op ::= * NOT IN
          expr ::= expr * in_op LP exprlist RP
          expr ::= expr * in_op LP select RP
          expr ::= expr * in_op nm dbnm paren_exprlist
    (236) nexprlist ::= expr *

                           NOT shift        485    
                            OR shift        164    
                           AND shift        165    
                            IS shift        110    
                         MATCH shift-reduce 427    likeop ::= LIKE_KW|MATCH
                       LIKE_KW shift-reduce 427    likeop ::= LIKE_KW|MATCH
                       BETWEEN shift-reduce 218    between_op ::= BETWEEN
                            IN shift-reduce 221    in_op ::= IN
                        ISNULL shift-reduce 208    expr ::= expr ISNULL|NOTNULL
                       NOTNULL shift-reduce 208    expr ::= expr ISNULL|NOTNULL
                            NE shift        162    
                            EQ shift        162    
                            GT shift        163    
                            LE shift        163    
                            LT shift        163    
                            GE shift        163    
                        BITAND shift        161    
                         BITOR shift        161    
                        LSHIFT shift        161    
                        RSHIFT shift        161    
                          PLUS shift        160    
                         MINUS shift        160    
                          STAR shift        159    
                         SLASH shift        159    
                           REM shift        159    
                        CONCAT shift        158    
                           PTR shift        155    
                       COLLATE shift        529    
                        likeop shift        157    
                    between_op shift        154    
                         in_op shift        281    
                     {default} reduce       236    nexprlist ::= expr

State 102:
          expr ::= expr * COLLATE ID|STRING
          expr ::= expr * AND expr
          expr ::= expr * OR expr
          expr ::= expr * LT|GT|GE|LE expr
          expr ::= expr * EQ|NE expr
          expr ::= expr * BITAND|BITOR|LSHIFT|RSHIFT expr
          expr ::= expr * PLUS|MINUS expr
          expr ::= expr * STAR|SLASH|REM expr
          expr ::= expr * CONCAT expr
          likeop ::= * LIKE_KW|MATCH
          likeop ::= * NOT LIKE_KW|MATCH
          expr ::= expr * likeop expr
          expr ::= expr * likeop expr ESCAPE expr
          expr ::= expr * ISNULL|NOTNULL
          expr ::= expr * NOT NULL
          expr ::= expr * IS expr
          expr ::= expr * IS NOT expr
          expr ::= expr * IS NOT DISTINCT FROM expr
          expr ::= expr * IS DISTINCT FROM expr
          expr ::= expr * PTR expr
          between_op ::= * BETWEEN
          between_op ::= * NOT BETWEEN
          expr ::= expr * between_op expr AND expr
          in_op ::= * IN
          in_op ::= * NOT IN
          expr ::= expr * in_op LP exprlist RP
          expr ::= expr * in_op LP select RP
          expr ::= expr * in_op nm dbnm paren_exprlist
    (235) nexprlist ::= nexprlist COMMA expr *

                           NOT shift        485    
                            OR shift        164    
                           AND shift        165    
                            IS shift        110    
                         MATCH shift-reduce 427    likeop ::= LIKE_KW|MATCH
                       LIKE_KW shift-reduce 427    likeop ::= LIKE_KW|MATCH
                       BETWEEN shift-reduce 218    between_op ::= BETWEEN
                            IN shift-reduce 221    in_op ::= IN
                        ISNULL shift-reduce 208    expr ::= expr ISNULL|NOTNULL
                       NOTNULL shift-reduce 208    expr ::= expr ISNULL|NOTNULL
                            NE shift        162    
                            EQ shift        162    
                            GT shift        163    
                            LE shift        163    
                            LT shift        163    
                            GE shift        163    
                        BITAND shift        161    
                         BITOR shift        161    
                        LSHIFT shift        161    
                        RSHIFT shift        161    
                          PLUS shift        160    
                         MINUS shift        160    
                          STAR shift        159    
                         SLASH shift        159    
                           REM shift        159    
                        CONCAT shift        158    
                           PTR shift        155    
                       COLLATE shift        529    
                        likeop shift        157    
                    between_op shift        154    
                         in_op shift        281    
                     {default} reduce       235    nexprlist ::= nexprlist COMMA expr

State 103:
          expr ::= expr * COLLATE ID|STRING
          expr ::= expr * AND expr
          expr ::= expr * OR expr
          expr ::= expr * LT|GT|GE|LE expr
          expr ::= expr * EQ|NE expr
          expr ::= expr * BITAND|BITOR|LSHIFT|RSHIFT expr
          expr ::= expr * PLUS|MINUS expr
          expr ::= expr * STAR|SLASH|REM expr
          expr ::= expr * CONCAT expr
          likeop ::= * LIKE_KW|MATCH
          likeop ::= * NOT LIKE_KW|MATCH
          expr ::= expr * likeop expr
          expr ::= expr * likeop expr ESCAPE expr
          expr ::= expr * ISNULL|NOTNULL
          expr ::= expr * NOT NULL
          expr ::= expr * IS expr
          expr ::= expr * IS NOT expr
          expr ::= expr * IS NOT DISTINCT FROM expr
          expr ::= expr * IS DISTINCT FROM expr
          expr ::= expr * PTR expr
          between_op ::= * BETWEEN
          between_op ::= * NOT BETWEEN
          expr ::= expr * between_op expr AND expr
          expr ::= expr between_op expr * AND expr
          in_op ::= * IN
          in_op ::= * NOT IN
          expr ::= expr * in_op LP exprlist RP
          expr ::= expr * in_op LP select RP
          expr ::= expr * in_op nm dbnm paren_exprlist

                           NOT shift        485    
                            OR shift        164    
                           AND shift        153    
                            IS shift        110    
                         MATCH shift-reduce 427    likeop ::= LIKE_KW|MATCH
                       LIKE_KW shift-reduce 427    likeop ::= LIKE_KW|MATCH
                       BETWEEN shift-reduce 218    between_op ::= BETWEEN
                            IN shift-reduce 221    in_op ::= IN
                        ISNULL shift-reduce 208    expr ::= expr ISNULL|NOTNULL
                       NOTNULL shift-reduce 208    expr ::= expr ISNULL|NOTNULL
                            NE shift        162    
                            EQ shift        162    
                            GT shift        163    
                            LE shift        163    
                            LT shift        163    
                            GE shift        163    
                        BITAND shift        161    
                         BITOR shift        161    
                        LSHIFT shift        161    
                        RSHIFT shift        161    
                          PLUS shift        160    
                         MINUS shift        160    
                          STAR shift        159    
                         SLASH shift        159    
                           REM shift        159    
                        CONCAT shift        158    
                           PTR shift        155    
                       COLLATE shift        529    
                        likeop shift        157    
                    between_op shift        154    
                         in_op shift        281    

State 104:
    (150) limit_opt ::= LIMIT expr OFFSET expr *
          expr ::= expr * COLLATE ID|STRING
          expr ::= expr * AND expr
          expr ::= expr * OR expr
          expr ::= expr * LT|GT|GE|LE expr
          expr ::= expr * EQ|NE expr
          expr ::= expr * BITAND|BITOR|LSHIFT|RSHIFT expr
          expr ::= expr * PLUS|MINUS expr
          expr ::= expr * STAR|SLASH|REM expr
          expr ::= expr * CONCAT expr
          likeop ::= * LIKE_KW|MATCH
          likeop ::= * NOT LIKE_KW|MATCH
          expr ::= expr * likeop expr
          expr ::= expr * likeop expr ESCAPE expr
          expr ::= expr * ISNULL|NOTNULL
          expr ::= expr * NOT NULL
          expr ::= expr * IS expr
          expr ::= expr * IS NOT expr
          expr ::= expr * IS NOT DISTINCT FROM expr
          expr ::= expr * IS DISTINCT FROM expr
          expr ::= expr * PTR expr
          between_op ::= * BETWEEN
          between_op ::= * NOT BETWEEN
          expr ::= expr * between_op expr AND expr
          in_op ::= * IN
          in_op ::= * NOT IN
          expr ::= expr * in_op LP exprlist RP
          expr ::= expr * in_op LP select RP
          expr ::= expr * in_op nm dbnm paren_exprlist

                           NOT shift        485    
                            OR shift        164    
                           AND shift        165    
                            IS shift        110    
                         MATCH shift-reduce 427    likeop ::= LIKE_KW|MATCH
                       LIKE_KW shift-reduce 427    likeop ::= LIKE_KW|MATCH
                       BETWEEN shift-reduce 218    between_op ::= BETWEEN
                            IN shift-reduce 221    in_op ::= IN
                        ISNULL shift-reduce 208    expr ::= expr ISNULL|NOTNULL
                       NOTNULL shift-reduce 208    expr ::= expr ISNULL|NOTNULL
                            NE shift        162    
                            EQ shift        162    
                            GT shift        163    
                            LE shift        163    
                            LT shift        163    
                            GE shift        163    
                        BITAND shift        161    
                         BITOR shift        161    
                        LSHIFT shift        161    
                        RSHIFT shift        161    
                          PLUS shift        160    
                         MINUS shift        160    
                          STAR shift        159    
                         SLASH shift        159    
                           REM shift        159    
                        CONCAT shift        158    
                           PTR shift        155    
                       COLLATE shift        529    
                        likeop shift        157    
                    between_op shift        154    
                         in_op shift        281    
                     {default} reduce       150    limit_opt ::= LIMIT expr OFFSET expr

State 105:
          expr ::= expr * COLLATE ID|STRING
          expr ::= expr * AND expr
          expr ::= expr * OR expr
    (198) expr ::= expr OR expr *
          expr ::= expr * LT|GT|GE|LE expr
          expr ::= expr * EQ|NE expr
          expr ::= expr * BITAND|BITOR|LSHIFT|RSHIFT expr
          expr ::= expr * PLUS|MINUS expr
          expr ::= expr * STAR|SLASH|REM expr
          expr ::= expr * CONCAT expr
          likeop ::= * LIKE_KW|MATCH
          likeop ::= * NOT LIKE_KW|MATCH
          expr ::= expr * likeop expr
          expr ::= expr * likeop expr ESCAPE expr
          expr ::= expr * ISNULL|NOTNULL
          expr ::= expr * NOT NULL
          expr ::= expr * IS expr
          expr ::= expr * IS NOT expr
          expr ::= expr * IS NOT DISTINCT FROM expr
          expr ::= expr * IS DISTINCT FROM expr
          expr ::= expr * PTR expr
          between_op ::= * BETWEEN
          between_op ::= * NOT BETWEEN
          expr ::= expr * between_op expr AND expr
          in_op ::= * IN
          in_op ::= * NOT IN
          expr ::= expr * in_op LP exprlist RP
          expr ::= expr * in_op LP select RP
          expr ::= expr * in_op nm dbnm paren_exprlist

                           NOT shift        485    
                           AND shift        165    
                            IS shift        110    
                         MATCH shift-reduce 427    likeop ::= LIKE_KW|MATCH
                       LIKE_KW shift-reduce 427    likeop ::= LIKE_KW|MATCH
                       BETWEEN shift-reduce 218    between_op ::= BETWEEN
                            IN shift-reduce 221    in_op ::= IN
                        ISNULL shift-reduce 208    expr ::= expr ISNULL|NOTNULL
                       NOTNULL shift-reduce 208    expr ::= expr ISNULL|NOTNULL
                            NE shift        162    
                            EQ shift        162    
                            GT shift        163    
                            LE shift        163    
                            LT shift        163    
                            GE shift        163    
                        BITAND shift        161    
                         BITOR shift        161    
                        LSHIFT shift        161    
                        RSHIFT shift        161    
                          PLUS shift        160    
                         MINUS shift        160    
                          STAR shift        159    
                         SLASH shift        159    
                           REM shift        159    
                        CONCAT shift        158    
                           PTR shift        155    
                       COLLATE shift        529    
                        likeop shift        157    
                    between_op shift        154    
                         in_op shift        281    
                     {default} reduce       198    expr ::= expr OR expr

State 106:
          expr ::= expr * COLLATE ID|STRING
          expr ::= expr * AND expr
          expr ::= expr * OR expr
          expr ::= expr * LT|GT|GE|LE expr
          expr ::= expr * EQ|NE expr
          expr ::= expr * BITAND|BITOR|LSHIFT|RSHIFT expr
          expr ::= expr * PLUS|MINUS expr
          expr ::= expr * STAR|SLASH|REM expr
          expr ::= expr * CONCAT expr
          likeop ::= * LIKE_KW|MATCH
          likeop ::= * NOT LIKE_KW|MATCH
          expr ::= expr * likeop expr
          expr ::= expr * likeop expr ESCAPE expr
          expr ::= expr * ISNULL|NOTNULL
          expr ::= expr * NOT NULL
          expr ::= expr * IS expr
          expr ::= expr * IS NOT expr
          expr ::= expr * IS NOT DISTINCT FROM expr
          expr ::= expr * IS DISTINCT FROM expr
    (214) expr ::= NOT expr *
          expr ::= expr * PTR expr
          between_op ::= * BETWEEN
          between_op ::= * NOT BETWEEN
          expr ::= expr * between_op expr AND expr
          in_op ::= * IN
          in_op ::= * NOT IN
          expr ::= expr * in_op LP exprlist RP
          expr ::= expr * in_op LP select RP
          expr ::= expr * in_op nm dbnm paren_exprlist

                           NOT shift        485    
                            IS shift        110    
                         MATCH shift-reduce 427    likeop ::= LIKE_KW|MATCH
                       LIKE_KW shift-reduce 427    likeop ::= LIKE_KW|MATCH
                       BETWEEN shift-reduce 218    between_op ::= BETWEEN
                            IN shift-reduce 221    in_op ::= IN
                        ISNULL shift-reduce 208    expr ::= expr ISNULL|NOTNULL
                       NOTNULL shift-reduce 208    expr ::= expr ISNULL|NOTNULL
                            NE shift        162    
                            EQ shift        162    
                            GT shift        163    
                            LE shift        163    
                            LT shift        163    
                            GE shift        163    
                        BITAND shift        161    
                         BITOR shift        161    
                        LSHIFT shift        161    
                        RSHIFT shift        161    
                          PLUS shift        160    
                         MINUS shift        160    
                          STAR shift        159    
                         SLASH shift        159    
                           REM shift        159    
                        CONCAT shift        158    
                           PTR shift        155    
                       COLLATE shift        529    
                        likeop shift        157    
                    between_op shift        154    
                         in_op shift        281    
                     {default} reduce       214    expr ::= NOT expr

State 107:
          expr ::= expr * COLLATE ID|STRING
          expr ::= expr * AND expr
    (197) expr ::= expr AND expr *
          expr ::= expr * OR expr
          expr ::= expr * LT|GT|GE|LE expr
          expr ::= expr * EQ|NE expr
          expr ::= expr * BITAND|BITOR|LSHIFT|RSHIFT expr
          expr ::= expr * PLUS|MINUS expr
          expr ::= expr * STAR|SLASH|REM expr
          expr ::= expr * CONCAT expr
          likeop ::= * LIKE_KW|MATCH
          likeop ::= * NOT LIKE_KW|MATCH
          expr ::= expr * likeop expr
          expr ::= expr * likeop expr ESCAPE expr
          expr ::= expr * ISNULL|NOTNULL
          expr ::= expr * NOT NULL
          expr ::= expr * IS expr
          expr ::= expr * IS NOT expr
          expr ::= expr * IS NOT DISTINCT FROM expr
          expr ::= expr * IS DISTINCT FROM expr
          expr ::= expr * PTR expr
          between_op ::= * BETWEEN
          between_op ::= * NOT BETWEEN
          expr ::= expr * between_op expr AND expr
          in_op ::= * IN
          in_op ::= * NOT IN
          expr ::= expr * in_op LP exprlist RP
          expr ::= expr * in_op LP select RP
          expr ::= expr * in_op nm dbnm paren_exprlist

                           NOT shift        485    
                            IS shift        110    
                         MATCH shift-reduce 427    likeop ::= LIKE_KW|MATCH
                       LIKE_KW shift-reduce 427    likeop ::= LIKE_KW|MATCH
                       BETWEEN shift-reduce 218    between_op ::= BETWEEN
                            IN shift-reduce 221    in_op ::= IN
                        ISNULL shift-reduce 208    expr ::= expr ISNULL|NOTNULL
                       NOTNULL shift-reduce 208    expr ::= expr ISNULL|NOTNULL
                            NE shift        162    
                            EQ shift        162    
                            GT shift        163    
                            LE shift        163    
                            LT shift        163    
                            GE shift        163    
                        BITAND shift        161    
                         BITOR shift        161    
                        LSHIFT shift        161    
                        RSHIFT shift        161    
                          PLUS shift        160    
                         MINUS shift        160    
                          STAR shift        159    
                         SLASH shift        159    
                           REM shift        159    
                        CONCAT shift        158    
                           PTR shift        155    
                       COLLATE shift        529    
                        likeop shift        157    
                    between_op shift        154    
                         in_op shift        281    
                     {default} reduce       197    expr ::= expr AND expr

State 108:
          nm ::= * ID|INDEXED|JOIN_KW
          nm ::= * STRING
          selcollist ::= sclp scanpt * expr scanpt as
          selcollist ::= sclp scanpt * STAR
          selcollist ::= sclp scanpt * nm DOT STAR
          expr ::= * term
          expr ::= * LP expr RP
          expr ::= * ID|INDEXED|JOIN_KW
          expr ::= * nm DOT nm
          expr ::= * nm DOT nm DOT nm
          term ::= * NULL|FLOAT|BLOB
          term ::= * STRING
          term ::= * INTEGER
          expr ::= * VARIABLE
          expr ::= * expr COLLATE ID|STRING
          expr ::= * CAST LP expr AS typetoken RP
          expr ::= * ID|INDEXED|JOIN_KW LP distinct exprlist RP
          expr ::= * ID|INDEXED|JOIN_KW LP distinct exprlist ORDER BY sortlist RP
          expr ::= * ID|INDEXED|JOIN_KW LP STAR RP
          expr ::= * ID|INDEXED|JOIN_KW LP distinct exprlist RP filter_over
          expr ::= * ID|INDEXED|JOIN_KW LP distinct exprlist ORDER BY sortlist RP filter_over
          expr ::= * ID|INDEXED|JOIN_KW LP STAR RP filter_over
          term ::= * CTIME_KW
          expr ::= * LP nexprlist COMMA expr RP
          expr ::= * expr AND expr
          expr ::= * expr OR expr
          expr ::= * expr LT|GT|GE|LE expr
          expr ::= * expr EQ|NE expr
          expr ::= * expr BITAND|BITOR|LSHIFT|RSHIFT expr
          expr ::= * expr PLUS|MINUS expr
          expr ::= * expr STAR|SLASH|REM expr
          expr ::= * expr CONCAT expr
          expr ::= * expr likeop expr
          expr ::= * expr likeop expr ESCAPE expr
          expr ::= * expr ISNULL|NOTNULL
          expr ::= * expr NOT NULL
          expr ::= * expr IS expr
          expr ::= * expr IS NOT expr
          expr ::= * expr IS NOT DISTINCT FROM expr
          expr ::= * expr IS DISTINCT FROM expr
          expr ::= * NOT expr
          expr ::= * BITNOT expr
          expr ::= * PLUS|MINUS expr
          expr ::= * expr PTR expr
          expr ::= * expr between_op expr AND expr
          expr ::= * expr in_op LP exprlist RP
          expr ::= * LP select RP
          expr ::= * expr in_op LP select RP
          expr ::= * expr in_op nm dbnm paren_exprlist
          expr ::= * EXISTS LP select RP
          expr ::= * CASE case_operand case_exprlist case_else END
          expr ::= * RAISE LP IGNORE RP
          expr ::= * RAISE LP raisetype COMMA expr RP
          term ::= * QNUMBER

                           NOT shift        150    
                        EXISTS shift        683    
                            LP shift        4      
                          CAST shift        686    
                            ID shift        530    
                         RAISE shift        680    
                      CTIME_KW shift-reduce 195    term ::= CTIME_KW
                          PLUS shift        148    
                         MINUS shift        148    
                          STAR shift-reduce 103    selcollist ::= sclp scanpt STAR
                        BITNOT shift        149    
                       INDEXED shift        530    
                        STRING shift        692    
                       JOIN_KW shift        530    
                          NULL shift-reduce 183    term ::= NULL|FLOAT|BLOB
                         FLOAT shift-reduce 183    term ::= NULL|FLOAT|BLOB
                          BLOB shift-reduce 183    term ::= NULL|FLOAT|BLOB
                       INTEGER shift-reduce 185    term ::= INTEGER
                      VARIABLE shift-reduce 186    expr ::= VARIABLE
                          CASE shift        38     
                       QNUMBER shift-reduce 387    term ::= QNUMBER
                            nm shift        644    
                          term shift        25       /* because term==expr */
                          expr shift        25     

State 109:
          nm ::= * ID|INDEXED|JOIN_KW
          nm ::= * STRING
          expr ::= * term
          expr ::= * LP expr RP
          expr ::= * ID|INDEXED|JOIN_KW
          expr ::= * nm DOT nm
          expr ::= * nm DOT nm DOT nm
          term ::= * NULL|FLOAT|BLOB
          term ::= * STRING
          term ::= * INTEGER
          expr ::= * VARIABLE
          expr ::= * expr COLLATE ID|STRING
          expr ::= * CAST LP expr AS typetoken RP
          expr ::= * ID|INDEXED|JOIN_KW LP distinct exprlist RP
          expr ::= * ID|INDEXED|JOIN_KW LP distinct exprlist ORDER BY sortlist RP
          expr ::= * ID|INDEXED|JOIN_KW LP STAR RP
          expr ::= * ID|INDEXED|JOIN_KW LP distinct exprlist RP filter_over
          expr ::= * ID|INDEXED|JOIN_KW LP distinct exprlist ORDER BY sortlist RP filter_over
          expr ::= * ID|INDEXED|JOIN_KW LP STAR RP filter_over
          term ::= * CTIME_KW
          expr ::= * LP nexprlist COMMA expr RP
          expr ::= * expr AND expr
          expr ::= * expr OR expr
          expr ::= * expr LT|GT|GE|LE expr
          expr ::= * expr EQ|NE expr
          expr ::= * expr BITAND|BITOR|LSHIFT|RSHIFT expr
          expr ::= * expr PLUS|MINUS expr
          expr ::= * expr STAR|SLASH|REM expr
          expr ::= * expr CONCAT expr
          expr ::= * expr likeop expr
          expr ::= * expr likeop expr ESCAPE expr
          expr ::= * expr ISNULL|NOTNULL
          expr ::= * expr NOT NULL
          expr ::= * expr IS expr
          expr ::= * expr IS NOT expr
          expr ::= expr IS NOT * expr
          expr ::= * expr IS NOT DISTINCT FROM expr
          expr ::= expr IS NOT * DISTINCT FROM expr
          expr ::= * expr IS DISTINCT FROM expr
          expr ::= * NOT expr
          expr ::= NOT * expr
          expr ::= * BITNOT expr
          expr ::= * PLUS|MINUS expr
          expr ::= * expr PTR expr
          expr ::= * expr between_op expr AND expr
          expr ::= * expr in_op LP exprlist RP
          expr ::= * LP select RP
          expr ::= * expr in_op LP select RP
          expr ::= * expr in_op nm dbnm paren_exprlist
          expr ::= * EXISTS LP select RP
          expr ::= * CASE case_operand case_exprlist case_else END
          expr ::= * RAISE LP IGNORE RP
          expr ::= * RAISE LP raisetype COMMA expr RP
          term ::= * QNUMBER

                           NOT shift        150    
                        EXISTS shift        683    
                            LP shift        4      
                          CAST shift        686    
                            ID shift        530    
                         RAISE shift        680    
                      CTIME_KW shift-reduce 195    term ::= CTIME_KW
                          PLUS shift        148    
                         MINUS shift        148    
                        BITNOT shift        149    
                       INDEXED shift        530    
                        STRING shift        692    
                       JOIN_KW shift        530    
                          NULL shift-reduce 183    term ::= NULL|FLOAT|BLOB
                      DISTINCT shift        670    
                         FLOAT shift-reduce 183    term ::= NULL|FLOAT|BLOB
                          BLOB shift-reduce 183    term ::= NULL|FLOAT|BLOB
                       INTEGER shift-reduce 185    term ::= INTEGER
                      VARIABLE shift-reduce 186    expr ::= VARIABLE
                          CASE shift        38     
                       QNUMBER shift-reduce 387    term ::= QNUMBER
                            nm shift        691    
                          term shift        172      /* because term==expr */
                          expr shift        172    

State 110:
          nm ::= * ID|INDEXED|JOIN_KW
          nm ::= * STRING
          expr ::= * term
          expr ::= * LP expr RP
          expr ::= * ID|INDEXED|JOIN_KW
          expr ::= * nm DOT nm
          expr ::= * nm DOT nm DOT nm
          term ::= * NULL|FLOAT|BLOB
          term ::= * STRING
          term ::= * INTEGER
          expr ::= * VARIABLE
          expr ::= * expr COLLATE ID|STRING
          expr ::= * CAST LP expr AS typetoken RP
          expr ::= * ID|INDEXED|JOIN_KW LP distinct exprlist RP
          expr ::= * ID|INDEXED|JOIN_KW LP distinct exprlist ORDER BY sortlist RP
          expr ::= * ID|INDEXED|JOIN_KW LP STAR RP
          expr ::= * ID|INDEXED|JOIN_KW LP distinct exprlist RP filter_over
          expr ::= * ID|INDEXED|JOIN_KW LP distinct exprlist ORDER BY sortlist RP filter_over
          expr ::= * ID|INDEXED|JOIN_KW LP STAR RP filter_over
          term ::= * CTIME_KW
          expr ::= * LP nexprlist COMMA expr RP
          expr ::= * expr AND expr
          expr ::= * expr OR expr
          expr ::= * expr LT|GT|GE|LE expr
          expr ::= * expr EQ|NE expr
          expr ::= * expr BITAND|BITOR|LSHIFT|RSHIFT expr
          expr ::= * expr PLUS|MINUS expr
          expr ::= * expr STAR|SLASH|REM expr
          expr ::= * expr CONCAT expr
          expr ::= * expr likeop expr
          expr ::= * expr likeop expr ESCAPE expr
          expr ::= * expr ISNULL|NOTNULL
          expr ::= * expr NOT NULL
          expr ::= * expr IS expr
          expr ::= expr IS * expr
          expr ::= * expr IS NOT expr
          expr ::= expr IS * NOT expr
          expr ::= * expr IS NOT DISTINCT FROM expr
          expr ::= expr IS * NOT DISTINCT FROM expr
          expr ::= * expr IS DISTINCT FROM expr
          expr ::= expr IS * DISTINCT FROM expr
          expr ::= * NOT expr
          expr ::= * BITNOT expr
          expr ::= * PLUS|MINUS expr
          expr ::= * expr PTR expr
          expr ::= * expr between_op expr AND expr
          expr ::= * expr in_op LP exprlist RP
          expr ::= * LP select RP
          expr ::= * expr in_op LP select RP
          expr ::= * expr in_op nm dbnm paren_exprlist
          expr ::= * EXISTS LP select RP
          expr ::= * CASE case_operand case_exprlist case_else END
          expr ::= * RAISE LP IGNORE RP
          expr ::= * RAISE LP raisetype COMMA expr RP
          term ::= * QNUMBER

                           NOT shift        109    
                        EXISTS shift        683    
                            LP shift        4      
                          CAST shift        686    
                            ID shift        530    
                         RAISE shift        680    
                      CTIME_KW shift-reduce 195    term ::= CTIME_KW
                          PLUS shift        148    
                         MINUS shift        148    
                        BITNOT shift        149    
                       INDEXED shift        530    
                        STRING shift        692    
                       JOIN_KW shift        530    
                          NULL shift-reduce 183    term ::= NULL|FLOAT|BLOB
                      DISTINCT shift        669    
                         FLOAT shift-reduce 183    term ::= NULL|FLOAT|BLOB
                          BLOB shift-reduce 183    term ::= NULL|FLOAT|BLOB
                       INTEGER shift-reduce 185    term ::= INTEGER
                      VARIABLE shift-reduce 186    expr ::= VARIABLE
                          CASE shift        38     
                       QNUMBER shift-reduce 387    term ::= QNUMBER
                            nm shift        691    
                          term shift        174      /* because term==expr */
                          expr shift        174    

State 111:
          nm ::= * ID|INDEXED|JOIN_KW
          nm ::= * STRING
          expr ::= * term
          expr ::= * LP expr RP
          expr ::= * ID|INDEXED|JOIN_KW
          expr ::= * nm DOT nm
          expr ::= * nm DOT nm DOT nm
          term ::= * NULL|FLOAT|BLOB
          term ::= * STRING
          term ::= * INTEGER
          expr ::= * VARIABLE
          expr ::= * expr COLLATE ID|STRING
          expr ::= * CAST LP expr AS typetoken RP
          expr ::= * ID|INDEXED|JOIN_KW LP distinct exprlist RP
          expr ::= * ID|INDEXED|JOIN_KW LP distinct exprlist ORDER BY sortlist RP
          expr ::= * ID|INDEXED|JOIN_KW LP STAR RP
          expr ::= * ID|INDEXED|JOIN_KW LP distinct exprlist RP filter_over
          expr ::= * ID|INDEXED|JOIN_KW LP distinct exprlist ORDER BY sortlist RP filter_over
          expr ::= * ID|INDEXED|JOIN_KW LP STAR RP filter_over
          term ::= * CTIME_KW
          expr ::= * LP nexprlist COMMA expr RP
          expr ::= * expr AND expr
          expr ::= * expr OR expr
          expr ::= * expr LT|GT|GE|LE expr
          expr ::= * expr EQ|NE expr
          expr ::= * expr BITAND|BITOR|LSHIFT|RSHIFT expr
          expr ::= * expr PLUS|MINUS expr
          expr ::= * expr STAR|SLASH|REM expr
          expr ::= * expr CONCAT expr
          expr ::= * expr likeop expr
          expr ::= * expr likeop expr ESCAPE expr
          expr ::= * expr ISNULL|NOTNULL
          expr ::= * expr NOT NULL
          expr ::= * expr IS expr
          expr ::= * expr IS NOT expr
          expr ::= * expr IS NOT DISTINCT FROM expr
          expr ::= * expr IS DISTINCT FROM expr
          expr ::= * NOT expr
          expr ::= * BITNOT expr
          expr ::= * PLUS|MINUS expr
          expr ::= * expr PTR expr
          expr ::= * expr between_op expr AND expr
          expr ::= * expr in_op LP exprlist RP
          expr ::= * LP select RP
          expr ::= * expr in_op LP select RP
          expr ::= * expr in_op nm dbnm paren_exprlist
          expr ::= * EXISTS LP select RP
          expr ::= * CASE case_operand case_exprlist case_else END
          expr ::= * RAISE LP IGNORE RP
          expr ::= * RAISE LP raisetype COMMA expr RP
          cmd ::= ALTER TABLE fullname ADD CHECK LP * expr RP onconf
          term ::= * QNUMBER

                           NOT shift        150    
                        EXISTS shift        683    
                            LP shift        4      
                          CAST shift        686    
                            ID shift        530    
                         RAISE shift        680    
                      CTIME_KW shift-reduce 195    term ::= CTIME_KW
                          PLUS shift        148    
                         MINUS shift        148    
                        BITNOT shift        149    
                       INDEXED shift        530    
                        STRING shift        692    
                       JOIN_KW shift        530    
                          NULL shift-reduce 183    term ::= NULL|FLOAT|BLOB
                         FLOAT shift-reduce 183    term ::= NULL|FLOAT|BLOB
                          BLOB shift-reduce 183    term ::= NULL|FLOAT|BLOB
                       INTEGER shift-reduce 185    term ::= INTEGER
                      VARIABLE shift-reduce 186    expr ::= VARIABLE
                          CASE shift        38     
                       QNUMBER shift-reduce 387    term ::= QNUMBER
                            nm shift        691    
                          term shift        64       /* because term==expr */
                          expr shift        64     

State 112:
          nm ::= * ID|INDEXED|JOIN_KW
          nm ::= * STRING
          expr ::= * term
          expr ::= * LP expr RP
          expr ::= * ID|INDEXED|JOIN_KW
          expr ::= * nm DOT nm
          expr ::= * nm DOT nm DOT nm
          term ::= * NULL|FLOAT|BLOB
          term ::= * STRING
          term ::= * INTEGER
          expr ::= * VARIABLE
          expr ::= * expr COLLATE ID|STRING
          expr ::= * CAST LP expr AS typetoken RP
          expr ::= * ID|INDEXED|JOIN_KW LP distinct exprlist RP
          expr ::= * ID|INDEXED|JOIN_KW LP distinct exprlist ORDER BY sortlist RP
          expr ::= * ID|INDEXED|JOIN_KW LP STAR RP
          expr ::= * ID|INDEXED|JOIN_KW LP distinct exprlist RP filter_over
          expr ::= * ID|INDEXED|JOIN_KW LP distinct exprlist ORDER BY sortlist RP filter_over
          expr ::= * ID|INDEXED|JOIN_KW LP STAR RP filter_over
          term ::= * CTIME_KW
          expr ::= * LP nexprlist COMMA expr RP
          expr ::= * expr AND expr
          expr ::= * expr OR expr
          expr ::= * expr LT|GT|GE|LE expr
          expr ::= * expr EQ|NE expr
          expr ::= * expr BITAND|BITOR|LSHIFT|RSHIFT expr
          expr ::= * expr PLUS|MINUS expr
          expr ::= * expr STAR|SLASH|REM expr
          expr ::= * expr CONCAT expr
          expr ::= * expr likeop expr
          expr ::= * expr likeop expr ESCAPE expr
          expr ::= * expr ISNULL|NOTNULL
          expr ::= * expr NOT NULL
          expr ::= * expr IS expr
          expr ::= * expr IS NOT expr
          expr ::= * expr IS NOT DISTINCT FROM expr
          expr ::= * expr IS DISTINCT FROM expr
          expr ::= * NOT expr
          expr ::= * BITNOT expr
          expr ::= * PLUS|MINUS expr
          expr ::= * expr PTR expr
          expr ::= * expr between_op expr AND expr
          expr ::= * expr in_op LP exprlist RP
          expr ::= * LP select RP
          expr ::= * expr in_op LP select RP
          expr ::= * expr in_op nm dbnm paren_exprlist
          expr ::= * EXISTS LP select RP
          expr ::= * CASE case_operand case_exprlist case_else END
          expr ::= * RAISE LP IGNORE RP
          expr ::= * RAISE LP raisetype COMMA expr RP
          cmd ::= ALTER TABLE fullname ADD CONSTRAINT nm CHECK LP * expr RP onconf
          term ::= * QNUMBER

                           NOT shift        150    
                        EXISTS shift        683    
                            LP shift        4      
                          CAST shift        686    
                            ID shift        530    
                         RAISE shift        680    
                      CTIME_KW shift-reduce 195    term ::= CTIME_KW
                          PLUS shift        148    
                         MINUS shift        148    
                        BITNOT shift        149    
                       INDEXED shift        530    
                        STRING shift        692    
                       JOIN_KW shift        530    
                          NULL shift-reduce 183    term ::= NULL|FLOAT|BLOB
                         FLOAT shift-reduce 183    term ::= NULL|FLOAT|BLOB
                          BLOB shift-reduce 183    term ::= NULL|FLOAT|BLOB
                       INTEGER shift-reduce 185    term ::= INTEGER
                      VARIABLE shift-reduce 186    expr ::= VARIABLE
                          CASE shift        38     
                       QNUMBER shift-reduce 387    term ::= QNUMBER
                            nm shift        691    
                          term shift        65       /* because term==expr */
                          expr shift        65     

State 113:
          nm ::= * ID|INDEXED|JOIN_KW
          nm ::= * STRING
          expr ::= * term
          expr ::= * LP expr RP
          expr ::= * ID|INDEXED|JOIN_KW
          expr ::= * nm DOT nm
          expr ::= * nm DOT nm DOT nm
          term ::= * NULL|FLOAT|BLOB
          term ::= * STRING
          term ::= * INTEGER
          expr ::= * VARIABLE
          expr ::= * expr COLLATE ID|STRING
          expr ::= * CAST LP expr AS typetoken RP
          expr ::= * ID|INDEXED|JOIN_KW LP distinct exprlist RP
          expr ::= * ID|INDEXED|JOIN_KW LP distinct exprlist ORDER BY sortlist RP
          expr ::= * ID|INDEXED|JOIN_KW LP STAR RP
          expr ::= * ID|INDEXED|JOIN_KW LP distinct exprlist RP filter_over
          expr ::= * ID|INDEXED|JOIN_KW LP distinct exprlist ORDER BY sortlist RP filter_over
          expr ::= * ID|INDEXED|JOIN_KW LP STAR RP filter_over
          term ::= * CTIME_KW
          expr ::= * LP nexprlist COMMA expr RP
          expr ::= * expr AND expr
          expr ::= * expr OR expr
          expr ::= * expr LT|GT|GE|LE expr
          expr ::= * expr EQ|NE expr
          expr ::= * expr BITAND|BITOR|LSHIFT|RSHIFT expr
          expr ::= * expr PLUS|MINUS expr
          expr ::= * expr STAR|SLASH|REM expr
          expr ::= * expr CONCAT expr
          expr ::= * expr likeop expr
          expr ::= * expr likeop expr ESCAPE expr
          expr ::= * expr ISNULL|NOTNULL
          expr ::= * expr NOT NULL
          expr ::= * expr IS expr
          expr ::= * expr IS NOT expr
          expr ::= * expr IS NOT DISTINCT FROM expr
          expr ::= * expr IS DISTINCT FROM expr
          expr ::= * NOT expr
          expr ::= * BITNOT expr
          expr ::= * PLUS|MINUS expr
          expr ::= * expr PTR expr
          expr ::= * expr between_op expr AND expr
          expr ::= * expr in_op LP exprlist RP
          expr ::= * LP select RP
          expr ::= * expr in_op LP select RP
          expr ::= * expr in_op nm dbnm paren_exprlist
          expr ::= * EXISTS LP select RP
          expr ::= * CASE case_operand case_exprlist case_else END
          expr ::= * RAISE LP IGNORE RP
          expr ::= * RAISE LP raisetype COMMA expr RP
          cmd ::= DETACH database_kw_opt * expr
          term ::= * QNUMBER

                           NOT shift        150    
                        EXISTS shift        683    
                            LP shift        4      
                          CAST shift        686    
                            ID shift        530    
                         RAISE shift        680    
                      CTIME_KW shift-reduce 195    term ::= CTIME_KW
                          PLUS shift        148    
                         MINUS shift        148    
                        BITNOT shift        149    
                       INDEXED shift        530    
                        STRING shift        692    
                       JOIN_KW shift        530    
                          NULL shift-reduce 183    term ::= NULL|FLOAT|BLOB
                         FLOAT shift-reduce 183    term ::= NULL|FLOAT|BLOB
                          BLOB shift-reduce 183    term ::= NULL|FLOAT|BLOB
                       INTEGER shift-reduce 185    term ::= INTEGER
                      VARIABLE shift-reduce 186    expr ::= VARIABLE
                          CASE shift        38     
                       QNUMBER shift-reduce 387    term ::= QNUMBER
                            nm shift        691    
                          term shift        83       /* because term==expr */
                          expr shift        83     

State 114:
          nm ::= * ID|INDEXED|JOIN_KW
          nm ::= * STRING
          expr ::= * term
          expr ::= * LP expr RP
          expr ::= * ID|INDEXED|JOIN_KW
          expr ::= * nm DOT nm
          expr ::= * nm DOT nm DOT nm
          term ::= * NULL|FLOAT|BLOB
          term ::= * STRING
          term ::= * INTEGER
          expr ::= * VARIABLE
          expr ::= * expr COLLATE ID|STRING
          expr ::= * CAST LP expr AS typetoken RP
          expr ::= * ID|INDEXED|JOIN_KW LP distinct exprlist RP
          expr ::= * ID|INDEXED|JOIN_KW LP distinct exprlist ORDER BY sortlist RP
          expr ::= * ID|INDEXED|JOIN_KW LP STAR RP
          expr ::= * ID|INDEXED|JOIN_KW LP distinct exprlist RP filter_over
          expr ::= * ID|INDEXED|JOIN_KW LP distinct exprlist ORDER BY sortlist RP filter_over
          expr ::= * ID|INDEXED|JOIN_KW LP STAR RP filter_over
          term ::= * CTIME_KW
          expr ::= * LP nexprlist COMMA expr RP
          expr ::= * expr AND expr
          expr ::= * expr OR expr
          expr ::= * expr LT|GT|GE|LE expr
          expr ::= * expr EQ|NE expr
          expr ::= * expr BITAND|BITOR|LSHIFT|RSHIFT expr
          expr ::= * expr PLUS|MINUS expr
          expr ::= * expr STAR|SLASH|REM expr
          expr ::= * expr CONCAT expr
          expr ::= * expr likeop expr
          expr ::= * expr likeop expr ESCAPE expr
          expr ::= * expr ISNULL|NOTNULL
          expr ::= * expr NOT NULL
          expr ::= * expr IS expr
          expr ::= * expr IS NOT expr
          expr ::= * expr IS NOT DISTINCT FROM expr
          expr ::= * expr IS DISTINCT FROM expr
          expr ::= * NOT expr
          expr ::= * BITNOT expr
          expr ::= * PLUS|MINUS expr
          expr ::= * expr PTR expr
          expr ::= * expr between_op expr AND expr
          expr ::= * expr in_op LP exprlist RP
          expr ::= * LP select RP
          expr ::= * expr in_op LP select RP
          expr ::= * expr in_op nm dbnm paren_exprlist
          expr ::= * EXISTS LP select RP
          expr ::= * CASE case_operand case_exprlist case_else END
          expr ::= * RAISE LP IGNORE RP
          expr ::= * RAISE LP raisetype COMMA expr RP
          key_opt ::= KEY * expr
          term ::= * QNUMBER

                           NOT shift        150    
                        EXISTS shift        683    
                            LP shift        4      
                          CAST shift        686    
                            ID shift        530    
                         RAISE shift        680    
                      CTIME_KW shift-reduce 195    term ::= CTIME_KW
                          PLUS shift        148    
                         MINUS shift        148    
                        BITNOT shift        149    
                       INDEXED shift        530    
                        STRING shift        692    
                       JOIN_KW shift        530    
                          NULL shift-reduce 183    term ::= NULL|FLOAT|BLOB
                         FLOAT shift-reduce 183    term ::= NULL|FLOAT|BLOB
                          BLOB shift-reduce 183    term ::= NULL|FLOAT|BLOB
                       INTEGER shift-reduce 185    term ::= INTEGER
                      VARIABLE shift-reduce 186    expr ::= VARIABLE
                          CASE shift        38     
                       QNUMBER shift-reduce 387    term ::= QNUMBER
                            nm shift        691    
                          term shift        84       /* because term==expr */
                          expr shift        84     

State 115:
          nm ::= * ID|INDEXED|JOIN_KW
          nm ::= * STRING
          expr ::= * term
          expr ::= * LP expr RP
          expr ::= * ID|INDEXED|JOIN_KW
          expr ::= * nm DOT nm
          expr ::= * nm DOT nm DOT nm
          term ::= * NULL|FLOAT|BLOB
          term ::= * STRING
          term ::= * INTEGER
          expr ::= * VARIABLE
          expr ::= * expr COLLATE ID|STRING
          expr ::= * CAST LP expr AS typetoken RP
          expr ::= * ID|INDEXED|JOIN_KW LP distinct exprlist RP
          expr ::= * ID|INDEXED|JOIN_KW LP distinct exprlist ORDER BY sortlist RP
          expr ::= * ID|INDEXED|JOIN_KW LP STAR RP
          expr ::= * ID|INDEXED|JOIN_KW LP distinct exprlist RP filter_over
          expr ::= * ID|INDEXED|JOIN_KW LP distinct exprlist ORDER BY sortlist RP filter_over
          expr ::= * ID|INDEXED|JOIN_KW LP STAR RP filter_over
          term ::= * CTIME_KW
          expr ::= * LP nexprlist COMMA expr RP
          expr ::= * expr AND expr
          expr ::= * expr OR expr
          expr ::= * expr LT|GT|GE|LE expr
          expr ::= * expr EQ|NE expr
          expr ::= * expr BITAND|BITOR|LSHIFT|RSHIFT expr
          expr ::= * expr PLUS|MINUS expr
          expr ::= * expr STAR|SLASH|REM expr
          expr ::= * expr CONCAT expr
          expr ::= * expr likeop expr
          expr ::= * expr likeop expr ESCAPE expr
          expr ::= * expr ISNULL|NOTNULL
          expr ::= * expr NOT NULL
          expr ::= * expr IS expr
          expr ::= * expr IS NOT expr
          expr ::= * expr IS NOT DISTINCT FROM expr
          expr ::= * expr IS DISTINCT FROM expr
          expr ::= * NOT expr
          expr ::= * BITNOT expr
          expr ::= * PLUS|MINUS expr
          expr ::= * expr PTR expr
          expr ::= * expr between_op expr AND expr
          expr ::= * expr in_op LP exprlist RP
          expr ::= * LP select RP
          expr ::= * expr in_op LP select RP
          expr ::= * expr in_op nm dbnm paren_exprlist
          expr ::= * EXISTS LP select RP
          expr ::= * CASE case_operand case_exprlist case_else END
          expr ::= * RAISE LP IGNORE RP
          expr ::= * RAISE LP raisetype COMMA expr RP
          cmd ::= ATTACH database_kw_opt expr AS * expr key_opt
          term ::= * QNUMBER

                           NOT shift        150    
                        EXISTS shift        683    
                            LP shift        4      
                          CAST shift        686    
                            ID shift        530    
                         RAISE shift        680    
                      CTIME_KW shift-reduce 195    term ::= CTIME_KW
                          PLUS shift        148    
                         MINUS shift        148    
                        BITNOT shift        149    
                       INDEXED shift        530    
                        STRING shift        692    
                       JOIN_KW shift        530    
                          NULL shift-reduce 183    term ::= NULL|FLOAT|BLOB
                         FLOAT shift-reduce 183    term ::= NULL|FLOAT|BLOB
                          BLOB shift-reduce 183    term ::= NULL|FLOAT|BLOB
                       INTEGER shift-reduce 185    term ::= INTEGER
                      VARIABLE shift-reduce 186    expr ::= VARIABLE
                          CASE shift        38     
                       QNUMBER shift-reduce 387    term ::= QNUMBER
                            nm shift        691    
                          term shift        24       /* because term==expr */
                          expr shift        24     

State 116:
          nm ::= * ID|INDEXED|JOIN_KW
          nm ::= * STRING
          expr ::= * term
          expr ::= * LP expr RP
          expr ::= * ID|INDEXED|JOIN_KW
          expr ::= * nm DOT nm
          expr ::= * nm DOT nm DOT nm
          term ::= * NULL|FLOAT|BLOB
          term ::= * STRING
          term ::= * INTEGER
          expr ::= * VARIABLE
          expr ::= * expr COLLATE ID|STRING
          expr ::= * CAST LP expr AS typetoken RP
          expr ::= * ID|INDEXED|JOIN_KW LP distinct exprlist RP
          expr ::= * ID|INDEXED|JOIN_KW LP distinct exprlist ORDER BY sortlist RP
          expr ::= * ID|INDEXED|JOIN_KW LP STAR RP
          expr ::= * ID|INDEXED|JOIN_KW LP distinct exprlist RP filter_over
          expr ::= * ID|INDEXED|JOIN_KW LP distinct exprlist ORDER BY sortlist RP filter_over
          expr ::= * ID|INDEXED|JOIN_KW LP STAR RP filter_over
          term ::= * CTIME_KW
          expr ::= * LP nexprlist COMMA expr RP
          expr ::= * expr AND expr
          expr ::= * expr OR expr
          expr ::= * expr LT|GT|GE|LE expr
          expr ::= * expr EQ|NE expr
          expr ::= * expr BITAND|BITOR|LSHIFT|RSHIFT expr
          expr ::= * expr PLUS|MINUS expr
          expr ::= * expr STAR|SLASH|REM expr
          expr ::= * expr CONCAT expr
          expr ::= * expr likeop expr
          expr ::= * expr likeop expr ESCAPE expr
          expr ::= * expr ISNULL|NOTNULL
          expr ::= * expr NOT NULL
          expr ::= * expr IS expr
          expr ::= * expr IS NOT expr
          expr ::= * expr IS NOT DISTINCT FROM expr
          expr ::= * expr IS DISTINCT FROM expr
          expr ::= * NOT expr
          expr ::= * BITNOT expr
          expr ::= * PLUS|MINUS expr
          expr ::= * expr PTR expr
          expr ::= * expr between_op expr AND expr
          expr ::= * expr in_op LP exprlist RP
          expr ::= * LP select RP
          expr ::= * expr in_op LP select RP
          expr ::= * expr in_op nm dbnm paren_exprlist
          expr ::= * EXISTS LP select RP
          expr ::= * CASE case_operand case_exprlist case_else END
          expr ::= * RAISE LP IGNORE RP
          expr ::= * RAISE LP raisetype COMMA expr RP
          cmd ::= ATTACH database_kw_opt * expr AS expr key_opt
          term ::= * QNUMBER

                           NOT shift        150    
                        EXISTS shift        683    
                            LP shift        4      
                          CAST shift        686    
                            ID shift        530    
                         RAISE shift        680    
                      CTIME_KW shift-reduce 195    term ::= CTIME_KW
                          PLUS shift        148    
                         MINUS shift        148    
                        BITNOT shift        149    
                       INDEXED shift        530    
                        STRING shift        692    
                       JOIN_KW shift        530    
                          NULL shift-reduce 183    term ::= NULL|FLOAT|BLOB
                         FLOAT shift-reduce 183    term ::= NULL|FLOAT|BLOB
                          BLOB shift-reduce 183    term ::= NULL|FLOAT|BLOB
                       INTEGER shift-reduce 185    term ::= INTEGER
                      VARIABLE shift-reduce 186    expr ::= VARIABLE
                          CASE shift        38     
                       QNUMBER shift-reduce 387    term ::= QNUMBER
                            nm shift        691    
                          term shift        66       /* because term==expr */
                          expr shift        66     

State 117:
          nm ::= * ID|INDEXED|JOIN_KW
          nm ::= * STRING
          expr ::= * term
          expr ::= * LP expr RP
          expr ::= * ID|INDEXED|JOIN_KW
          expr ::= * nm DOT nm
          expr ::= * nm DOT nm DOT nm
          term ::= * NULL|FLOAT|BLOB
          term ::= * STRING
          term ::= * INTEGER
          expr ::= * VARIABLE
          expr ::= * expr COLLATE ID|STRING
          expr ::= * CAST LP expr AS typetoken RP
          expr ::= * ID|INDEXED|JOIN_KW LP distinct exprlist RP
          expr ::= * ID|INDEXED|JOIN_KW LP distinct exprlist ORDER BY sortlist RP
          expr ::= * ID|INDEXED|JOIN_KW LP STAR RP
          expr ::= * ID|INDEXED|JOIN_KW LP distinct exprlist RP filter_over
          expr ::= * ID|INDEXED|JOIN_KW LP distinct exprlist ORDER BY sortlist RP filter_over
          expr ::= * ID|INDEXED|JOIN_KW LP STAR RP filter_over
          term ::= * CTIME_KW
          expr ::= * LP nexprlist COMMA expr RP
          expr ::= * expr AND expr
          expr ::= * expr OR expr
          expr ::= * expr LT|GT|GE|LE expr
          expr ::= * expr EQ|NE expr
          expr ::= * expr BITAND|BITOR|LSHIFT|RSHIFT expr
          expr ::= * expr PLUS|MINUS expr
          expr ::= * expr STAR|SLASH|REM expr
          expr ::= * expr CONCAT expr
          expr ::= * expr likeop expr
          expr ::= * expr likeop expr ESCAPE expr
          expr ::= * expr ISNULL|NOTNULL
          expr ::= * expr NOT NULL
          expr ::= * expr IS expr
          expr ::= * expr IS NOT expr
          expr ::= * expr IS NOT DISTINCT FROM expr
          expr ::= * expr IS DISTINCT FROM expr
          expr ::= * NOT expr
          expr ::= * BITNOT expr
          expr ::= * PLUS|MINUS expr
          expr ::= * expr PTR expr
          expr ::= * expr between_op expr AND expr
          expr ::= * expr in_op LP exprlist RP
          expr ::= * LP select RP
          expr ::= * expr in_op LP select RP
          expr ::= * expr in_op nm dbnm paren_exprlist
          expr ::= * EXISTS LP select RP
          expr ::= * CASE case_operand case_exprlist case_else END
          vinto ::= INTO * expr
          expr ::= * RAISE LP IGNORE RP
          expr ::= * RAISE LP raisetype COMMA expr RP
          term ::= * QNUMBER

                           NOT shift        150    
                        EXISTS shift        683    
                            LP shift        4      
                          CAST shift        686    
                            ID shift        530    
                         RAISE shift        680    
                      CTIME_KW shift-reduce 195    term ::= CTIME_KW
                          PLUS shift        148    
                         MINUS shift        148    
                        BITNOT shift        149    
                       INDEXED shift        530    
                        STRING shift        692    
                       JOIN_KW shift        530    
                          NULL shift-reduce 183    term ::= NULL|FLOAT|BLOB
                         FLOAT shift-reduce 183    term ::= NULL|FLOAT|BLOB
                          BLOB shift-reduce 183    term ::= NULL|FLOAT|BLOB
                       INTEGER shift-reduce 185    term ::= INTEGER
                      VARIABLE shift-reduce 186    expr ::= VARIABLE
                          CASE shift        38     
                       QNUMBER shift-reduce 387    term ::= QNUMBER
                            nm shift        691    
                          term shift        85       /* because term==expr */
                          expr shift        85     

State 118:
          nm ::= * ID|INDEXED|JOIN_KW
          nm ::= * STRING
          where_opt_ret ::= WHERE * expr
          where_opt_ret ::= WHERE * expr RETURNING selcollist
          expr ::= * term
          expr ::= * LP expr RP
          expr ::= * ID|INDEXED|JOIN_KW
          expr ::= * nm DOT nm
          expr ::= * nm DOT nm DOT nm
          term ::= * NULL|FLOAT|BLOB
          term ::= * STRING
          term ::= * INTEGER
          expr ::= * VARIABLE
          expr ::= * expr COLLATE ID|STRING
          expr ::= * CAST LP expr AS typetoken RP
          expr ::= * ID|INDEXED|JOIN_KW LP distinct exprlist RP
          expr ::= * ID|INDEXED|JOIN_KW LP distinct exprlist ORDER BY sortlist RP
          expr ::= * ID|INDEXED|JOIN_KW LP STAR RP
          expr ::= * ID|INDEXED|JOIN_KW LP distinct exprlist RP filter_over
          expr ::= * ID|INDEXED|JOIN_KW LP distinct exprlist ORDER BY sortlist RP filter_over
          expr ::= * ID|INDEXED|JOIN_KW LP STAR RP filter_over
          term ::= * CTIME_KW
          expr ::= * LP nexprlist COMMA expr RP
          expr ::= * expr AND expr
          expr ::= * expr OR expr
          expr ::= * expr LT|GT|GE|LE expr
          expr ::= * expr EQ|NE expr
          expr ::= * expr BITAND|BITOR|LSHIFT|RSHIFT expr
          expr ::= * expr PLUS|MINUS expr
          expr ::= * expr STAR|SLASH|REM expr
          expr ::= * expr CONCAT expr
          expr ::= * expr likeop expr
          expr ::= * expr likeop expr ESCAPE expr
          expr ::= * expr ISNULL|NOTNULL
          expr ::= * expr NOT NULL
          expr ::= * expr IS expr
          expr ::= * expr IS NOT expr
          expr ::= * expr IS NOT DISTINCT FROM expr
          expr ::= * expr IS DISTINCT FROM expr
          expr ::= * NOT expr
          expr ::= * BITNOT expr
          expr ::= * PLUS|MINUS expr
          expr ::= * expr PTR expr
          expr ::= * expr between_op expr AND expr
          expr ::= * expr in_op LP exprlist RP
          expr ::= * LP select RP
          expr ::= * expr in_op LP select RP
          expr ::= * expr in_op nm dbnm paren_exprlist
          expr ::= * EXISTS LP select RP
          expr ::= * CASE case_operand case_exprlist case_else END
          expr ::= * RAISE LP IGNORE RP
          expr ::= * RAISE LP raisetype COMMA expr RP
          term ::= * QNUMBER

                           NOT shift        150    
                        EXISTS shift        683    
                            LP shift        4      
                          CAST shift        686    
                            ID shift        530    
                         RAISE shift        680    
                      CTIME_KW shift-reduce 195    term ::= CTIME_KW
                          PLUS shift        148    
                         MINUS shift        148    
                        BITNOT shift        149    
                       INDEXED shift        530    
                        STRING shift        692    
                       JOIN_KW shift        530    
                          NULL shift-reduce 183    term ::= NULL|FLOAT|BLOB
                         FLOAT shift-reduce 183    term ::= NULL|FLOAT|BLOB
                          BLOB shift-reduce 183    term ::= NULL|FLOAT|BLOB
                       INTEGER shift-reduce 185    term ::= INTEGER
                      VARIABLE shift-reduce 186    expr ::= VARIABLE
                          CASE shift        38     
                       QNUMBER shift-reduce 387    term ::= QNUMBER
                            nm shift        691    
                          term shift        67       /* because term==expr */
                          expr shift        67     

State 119:
          nm ::= * ID|INDEXED|JOIN_KW
          nm ::= * STRING
          expr ::= * term
          expr ::= * LP expr RP
          expr ::= * ID|INDEXED|JOIN_KW
          expr ::= * nm DOT nm
          expr ::= * nm DOT nm DOT nm
          term ::= * NULL|FLOAT|BLOB
          term ::= * STRING
          term ::= * INTEGER
          expr ::= * VARIABLE
          expr ::= * expr COLLATE ID|STRING
          expr ::= * CAST LP expr AS typetoken RP
          expr ::= * ID|INDEXED|JOIN_KW LP distinct exprlist RP
          expr ::= * ID|INDEXED|JOIN_KW LP distinct exprlist ORDER BY sortlist RP
          expr ::= * ID|INDEXED|JOIN_KW LP STAR RP
          expr ::= * ID|INDEXED|JOIN_KW LP distinct exprlist RP filter_over
          expr ::= * ID|INDEXED|JOIN_KW LP distinct exprlist ORDER BY sortlist RP filter_over
          expr ::= * ID|INDEXED|JOIN_KW LP STAR RP filter_over
          term ::= * CTIME_KW
          expr ::= * LP nexprlist COMMA expr RP
          expr ::= * expr AND expr
          expr ::= * expr OR expr
          expr ::= * expr LT|GT|GE|LE expr
          expr ::= * expr EQ|NE expr
          expr ::= * expr BITAND|BITOR|LSHIFT|RSHIFT expr
          expr ::= * expr PLUS|MINUS expr
          expr ::= * expr STAR|SLASH|REM expr
          expr ::= * expr CONCAT expr
          expr ::= * expr likeop expr
          expr ::= * expr likeop expr ESCAPE expr
          expr ::= * expr ISNULL|NOTNULL
          expr ::= * expr NOT NULL
          expr ::= * expr IS expr
          expr ::= * expr IS NOT expr
          expr ::= * expr IS NOT DISTINCT FROM expr
          expr ::= * expr IS DISTINCT FROM expr
          expr ::= * NOT expr
          expr ::= * BITNOT expr
          expr ::= * PLUS|MINUS expr
          expr ::= * expr PTR expr
          expr ::= * expr between_op expr AND expr
          expr ::= * expr in_op LP exprlist RP
          expr ::= * LP select RP
          expr ::= * expr in_op LP select RP
          expr ::= * expr in_op nm dbnm paren_exprlist
          expr ::= * EXISTS LP select RP
          expr ::= * CASE case_operand case_exprlist case_else END
          expr ::= * RAISE LP IGNORE RP
          expr ::= * RAISE LP raisetype COMMA expr RP
          proc_if_tail ::= ELSEIF * expr THEN proc_cmd_list proc_if_tail
          term ::= * QNUMBER

                           NOT shift        150    
                        EXISTS shift        683    
                            LP shift        4      
                          CAST shift        686    
                            ID shift        530    
                         RAISE shift        680    
                      CTIME_KW shift-reduce 195    term ::= CTIME_KW
                          PLUS shift        148    
                         MINUS shift        148    
                        BITNOT shift        149    
                       INDEXED shift        530    
                        STRING shift        692    
                       JOIN_KW shift        530    
                          NULL shift-reduce 183    term ::= NULL|FLOAT|BLOB
                         FLOAT shift-reduce 183    term ::= NULL|FLOAT|BLOB
                          BLOB shift-reduce 183    term ::= NULL|FLOAT|BLOB
                       INTEGER shift-reduce 185    term ::= INTEGER
                      VARIABLE shift-reduce 186    expr ::= VARIABLE
                          CASE shift        38     
                       QNUMBER shift-reduce 387    term ::= QNUMBER
                            nm shift        691    
                          term shift        68       /* because term==expr */
                          expr shift        68     

State 120:
          nm ::= * ID|INDEXED|JOIN_KW
          nm ::= * STRING
          expr ::= * term
          expr ::= * LP expr RP
          expr ::= * ID|INDEXED|JOIN_KW
          expr ::= * nm DOT nm
          expr ::= * nm DOT nm DOT nm
          term ::= * NULL|FLOAT|BLOB
          term ::= * STRING
          term ::= * INTEGER
          expr ::= * VARIABLE
          expr ::= * expr COLLATE ID|STRING
          expr ::= * CAST LP expr AS typetoken RP
          expr ::= * ID|INDEXED|JOIN_KW LP distinct exprlist RP
          expr ::= * ID|INDEXED|JOIN_KW LP distinct exprlist ORDER BY sortlist RP
          expr ::= * ID|INDEXED|JOIN_KW LP STAR RP
          expr ::= * ID|INDEXED|JOIN_KW LP distinct exprlist RP filter_over
          expr ::= * ID|INDEXED|JOIN_KW LP distinct exprlist ORDER BY sortlist RP filter_over
          expr ::= * ID|INDEXED|JOIN_KW LP STAR RP filter_over
          term ::= * CTIME_KW
          expr ::= * LP nexprlist COMMA expr RP
          expr ::= * expr AND expr
          expr ::= * expr OR expr
          expr ::= * expr LT|GT|GE|LE expr
          expr ::= * expr EQ|NE expr
          expr ::= * expr BITAND|BITOR|LSHIFT|RSHIFT expr
          expr ::= * expr PLUS|MINUS expr
          expr ::= * expr STAR|SLASH|REM expr
          expr ::= * expr CONCAT expr
          expr ::= * expr likeop expr
          expr ::= * expr likeop expr ESCAPE expr
          expr ::= * expr ISNULL|NOTNULL
          expr ::= * expr NOT NULL
          expr ::= * expr IS expr
          expr ::= * expr IS NOT expr
          expr ::= * expr IS NOT DISTINCT FROM expr
          expr ::= * expr IS DISTINCT FROM expr
          expr ::= * NOT expr
          expr ::= * BITNOT expr
          expr ::= * PLUS|MINUS expr
          expr ::= * expr PTR expr
          expr ::= * expr between_op expr AND expr
          expr ::= * expr in_op LP exprlist RP
          expr ::= * LP select RP
          expr ::= * expr in_op LP select RP
          expr ::= * expr in_op nm dbnm paren_exprlist
          expr ::= * EXISTS LP select RP
          expr ::= * CASE case_operand case_exprlist case_else END
          expr ::= * RAISE LP IGNORE RP
          expr ::= * RAISE LP raisetype COMMA expr RP
          proc_cmd ::= RAISE LP raisetype COMMA * expr RP
          term ::= * QNUMBER

                           NOT shift        150    
                        EXISTS shift        683    
                            LP shift        4      
                          CAST shift        686    
                            ID shift        530    
                         RAISE shift        680    
                      CTIME_KW shift-reduce 195    term ::= CTIME_KW
                          PLUS shift        148    
                         MINUS shift        148    
                        BITNOT shift        149    
                       INDEXED shift        530    
                        STRING shift        692    
                       JOIN_KW shift        530    
                          NULL shift-reduce 183    term ::= NULL|FLOAT|BLOB
                         FLOAT shift-reduce 183    term ::= NULL|FLOAT|BLOB
                          BLOB shift-reduce 183    term ::= NULL|FLOAT|BLOB
                       INTEGER shift-reduce 185    term ::= INTEGER
                      VARIABLE shift-reduce 186    expr ::= VARIABLE
                          CASE shift        38     
                       QNUMBER shift-reduce 387    term ::= QNUMBER
                            nm shift        691    
                          term shift        69       /* because term==expr */
                          expr shift        69     

State 121:
          nm ::= * ID|INDEXED|JOIN_KW
          nm ::= * STRING
          expr ::= * term
          expr ::= * LP expr RP
          expr ::= * ID|INDEXED|JOIN_KW
          expr ::= * nm DOT nm
          expr ::= * nm DOT nm DOT nm
          term ::= * NULL|FLOAT|BLOB
          term ::= * STRING
          term ::= * INTEGER
          expr ::= * VARIABLE
          expr ::= * expr COLLATE ID|STRING
          expr ::= * CAST LP expr AS typetoken RP
          expr ::= * ID|INDEXED|JOIN_KW LP distinct exprlist RP
          expr ::= * ID|INDEXED|JOIN_KW LP distinct exprlist ORDER BY sortlist RP
          expr ::= * ID|INDEXED|JOIN_KW LP STAR RP
          expr ::= * ID|INDEXED|JOIN_KW LP distinct exprlist RP filter_over
          expr ::= * ID|INDEXED|JOIN_KW LP distinct exprlist ORDER BY sortlist RP filter_over
          expr ::= * ID|INDEXED|JOIN_KW LP STAR RP filter_over
          term ::= * CTIME_KW
          expr ::= * LP nexprlist COMMA expr RP
          expr ::= * expr AND expr
          expr ::= * expr OR expr
          expr ::= * expr LT|GT|GE|LE expr
          expr ::= * expr EQ|NE expr
          expr ::= * expr BITAND|BITOR|LSHIFT|RSHIFT expr
          expr ::= * expr PLUS|MINUS expr
          expr ::= * expr STAR|SLASH|REM expr
          expr ::= * expr CONCAT expr
          expr ::= * expr likeop expr
          expr ::= * expr likeop expr ESCAPE expr
          expr ::= * expr ISNULL|NOTNULL
          expr ::= * expr NOT NULL
          expr ::= * expr IS expr
          expr ::= * expr IS NOT expr
          expr ::= * expr IS NOT DISTINCT FROM expr
          expr ::= * expr IS DISTINCT FROM expr
          expr ::= * NOT expr
          expr ::= * BITNOT expr
          expr ::= * PLUS|MINUS expr
          expr ::= * expr PTR expr
          expr ::= * expr between_op expr AND expr
          expr ::= * expr in_op LP exprlist RP
          expr ::= * LP select RP
          expr ::= * expr in_op LP select RP
          expr ::= * expr in_op nm dbnm paren_exprlist
          expr ::= * EXISTS LP select RP
          expr ::= * CASE case_operand case_exprlist case_else END
          expr ::= * RAISE LP IGNORE RP
          expr ::= * RAISE LP raisetype COMMA expr RP
          proc_cmd ::= WHILE * expr DO proc_cmd_list END WHILE
          term ::= * QNUMBER

                           NOT shift        150    
                        EXISTS shift        683    
                            LP shift        4      
                          CAST shift        686    
                            ID shift        530    
                         RAISE shift        680    
                      CTIME_KW shift-reduce 195    term ::= CTIME_KW
                          PLUS shift        148    
                         MINUS shift        148    
                        BITNOT shift        149    
                       INDEXED shift        530    
                        STRING shift        692    
                       JOIN_KW shift        530    
                          NULL shift-reduce 183    term ::= NULL|FLOAT|BLOB
                         FLOAT shift-reduce 183    term ::= NULL|FLOAT|BLOB
                          BLOB shift-reduce 183    term ::= NULL|FLOAT|BLOB
                       INTEGER shift-reduce 185    term ::= INTEGER
                      VARIABLE shift-reduce 186    expr ::= VARIABLE
                          CASE shift        38     
                       QNUMBER shift-reduce 387    term ::= QNUMBER
                            nm shift        691    
                          term shift        70       /* because term==expr */
                          expr shift        70     

State 122:
          nm ::= * ID|INDEXED|JOIN_KW
          nm ::= * STRING
          expr ::= * term
          expr ::= * LP expr RP
          expr ::= * ID|INDEXED|JOIN_KW
          expr ::= * nm DOT nm
          expr ::= * nm DOT nm DOT nm
          term ::= * NULL|FLOAT|BLOB
          term ::= * STRING
          term ::= * INTEGER
          expr ::= * VARIABLE
          expr ::= * expr COLLATE ID|STRING
          expr ::= * CAST LP expr AS typetoken RP
          expr ::= * ID|INDEXED|JOIN_KW LP distinct exprlist RP
          expr ::= * ID|INDEXED|JOIN_KW LP distinct exprlist ORDER BY sortlist RP
          expr ::= * ID|INDEXED|JOIN_KW LP STAR RP
          expr ::= * ID|INDEXED|JOIN_KW LP distinct exprlist RP filter_over
          expr ::= * ID|INDEXED|JOIN_KW LP distinct exprlist ORDER BY sortlist RP filter_over
          expr ::= * ID|INDEXED|JOIN_KW LP STAR RP filter_over
          term ::= * CTIME_KW
          expr ::= * LP nexprlist COMMA expr RP
          expr ::= * expr AND expr
          expr ::= * expr OR expr
          expr ::= * expr LT|GT|GE|LE expr
          expr ::= * expr EQ|NE expr
          expr ::= * expr BITAND|BITOR|LSHIFT|RSHIFT expr
          expr ::= * expr PLUS|MINUS expr
          expr ::= * expr STAR|SLASH|REM expr
          expr ::= * expr CONCAT expr
          expr ::= * expr likeop expr
          expr ::= * expr likeop expr ESCAPE expr
          expr ::= * expr ISNULL|NOTNULL
          expr ::= * expr NOT NULL
          expr ::= * expr IS expr
          expr ::= * expr IS NOT expr
          expr ::= * expr IS NOT DISTINCT FROM expr
          expr ::= * expr IS DISTINCT FROM expr
          expr ::= * NOT expr
          expr ::= * BITNOT expr
          expr ::= * PLUS|MINUS expr
          expr ::= * expr PTR expr
          expr ::= * expr between_op expr AND expr
          expr ::= * expr in_op LP exprlist RP
          expr ::= * LP select RP
          expr ::= * expr in_op LP select RP
          expr ::= * expr in_op nm dbnm paren_exprlist
          expr ::= * EXISTS LP select RP
          expr ::= * CASE case_operand case_exprlist case_else END
          expr ::= * RAISE LP IGNORE RP
          expr ::= * RAISE LP raisetype COMMA expr RP
          proc_cmd ::= IF * expr THEN proc_cmd_list proc_if_tail END IF
          term ::= * QNUMBER

                           NOT shift        150    
                        EXISTS shift        683    
                            LP shift        4      
                          CAST shift        686    
                            ID shift        530    
                         RAISE shift        680    
                      CTIME_KW shift-reduce 195    term ::= CTIME_KW
                          PLUS shift        148    
                         MINUS shift        148    
                        BITNOT shift        149    
                       INDEXED shift        530    
                        STRING shift        692    
                       JOIN_KW shift        530    
                          NULL shift-reduce 183    term ::= NULL|FLOAT|BLOB
                         FLOAT shift-reduce 183    term ::= NULL|FLOAT|BLOB
                          BLOB shift-reduce 183    term ::= NULL|FLOAT|BLOB
                       INTEGER shift-reduce 185    term ::= INTEGER
                      VARIABLE shift-reduce 186    expr ::= VARIABLE
                          CASE shift        38     
                       QNUMBER shift-reduce 387    term ::= QNUMBER
                            nm shift        691    
                          term shift        71       /* because term==expr */
                          expr shift        71     

State 123:
          nm ::= * ID|INDEXED|JOIN_KW
          nm ::= * STRING
          expr ::= * term
          expr ::= * LP expr RP
          expr ::= * ID|INDEXED|JOIN_KW
          expr ::= * nm DOT nm
          expr ::= * nm DOT nm DOT nm
          term ::= * NULL|FLOAT|BLOB
          term ::= * STRING
          term ::= * INTEGER
          expr ::= * VARIABLE
          expr ::= * expr COLLATE ID|STRING
          expr ::= * CAST LP expr AS typetoken RP
          expr ::= * ID|INDEXED|JOIN_KW LP distinct exprlist RP
          expr ::= * ID|INDEXED|JOIN_KW LP distinct exprlist ORDER BY sortlist RP
          expr ::= * ID|INDEXED|JOIN_KW LP STAR RP
          expr ::= * ID|INDEXED|JOIN_KW LP distinct exprlist RP filter_over
          expr ::= * ID|INDEXED|JOIN_KW LP distinct exprlist ORDER BY sortlist RP filter_over
          expr ::= * ID|INDEXED|JOIN_KW LP STAR RP filter_over
          term ::= * CTIME_KW
          expr ::= * LP nexprlist COMMA expr RP
          expr ::= * expr AND expr
          expr ::= * expr OR expr
          expr ::= * expr LT|GT|GE|LE expr
          expr ::= * expr EQ|NE expr
          expr ::= * expr BITAND|BITOR|LSHIFT|RSHIFT expr
          expr ::= * expr PLUS|MINUS expr
          expr ::= * expr STAR|SLASH|REM expr
          expr ::= * expr CONCAT expr
          expr ::= * expr likeop expr
          expr ::= * expr likeop expr ESCAPE expr
          expr ::= * expr ISNULL|NOTNULL
          expr ::= * expr NOT NULL
          expr ::= * expr IS expr
          expr ::= * expr IS NOT expr
          expr ::= * expr IS NOT DISTINCT FROM expr
          expr ::= * expr IS DISTINCT FROM expr
          expr ::= * NOT expr
          expr ::= * BITNOT expr
          expr ::= * PLUS|MINUS expr
          expr ::= * expr PTR expr
          expr ::= * expr between_op expr AND expr
          expr ::= * expr in_op LP exprlist RP
          expr ::= * LP select RP
          expr ::= * expr in_op LP select RP
          expr ::= * expr in_op nm dbnm paren_exprlist
          expr ::= * EXISTS LP select RP
          expr ::= * CASE case_operand case_exprlist case_else END
          expr ::= * RAISE LP IGNORE RP
          expr ::= * RAISE LP raisetype COMMA expr RP
          proc_cmd ::= SET nm EQ * expr
          term ::= * QNUMBER

                           NOT shift        150    
                        EXISTS shift        683    
                            LP shift        4      
                          CAST shift        686    
                            ID shift        530    
                         RAISE shift        680    
                      CTIME_KW shift-reduce 195    term ::= CTIME_KW
                          PLUS shift        148    
                         MINUS shift        148    
                        BITNOT shift        149    
                       INDEXED shift        530    
                        STRING shift        692    
                       JOIN_KW shift        530    
                          NULL shift-reduce 183    term ::= NULL|FLOAT|BLOB
                         FLOAT shift-reduce 183    term ::= NULL|FLOAT|BLOB
                          BLOB shift-reduce 183    term ::= NULL|FLOAT|BLOB
                       INTEGER shift-reduce 185    term ::= INTEGER
                      VARIABLE shift-reduce 186    expr ::= VARIABLE
                          CASE shift        38     
                       QNUMBER shift-reduce 387    term ::= QNUMBER
                            nm shift        691    
                          term shift        86       /* because term==expr */
                          expr shift        86     

State 124:
          nm ::= * ID|INDEXED|JOIN_KW
          nm ::= * STRING
          expr ::= * term
          expr ::= * LP expr RP
          expr ::= * ID|INDEXED|JOIN_KW
          expr ::= * nm DOT nm
          expr ::= * nm DOT nm DOT nm
          term ::= * NULL|FLOAT|BLOB
          term ::= * STRING
          term ::= * INTEGER
          expr ::= * VARIABLE
          expr ::= * expr COLLATE ID|STRING
          expr ::= * CAST LP expr AS typetoken RP
          expr ::= * ID|INDEXED|JOIN_KW LP distinct exprlist RP
          expr ::= * ID|INDEXED|JOIN_KW LP distinct exprlist ORDER BY sortlist RP
          expr ::= * ID|INDEXED|JOIN_KW LP STAR RP
          expr ::= * ID|INDEXED|JOIN_KW LP distinct exprlist RP filter_over
          expr ::= * ID|INDEXED|JOIN_KW LP distinct exprlist ORDER BY sortlist RP filter_over
          expr ::= * ID|INDEXED|JOIN_KW LP STAR RP filter_over
          term ::= * CTIME_KW
          expr ::= * LP nexprlist COMMA expr RP
          expr ::= * expr AND expr
          expr ::= * expr OR expr
          expr ::= * expr LT|GT|GE|LE expr
          expr ::= * expr EQ|NE expr
          expr ::= * expr BITAND|BITOR|LSHIFT|RSHIFT expr
          expr ::= * expr PLUS|MINUS expr
          expr ::= * expr STAR|SLASH|REM expr
          expr ::= * expr CONCAT expr
          expr ::= * expr likeop expr
          expr ::= * expr likeop expr ESCAPE expr
          expr ::= * expr ISNULL|NOTNULL
          expr ::= * expr NOT NULL
          expr ::= * expr IS expr
          expr ::= * expr IS NOT expr
          expr ::= * expr IS NOT DISTINCT FROM expr
          expr ::= * expr IS DISTINCT FROM expr
          expr ::= * NOT expr
          expr ::= * BITNOT expr
          expr ::= * PLUS|MINUS expr
          expr ::= * expr PTR expr
          expr ::= * expr between_op expr AND expr
          expr ::= * expr in_op LP exprlist RP
          expr ::= * LP select RP
          expr ::= * expr in_op LP select RP
          expr ::= * expr in_op nm dbnm paren_exprlist
          expr ::= * EXISTS LP select RP
          expr ::= * CASE case_operand case_exprlist case_else END
          expr ::= * RAISE LP IGNORE RP
          expr ::= * RAISE LP raisetype COMMA expr RP
          proc_cmd ::= DECLARE nm typetoken DEFAULT * expr
          term ::= * QNUMBER

                           NOT shift        150    
                        EXISTS shift        683    
                            LP shift        4      
                          CAST shift        686    
                            ID shift        530    
                         RAISE shift        680    
                      CTIME_KW shift-reduce 195    term ::= CTIME_KW
                          PLUS shift        148    
                         MINUS shift        148    
                        BITNOT shift        149    
                       INDEXED shift        530    
                        STRING shift        692    
                       JOIN_KW shift        530    
                          NULL shift-reduce 183    term ::= NULL|FLOAT|BLOB
                         FLOAT shift-reduce 183    term ::= NULL|FLOAT|BLOB
                          BLOB shift-reduce 183    term ::= NULL|FLOAT|BLOB
                       INTEGER shift-reduce 185    term ::= INTEGER
                      VARIABLE shift-reduce 186    expr ::= VARIABLE
                          CASE shift        38     
                       QNUMBER shift-reduce 387    term ::= QNUMBER
                            nm shift        691    
                          term shift        87       /* because term==expr */
                          expr shift        87     

State 125:
          nm ::= * ID|INDEXED|JOIN_KW
          nm ::= * STRING
          setlist ::= LP idlist RP EQ * expr
          expr ::= * term
          expr ::= * LP expr RP
          expr ::= * ID|INDEXED|JOIN_KW
          expr ::= * nm DOT nm
          expr ::= * nm DOT nm DOT nm
          term ::= * NULL|FLOAT|BLOB
          term ::= * STRING
          term ::= * INTEGER
          expr ::= * VARIABLE
          expr ::= * expr COLLATE ID|STRING
          expr ::= * CAST LP expr AS typetoken RP
          expr ::= * ID|INDEXED|JOIN_KW LP distinct exprlist RP
          expr ::= * ID|INDEXED|JOIN_KW LP distinct exprlist ORDER BY sortlist RP
          expr ::= * ID|INDEXED|JOIN_KW LP STAR RP
          expr ::= * ID|INDEXED|JOIN_KW LP distinct exprlist RP filter_over
          expr ::= * ID|INDEXED|JOIN_KW LP distinct exprlist ORDER BY sortlist RP filter_over
          expr ::= * ID|INDEXED|JOIN_KW LP STAR RP filter_over
          term ::= * CTIME_KW
          expr ::= * LP nexprlist COMMA expr RP
          expr ::= * expr AND expr
          expr ::= * expr OR expr
          expr ::= * expr LT|GT|GE|LE expr
          expr ::= * expr EQ|NE expr
          expr ::= * expr BITAND|BITOR|LSHIFT|RSHIFT expr
          expr ::= * expr PLUS|MINUS expr
          expr ::= * expr STAR|SLASH|REM expr
          expr ::= * expr CONCAT expr
          expr ::= * expr likeop expr
          expr ::= * expr likeop expr ESCAPE expr
          expr ::= * expr ISNULL|NOTNULL
          expr ::= * expr NOT NULL
          expr ::= * expr IS expr
          expr ::= * expr IS NOT expr
          expr ::= * expr IS NOT DISTINCT FROM expr
          expr ::= * expr IS DISTINCT FROM expr
          expr ::= * NOT expr
          expr ::= * BITNOT expr
          expr ::= * PLUS|MINUS expr
          expr ::= * expr PTR expr
          expr ::= * expr between_op expr AND expr
          expr ::= * expr in_op LP exprlist RP
          expr ::= * LP select RP
          expr ::= * expr in_op LP select RP
          expr ::= * expr in_op nm dbnm paren_exprlist
          expr ::= * EXISTS LP select RP
          expr ::= * CASE case_operand case_exprlist case_else END
          expr ::= * RAISE LP IGNORE RP
          expr ::= * RAISE LP raisetype COMMA expr RP
          term ::= * QNUMBER

                           NOT shift        150    
                        EXISTS shift        683    
                            LP shift        4      
                          CAST shift        686    
                            ID shift        530    
                         RAISE shift        680    
                      CTIME_KW shift-reduce 195    term ::= CTIME_KW
                          PLUS shift        148    
                         MINUS shift        148    
                        BITNOT shift        149    
                       INDEXED shift        530    
                        STRING shift        692    
                       JOIN_KW shift        530    
                          NULL shift-reduce 183    term ::= NULL|FLOAT|BLOB
                         FLOAT shift-reduce 183    term ::= NULL|FLOAT|BLOB
                          BLOB shift-reduce 183    term ::= NULL|FLOAT|BLOB
                       INTEGER shift-reduce 185    term ::= INTEGER
                      VARIABLE shift-reduce 186    expr ::= VARIABLE
                          CASE shift        38     
                       QNUMBER shift-reduce 387    term ::= QNUMBER
                            nm shift        691    
                          term shift        88       /* because term==expr */
                          expr shift        88     

State 126:
          nm ::= * ID|INDEXED|JOIN_KW
          nm ::= * STRING
          setlist ::= nm EQ * expr
          expr ::= * term
          expr ::= * LP expr RP
          expr ::= * ID|INDEXED|JOIN_KW
          expr ::= * nm DOT nm
          expr ::= * nm DOT nm DOT nm
          term ::= * NULL|FLOAT|BLOB
          term ::= * STRING
          term ::= * INTEGER
          expr ::= * VARIABLE
          expr ::= * expr COLLATE ID|STRING
          expr ::= * CAST LP expr AS typetoken RP
          expr ::= * ID|INDEXED|JOIN_KW LP distinct exprlist RP
          expr ::= * ID|INDEXED|JOIN_KW LP distinct exprlist ORDER BY sortlist RP
          expr ::= * ID|INDEXED|JOIN_KW LP STAR RP
          expr ::= * ID|INDEXED|JOIN_KW LP distinct exprlist RP filter_over
          expr ::= * ID|INDEXED|JOIN_KW LP distinct exprlist ORDER BY sortlist RP filter_over
          expr ::= * ID|INDEXED|JOIN_KW LP STAR RP filter_over
          term ::= * CTIME_KW
          expr ::= * LP nexprlist COMMA expr RP
          expr ::= * expr AND expr
          expr ::= * expr OR expr
          expr ::= * expr LT|GT|GE|LE expr
          expr ::= * expr EQ|NE expr
          expr ::= * expr BITAND|BITOR|LSHIFT|RSHIFT expr
          expr ::= * expr PLUS|MINUS expr
          expr ::= * expr STAR|SLASH|REM expr
          expr ::= * expr CONCAT expr
          expr ::= * expr likeop expr
          expr ::= * expr likeop expr ESCAPE expr
          expr ::= * expr ISNULL|NOTNULL
          expr ::= * expr NOT NULL
          expr ::= * expr IS expr
          expr ::= * expr IS NOT expr
          expr ::= * expr IS NOT DISTINCT FROM expr
          expr ::= * expr IS DISTINCT FROM expr
          expr ::= * NOT expr
          expr ::= * BITNOT expr
          expr ::= * PLUS|MINUS expr
          expr ::= * expr PTR expr
          expr ::= * expr between_op expr AND expr
          expr ::= * expr in_op LP exprlist RP
          expr ::= * LP select RP
          expr ::= * expr in_op LP select RP
          expr ::= * expr in_op nm dbnm paren_exprlist
          expr ::= * EXISTS LP select RP
          expr ::= * CASE case_operand case_exprlist case_else END
          expr ::= * RAISE LP IGNORE RP
          expr ::= * RAISE LP raisetype COMMA expr RP
          term ::= * QNUMBER

                           NOT shift        150    
                        EXISTS shift        683    
                            LP shift        4      
                          CAST shift        686    
                            ID shift        530    
                         RAISE shift        680    
                      CTIME_KW shift-reduce 195    term ::= CTIME_KW
                          PLUS shift        148    
                         MINUS shift        148    
                        BITNOT shift        149    
                       INDEXED shift        530    
                        STRING shift        692    
                       JOIN_KW shift        530    
                          NULL shift-reduce 183    term ::= NULL|FLOAT|BLOB
                         FLOAT shift-reduce 183    term ::= NULL|FLOAT|BLOB
                          BLOB shift-reduce 183    term ::= NULL|FLOAT|BLOB
                       INTEGER shift-reduce 185    term ::= INTEGER
                      VARIABLE shift-reduce 186    expr ::= VARIABLE
                          CASE shift        38     
                       QNUMBER shift-reduce 387    term ::= QNUMBER
                            nm shift        691    
                          term shift        89       /* because term==expr */
                          expr shift        89     

State 127:
          nm ::= * ID|INDEXED|JOIN_KW
          nm ::= * STRING
          setlist ::= setlist COMMA LP idlist RP EQ * expr
          expr ::= * term
          expr ::= * LP expr RP
          expr ::= * ID|INDEXED|JOIN_KW
          expr ::= * nm DOT nm
          expr ::= * nm DOT nm DOT nm
          term ::= * NULL|FLOAT|BLOB
          term ::= * STRING
          term ::= * INTEGER
          expr ::= * VARIABLE
          expr ::= * expr COLLATE ID|STRING
          expr ::= * CAST LP expr AS typetoken RP
          expr ::= * ID|INDEXED|JOIN_KW LP distinct exprlist RP
          expr ::= * ID|INDEXED|JOIN_KW LP distinct exprlist ORDER BY sortlist RP
          expr ::= * ID|INDEXED|JOIN_KW LP STAR RP
          expr ::= * ID|INDEXED|JOIN_KW LP distinct exprlist RP filter_over
          expr ::= * ID|INDEXED|JOIN_KW LP distinct exprlist ORDER BY sortlist RP filter_over
          expr ::= * ID|INDEXED|JOIN_KW LP STAR RP filter_over
          term ::= * CTIME_KW
          expr ::= * LP nexprlist COMMA expr RP
          expr ::= * expr AND expr
          expr ::= * expr OR expr
          expr ::= * expr LT|GT|GE|LE expr
          expr ::= * expr EQ|NE expr
          expr ::= * expr BITAND|BITOR|LSHIFT|RSHIFT expr
          expr ::= * expr PLUS|MINUS expr
          expr ::= * expr STAR|SLASH|REM expr
          expr ::= * expr CONCAT expr
          expr ::= * expr likeop expr
          expr ::= * expr likeop expr ESCAPE expr
          expr ::= * expr ISNULL|NOTNULL
          expr ::= * expr NOT NULL
          expr ::= * expr IS expr
          expr ::= * expr IS NOT expr
          expr ::= * expr IS NOT DISTINCT FROM expr
          expr ::= * expr IS DISTINCT FROM expr
          expr ::= * NOT expr
          expr ::= * BITNOT expr
          expr ::= * PLUS|MINUS expr
          expr ::= * expr PTR expr
          expr ::= * expr between_op expr AND expr
          expr ::= * expr in_op LP exprlist RP
          expr ::= * LP select RP
          expr ::= * expr in_op LP select RP
          expr ::= * expr in_op nm dbnm paren_exprlist
          expr ::= * EXISTS LP select RP
          expr ::= * CASE case_operand case_exprlist case_else END
          expr ::= * RAISE LP IGNORE RP
          expr ::= * RAISE LP raisetype COMMA expr RP
          term ::= * QNUMBER

                           NOT shift        150    
                        EXISTS shift        683    
                            LP shift        4      
                          CAST shift        686    
                            ID shift        530    
                         RAISE shift        680    
                      CTIME_KW shift-reduce 195    term ::= CTIME_KW
                          PLUS shift        148    
                         MINUS shift        148    
                        BITNOT shift        149    
                       INDEXED shift        530    
                        STRING shift        692    
                       JOIN_KW shift        530    
                          NULL shift-reduce 183    term ::= NULL|FLOAT|BLOB
                         FLOAT shift-reduce 183    term ::= NULL|FLOAT|BLOB
                          BLOB shift-reduce 183    term ::= NULL|FLOAT|BLOB
                       INTEGER shift-reduce 185    term ::= INTEGER
                      VARIABLE shift-reduce 186    expr ::= VARIABLE
                          CASE shift        38     
                       QNUMBER shift-reduce 387    term ::= QNUMBER
                            nm shift        691    
                          term shift        90       /* because term==expr */
                          expr shift        90     

State 128:
          nm ::= * ID|INDEXED|JOIN_KW
          nm ::= * STRING
          setlist ::= setlist COMMA nm EQ * expr
          expr ::= * term
          expr ::= * LP expr RP
          expr ::= * ID|INDEXED|JOIN_KW
          expr ::= * nm DOT nm
          expr ::= * nm DOT nm DOT nm
          term ::= * NULL|FLOAT|BLOB
          term ::= * STRING
          term ::= * INTEGER
          expr ::= * VARIABLE
          expr ::= * expr COLLATE ID|STRING
          expr ::= * CAST LP expr AS typetoken RP
          expr ::= * ID|INDEXED|JOIN_KW LP distinct exprlist RP
          expr ::= * ID|INDEXED|JOIN_KW LP distinct exprlist ORDER BY sortlist RP
          expr ::= * ID|INDEXED|JOIN_KW LP STAR RP
          expr ::= * ID|INDEXED|JOIN_KW LP distinct exprlist RP filter_over
          expr ::= * ID|INDEXED|JOIN_KW LP distinct exprlist ORDER BY sortlist RP filter_over
          expr ::= * ID|INDEXED|JOIN_KW LP STAR RP filter_over
          term ::= * CTIME_KW
          expr ::= * LP nexprlist COMMA expr RP
          expr ::= * expr AND expr
          expr ::= * expr OR expr
          expr ::= * expr LT|GT|GE|LE expr
          expr ::= * expr EQ|NE expr
          expr ::= * expr BITAND|BITOR|LSHIFT|RSHIFT expr
          expr ::= * expr PLUS|MINUS expr
          expr ::= * expr STAR|SLASH|REM expr
          expr ::= * expr CONCAT expr
          expr ::= * expr likeop expr
          expr ::= * expr likeop expr ESCAPE expr
          expr ::= * expr ISNULL|NOTNULL
          expr ::= * expr NOT NULL
          expr ::= * expr IS expr
          expr ::= * expr IS NOT expr
          expr ::= * expr IS NOT DISTINCT FROM expr
          expr ::= * expr IS DISTINCT FROM expr
          expr ::= * NOT expr
          expr ::= * BITNOT expr
          expr ::= * PLUS|MINUS expr
          expr ::= * expr PTR expr
          expr ::= * expr between_op expr AND expr
          expr ::= * expr in_op LP exprlist RP
          expr ::= * LP select RP
          expr ::= * expr in_op LP select RP
          expr ::= * expr in_op nm dbnm paren_exprlist
          expr ::= * EXISTS LP select RP
          expr ::= * CASE case_operand case_exprlist case_else END
          expr ::= * RAISE LP IGNORE RP
          expr ::= * RAISE LP raisetype COMMA expr RP
          term ::= * QNUMBER

                           NOT shift        150    
                        EXISTS shift        683    
                            LP shift        4      
                          CAST shift        686    
                            ID shift        530    
                         RAISE shift        680    
                      CTIME_KW shift-reduce 195    term ::= CTIME_KW
                          PLUS shift        148    
                         MINUS shift        148    
                        BITNOT shift        149    
                       INDEXED shift        530    
                        STRING shift        692    
                       JOIN_KW shift        530    
                          NULL shift-reduce 183    term ::= NULL|FLOAT|BLOB
                         FLOAT shift-reduce 183    term ::= NULL|FLOAT|BLOB
                          BLOB shift-reduce 183    term ::= NULL|FLOAT|BLOB
                       INTEGER shift-reduce 185    term ::= INTEGER
                      VARIABLE shift-reduce 186    expr ::= VARIABLE
                          CASE shift        38     
                       QNUMBER shift-reduce 387    term ::= QNUMBER
                            nm shift        691    
                          term shift        91       /* because term==expr */
                          expr shift        91     

State 129:
          nm ::= * ID|INDEXED|JOIN_KW
          nm ::= * STRING
          expr ::= * term
          expr ::= * LP expr RP
          expr ::= * ID|INDEXED|JOIN_KW
          expr ::= * nm DOT nm
          expr ::= * nm DOT nm DOT nm
          term ::= * NULL|FLOAT|BLOB
          term ::= * STRING
          term ::= * INTEGER
          expr ::= * VARIABLE
          expr ::= * expr COLLATE ID|STRING
          expr ::= * CAST LP expr AS typetoken RP
          expr ::= * ID|INDEXED|JOIN_KW LP distinct exprlist RP
          expr ::= * ID|INDEXED|JOIN_KW LP distinct exprlist ORDER BY sortlist RP
          expr ::= * ID|INDEXED|JOIN_KW LP STAR RP
          expr ::= * ID|INDEXED|JOIN_KW LP distinct exprlist RP filter_over
          expr ::= * ID|INDEXED|JOIN_KW LP distinct exprlist ORDER BY sortlist RP filter_over
          expr ::= * ID|INDEXED|JOIN_KW LP STAR RP filter_over
          term ::= * CTIME_KW
          expr ::= * LP nexprlist COMMA expr RP
          expr ::= * expr AND expr
          expr ::= * expr OR expr
          expr ::= * expr LT|GT|GE|LE expr
          expr ::= * expr EQ|NE expr
          expr ::= * expr BITAND|BITOR|LSHIFT|RSHIFT expr
          expr ::= * expr PLUS|MINUS expr
          expr ::= * expr STAR|SLASH|REM expr
          expr ::= * expr CONCAT expr
          expr ::= * expr likeop expr
          expr ::= * expr likeop expr ESCAPE expr
          expr ::= * expr ISNULL|NOTNULL
          expr ::= * expr NOT NULL
          expr ::= * expr IS expr
          expr ::= * expr IS NOT expr
          expr ::= * expr IS NOT DISTINCT FROM expr
          expr ::= * expr IS DISTINCT FROM expr
          expr ::= * NOT expr
          expr ::= * BITNOT expr
          expr ::= * PLUS|MINUS expr
          expr ::= * expr PTR expr
          expr ::= * expr between_op expr AND expr
          expr ::= * expr in_op LP exprlist RP
          expr ::= * LP select RP
          expr ::= * expr in_op LP select RP
          expr ::= * expr in_op nm dbnm paren_exprlist
          expr ::= * EXISTS LP select RP
          expr ::= * CASE case_operand case_exprlist case_else END
          when_clause ::= WHEN * expr
          expr ::= * RAISE LP IGNORE RP
          expr ::= * RAISE LP raisetype COMMA expr RP
          term ::= * QNUMBER

                           NOT shift        150    
                        EXISTS shift        683    
                            LP shift        4      
                          CAST shift        686    
                            ID shift        530    
                         RAISE shift        680    
                      CTIME_KW shift-reduce 195    term ::= CTIME_KW
                          PLUS shift        148    
                         MINUS shift        148    
                        BITNOT shift        149    
                       INDEXED shift        530    
                        STRING shift        692    
                       JOIN_KW shift        530    
                          NULL shift-reduce 183    term ::= NULL|FLOAT|BLOB
                         FLOAT shift-reduce 183    term ::= NULL|FLOAT|BLOB
                          BLOB shift-reduce 183    term ::= NULL|FLOAT|BLOB
                       INTEGER shift-reduce 185    term ::= INTEGER
                      VARIABLE shift-reduce 186    expr ::= VARIABLE
                          CASE shift        38     
                       QNUMBER shift-reduce 387    term ::= QNUMBER
                            nm shift        691    
                          term shift        92       /* because term==expr */
                          expr shift        92     

State 130:
          nm ::= * ID|INDEXED|JOIN_KW
          nm ::= * STRING
          tcons ::= CHECK LP * expr RP onconf
          expr ::= * term
          expr ::= * LP expr RP
          expr ::= * ID|INDEXED|JOIN_KW
          expr ::= * nm DOT nm
          expr ::= * nm DOT nm DOT nm
          term ::= * NULL|FLOAT|BLOB
          term ::= * STRING
          term ::= * INTEGER
          expr ::= * VARIABLE
          expr ::= * expr COLLATE ID|STRING
          expr ::= * CAST LP expr AS typetoken RP
          expr ::= * ID|INDEXED|JOIN_KW LP distinct exprlist RP
          expr ::= * ID|INDEXED|JOIN_KW LP distinct exprlist ORDER BY sortlist RP
          expr ::= * ID|INDEXED|JOIN_KW LP STAR RP
          expr ::= * ID|INDEXED|JOIN_KW LP distinct exprlist RP filter_over
          expr ::= * ID|INDEXED|JOIN_KW LP distinct exprlist ORDER BY sortlist RP filter_over
          expr ::= * ID|INDEXED|JOIN_KW LP STAR RP filter_over
          term ::= * CTIME_KW
          expr ::= * LP nexprlist COMMA expr RP
          expr ::= * expr AND expr
          expr ::= * expr OR expr
          expr ::= * expr LT|GT|GE|LE expr
          expr ::= * expr EQ|NE expr
          expr ::= * expr BITAND|BITOR|LSHIFT|RSHIFT expr
          expr ::= * expr PLUS|MINUS expr
          expr ::= * expr STAR|SLASH|REM expr
          expr ::= * expr CONCAT expr
          expr ::= * expr likeop expr
          expr ::= * expr likeop expr ESCAPE expr
          expr ::= * expr ISNULL|NOTNULL
          expr ::= * expr NOT NULL
          expr ::= * expr IS expr
          expr ::= * expr IS NOT expr
          expr ::= * expr IS NOT DISTINCT FROM expr
          expr ::= * expr IS DISTINCT FROM expr
          expr ::= * NOT expr
          expr ::= * BITNOT expr
          expr ::= * PLUS|MINUS expr
          expr ::= * expr PTR expr
          expr ::= * expr between_op expr AND expr
          expr ::= * expr in_op LP exprlist RP
          expr ::= * LP select RP
          expr ::= * expr in_op LP select RP
          expr ::= * expr in_op nm dbnm paren_exprlist
          expr ::= * EXISTS LP select RP
          expr ::= * CASE case_operand case_exprlist case_else END
          expr ::= * RAISE LP IGNORE RP
          expr ::= * RAISE LP raisetype COMMA expr RP
          term ::= * QNUMBER

                           NOT shift        150    
                        EXISTS shift        683    
                            LP shift        4      
                          CAST shift        686    
                            ID shift        530    
                         RAISE shift        680    
                      CTIME_KW shift-reduce 195    term ::= CTIME_KW
                          PLUS shift        148    
                         MINUS shift        148    
                        BITNOT shift        149    
                       INDEXED shift        530    
                        STRING shift        692    
                       JOIN_KW shift        530    
                          NULL shift-reduce 183    term ::= NULL|FLOAT|BLOB
                         FLOAT shift-reduce 183    term ::= NULL|FLOAT|BLOB
                          BLOB shift-reduce 183    term ::= NULL|FLOAT|BLOB
                       INTEGER shift-reduce 185    term ::= INTEGER
                      VARIABLE shift-reduce 186    expr ::= VARIABLE
                          CASE shift        38     
                       QNUMBER shift-reduce 387    term ::= QNUMBER
                            nm shift        691    
                          term shift        72       /* because term==expr */
                          expr shift        72     

State 131:
          nm ::= * ID|INDEXED|JOIN_KW
          nm ::= * STRING
          generated ::= LP * expr RP
          generated ::= LP * expr RP ID
          expr ::= * term
          expr ::= * LP expr RP
          expr ::= * ID|INDEXED|JOIN_KW
          expr ::= * nm DOT nm
          expr ::= * nm DOT nm DOT nm
          term ::= * NULL|FLOAT|BLOB
          term ::= * STRING
          term ::= * INTEGER
          expr ::= * VARIABLE
          expr ::= * expr COLLATE ID|STRING
          expr ::= * CAST LP expr AS typetoken RP
          expr ::= * ID|INDEXED|JOIN_KW LP distinct exprlist RP
          expr ::= * ID|INDEXED|JOIN_KW LP distinct exprlist ORDER BY sortlist RP
          expr ::= * ID|INDEXED|JOIN_KW LP STAR RP
          expr ::= * ID|INDEXED|JOIN_KW LP distinct exprlist RP filter_over
          expr ::= * ID|INDEXED|JOIN_KW LP distinct exprlist ORDER BY sortlist RP filter_over
          expr ::= * ID|INDEXED|JOIN_KW LP STAR RP filter_over
          term ::= * CTIME_KW
          expr ::= * LP nexprlist COMMA expr RP
          expr ::= * expr AND expr
          expr ::= * expr OR expr
          expr ::= * expr LT|GT|GE|LE expr
          expr ::= * expr EQ|NE expr
          expr ::= * expr BITAND|BITOR|LSHIFT|RSHIFT expr
          expr ::= * expr PLUS|MINUS expr
          expr ::= * expr STAR|SLASH|REM expr
          expr ::= * expr CONCAT expr
          expr ::= * expr likeop expr
          expr ::= * expr likeop expr ESCAPE expr
          expr ::= * expr ISNULL|NOTNULL
          expr ::= * expr NOT NULL
          expr ::= * expr IS expr
          expr ::= * expr IS NOT expr
          expr ::= * expr IS NOT DISTINCT FROM expr
          expr ::= * expr IS DISTINCT FROM expr
          expr ::= * NOT expr
          expr ::= * BITNOT expr
          expr ::= * PLUS|MINUS expr
          expr ::= * expr PTR expr
          expr ::= * expr between_op expr AND expr
          expr ::= * expr in_op LP exprlist RP
          expr ::= * LP select RP
          expr ::= * expr in_op LP select RP
          expr ::= * expr in_op nm dbnm paren_exprlist
          expr ::= * EXISTS LP select RP
          expr ::= * CASE case_operand case_exprlist case_else END
          expr ::= * RAISE LP IGNORE RP
          expr ::= * RAISE LP raisetype COMMA expr RP
          term ::= * QNUMBER

                           NOT shift        150    
                        EXISTS shift        683    
                            LP shift        4      
                          CAST shift        686    
                            ID shift        530    
                         RAISE shift        680    
                      CTIME_KW shift-reduce 195    term ::= CTIME_KW
                          PLUS shift        148    
                         MINUS shift        148    
                        BITNOT shift        149    
                       INDEXED shift        530    
                        STRING shift        692    
                       JOIN_KW shift        530    
                          NULL shift-reduce 183    term ::= NULL|FLOAT|BLOB
                         FLOAT shift-reduce 183    term ::= NULL|FLOAT|BLOB
                          BLOB shift-reduce 183    term ::= NULL|FLOAT|BLOB
                       INTEGER shift-reduce 185    term ::= INTEGER
                      VARIABLE shift-reduce 186    expr ::= VARIABLE
                          CASE shift        38     
                       QNUMBER shift-reduce 387    term ::= QNUMBER
                            nm shift        691    
                          term shift        73       /* because term==expr */
                          expr shift        73     

State 132:
          nm ::= * ID|INDEXED|JOIN_KW
          nm ::= * STRING
          ccons ::= CHECK LP * expr RP
          expr ::= * term
          expr ::= * LP expr RP
          expr ::= * ID|INDEXED|JOIN_KW
          expr ::= * nm DOT nm
          expr ::= * nm DOT nm DOT nm
          term ::= * NULL|FLOAT|BLOB
          term ::= * STRING
          term ::= * INTEGER
          expr ::= * VARIABLE
          expr ::= * expr COLLATE ID|STRING
          expr ::= * CAST LP expr AS typetoken RP
          expr ::= * ID|INDEXED|JOIN_KW LP distinct exprlist RP
          expr ::= * ID|INDEXED|JOIN_KW LP distinct exprlist ORDER BY sortlist RP
          expr ::= * ID|INDEXED|JOIN_KW LP STAR RP
          expr ::= * ID|INDEXED|JOIN_KW LP distinct exprlist RP filter_over
          expr ::= * ID|INDEXED|JOIN_KW LP distinct exprlist ORDER BY sortlist RP filter_over
          expr ::= * ID|INDEXED|JOIN_KW LP STAR RP filter_over
          term ::= * CTIME_KW
          expr ::= * LP nexprlist COMMA expr RP
          expr ::= * expr AND expr
          expr ::= * expr OR expr
          expr ::= * expr LT|GT|GE|LE expr
          expr ::= * expr EQ|NE expr
          expr ::= * expr BITAND|BITOR|LSHIFT|RSHIFT expr
          expr ::= * expr PLUS|MINUS expr
          expr ::= * expr STAR|SLASH|REM expr
          expr ::= * expr CONCAT expr
          expr ::= * expr likeop expr
          expr ::= * expr likeop expr ESCAPE expr
          expr ::= * expr ISNULL|NOTNULL
          expr ::= * expr NOT NULL
          expr ::= * expr IS expr
          expr ::= * expr IS NOT expr
          expr ::= * expr IS NOT DISTINCT FROM expr
          expr ::= * expr IS DISTINCT FROM expr
          expr ::= * NOT expr
          expr ::= * BITNOT expr
          expr ::= * PLUS|MINUS expr
          expr ::= * expr PTR expr
          expr ::= * expr between_op expr AND expr
          expr ::= * expr in_op LP exprlist RP
          expr ::= * LP select RP
          expr ::= * expr in_op LP select RP
          expr ::= * expr in_op nm dbnm paren_exprlist
          expr ::= * EXISTS LP select RP
          expr ::= * CASE case_operand case_exprlist case_else END
          expr ::= * RAISE LP IGNORE RP
          expr ::= * RAISE LP raisetype COMMA expr RP
          term ::= * QNUMBER

                           NOT shift        150    
                        EXISTS shift        683    
                            LP shift        4      
                          CAST shift        686    
                            ID shift        530    
                         RAISE shift        680    
                      CTIME_KW shift-reduce 195    term ::= CTIME_KW
                          PLUS shift        148    
                         MINUS shift        148    
                        BITNOT shift        149    
                       INDEXED shift        530    
                        STRING shift        692    
                       JOIN_KW shift        530    
                          NULL shift-reduce 183    term ::= NULL|FLOAT|BLOB
                         FLOAT shift-reduce 183    term ::= NULL|FLOAT|BLOB
                          BLOB shift-reduce 183    term ::= NULL|FLOAT|BLOB
                       INTEGER shift-reduce 185    term ::= INTEGER
                      VARIABLE shift-reduce 186    expr ::= VARIABLE
                          CASE shift        38     
                       QNUMBER shift-reduce 387    term ::= QNUMBER
                            nm shift        691    
                          term shift        74       /* because term==expr */
                          expr shift        74     

State 133:
          nm ::= * ID|INDEXED|JOIN_KW
          nm ::= * STRING
          expr ::= * term
          expr ::= * LP expr RP
          expr ::= * ID|INDEXED|JOIN_KW
          expr ::= * nm DOT nm
          expr ::= * nm DOT nm DOT nm
          term ::= * NULL|FLOAT|BLOB
          term ::= * STRING
          term ::= * INTEGER
          expr ::= * VARIABLE
          expr ::= * expr COLLATE ID|STRING
          expr ::= * CAST LP expr AS typetoken RP
          expr ::= * ID|INDEXED|JOIN_KW LP distinct exprlist RP
          expr ::= * ID|INDEXED|JOIN_KW LP distinct exprlist ORDER BY sortlist RP
          expr ::= * ID|INDEXED|JOIN_KW LP STAR RP
          expr ::= * ID|INDEXED|JOIN_KW LP distinct exprlist RP filter_over
          expr ::= * ID|INDEXED|JOIN_KW LP distinct exprlist ORDER BY sortlist RP filter_over
          expr ::= * ID|INDEXED|JOIN_KW LP STAR RP filter_over
          term ::= * CTIME_KW
          expr ::= * LP nexprlist COMMA expr RP
          expr ::= * expr AND expr
          expr ::= * expr OR expr
          expr ::= * expr LT|GT|GE|LE expr
          expr ::= * expr EQ|NE expr
          expr ::= * expr BITAND|BITOR|LSHIFT|RSHIFT expr
          expr ::= * expr PLUS|MINUS expr
          expr ::= * expr STAR|SLASH|REM expr
          expr ::= * expr CONCAT expr
          expr ::= * expr likeop expr
          expr ::= * expr likeop expr ESCAPE expr
          expr ::= * expr ISNULL|NOTNULL
          expr ::= * expr NOT NULL
          expr ::= * expr IS expr
          expr ::= * expr IS NOT expr
          expr ::= * expr IS NOT DISTINCT FROM expr
          expr ::= * expr IS DISTINCT FROM expr
          expr ::= * NOT expr
          expr ::= * BITNOT expr
          expr ::= * PLUS|MINUS expr
          expr ::= * expr PTR expr
          expr ::= * expr between_op expr AND expr
          expr ::= * expr in_op LP exprlist RP
          expr ::= * LP select RP
          expr ::= * expr in_op LP select RP
          expr ::= * expr in_op nm dbnm paren_exprlist
          expr ::= * EXISTS LP select RP
          expr ::= * CASE case_operand case_exprlist case_else END
          expr ::= * RAISE LP IGNORE RP
          expr ::= * RAISE LP raisetype COMMA expr RP
          filter_clause ::= FILTER LP WHERE * expr RP
          term ::= * QNUMBER

                           NOT shift        150    
                        EXISTS shift        683    
                            LP shift        4      
                          CAST shift        686    
                            ID shift        530    
                         RAISE shift        680    
                      CTIME_KW shift-reduce 195    term ::= CTIME_KW
                          PLUS shift        148    
                         MINUS shift        148    
                        BITNOT shift        149    
                       INDEXED shift        530    
                        STRING shift        692    
                       JOIN_KW shift        530    
                          NULL shift-reduce 183    term ::= NULL|FLOAT|BLOB
                         FLOAT shift-reduce 183    term ::= NULL|FLOAT|BLOB
                          BLOB shift-reduce 183    term ::= NULL|FLOAT|BLOB
                       INTEGER shift-reduce 185    term ::= INTEGER
                      VARIABLE shift-reduce 186    expr ::= VARIABLE
                          CASE shift        38     
                       QNUMBER shift-reduce 387    term ::= QNUMBER
                            nm shift        691    
                          term shift        76       /* because term==expr */
                          expr shift        76     

State 134:
          nm ::= * ID|INDEXED|JOIN_KW
          nm ::= * STRING
          expr ::= * term
          expr ::= * LP expr RP
          expr ::= * ID|INDEXED|JOIN_KW
          expr ::= * nm DOT nm
          expr ::= * nm DOT nm DOT nm
          term ::= * NULL|FLOAT|BLOB
          term ::= * STRING
          term ::= * INTEGER
          expr ::= * VARIABLE
          expr ::= * expr COLLATE ID|STRING
          expr ::= * CAST LP expr AS typetoken RP
          expr ::= * ID|INDEXED|JOIN_KW LP distinct exprlist RP
          expr ::= * ID|INDEXED|JOIN_KW LP distinct exprlist ORDER BY sortlist RP
          expr ::= * ID|INDEXED|JOIN_KW LP STAR RP
          expr ::= * ID|INDEXED|JOIN_KW LP distinct exprlist RP filter_over
          expr ::= * ID|INDEXED|JOIN_KW LP distinct exprlist ORDER BY sortlist RP filter_over
          expr ::= * ID|INDEXED|JOIN_KW LP STAR RP filter_over
          term ::= * CTIME_KW
          expr ::= * LP nexprlist COMMA expr RP
          expr ::= LP nexprlist COMMA * expr RP
          expr ::= * expr AND expr
          expr ::= * expr OR expr
          expr ::= * expr LT|GT|GE|LE expr
          expr ::= * expr EQ|NE expr
          expr ::= * expr BITAND|BITOR|LSHIFT|RSHIFT expr
          expr ::= * expr PLUS|MINUS expr
          expr ::= * expr STAR|SLASH|REM expr
          expr ::= * expr CONCAT expr
          expr ::= * expr likeop expr
          expr ::= * expr likeop expr ESCAPE expr
          expr ::= * expr ISNULL|NOTNULL
          expr ::= * expr NOT NULL
          expr ::= * expr IS expr
          expr ::= * expr IS NOT expr
          expr ::= * expr IS NOT DISTINCT FROM expr
          expr ::= * expr IS DISTINCT FROM expr
          expr ::= * NOT expr
          expr ::= * BITNOT expr
          expr ::= * PLUS|MINUS expr
          expr ::= * expr PTR expr
          expr ::= * expr between_op expr AND expr
          expr ::= * expr in_op LP exprlist RP
          expr ::= * LP select RP
          expr ::= * expr in_op LP select RP
          expr ::= * expr in_op nm dbnm paren_exprlist
          expr ::= * EXISTS LP select RP
          expr ::= * CASE case_operand case_exprlist case_else END
          nexprlist ::= nexprlist COMMA * expr
          expr ::= * RAISE LP IGNORE RP
          expr ::= * RAISE LP raisetype COMMA expr RP
          term ::= * QNUMBER

                           NOT shift        150    
                        EXISTS shift        683    
                            LP shift        4      
                          CAST shift        686    
                            ID shift        530    
                         RAISE shift        680    
                      CTIME_KW shift-reduce 195    term ::= CTIME_KW
                          PLUS shift        148    
                         MINUS shift        148    
                        BITNOT shift        149    
                       INDEXED shift        530    
                        STRING shift        692    
                       JOIN_KW shift        530    
                          NULL shift-reduce 183    term ::= NULL|FLOAT|BLOB
                         FLOAT shift-reduce 183    term ::= NULL|FLOAT|BLOB
                          BLOB shift-reduce 183    term ::= NULL|FLOAT|BLOB
                       INTEGER shift-reduce 185    term ::= INTEGER
                      VARIABLE shift-reduce 186    expr ::= VARIABLE
                          CASE shift        38     
                       QNUMBER shift-reduce 387    term ::= QNUMBER
                            nm shift        691    
                          term shift        77       /* because term==expr */
                          expr shift        77     

State 135:
          nm ::= * ID|INDEXED|JOIN_KW
          nm ::= * STRING
          on_using ::= ON * expr
          expr ::= * term
          expr ::= * LP expr RP
          expr ::= * ID|INDEXED|JOIN_KW
          expr ::= * nm DOT nm
          expr ::= * nm DOT nm DOT nm
          term ::= * NULL|FLOAT|BLOB
          term ::= * STRING
          term ::= * INTEGER
          expr ::= * VARIABLE
          expr ::= * expr COLLATE ID|STRING
          expr ::= * CAST LP expr AS typetoken RP
          expr ::= * ID|INDEXED|JOIN_KW LP distinct exprlist RP
          expr ::= * ID|INDEXED|JOIN_KW LP distinct exprlist ORDER BY sortlist RP
          expr ::= * ID|INDEXED|JOIN_KW LP STAR RP
          expr ::= * ID|INDEXED|JOIN_KW LP distinct exprlist RP filter_over
          expr ::= * ID|INDEXED|JOIN_KW LP distinct exprlist ORDER BY sortlist RP filter_over
          expr ::= * ID|INDEXED|JOIN_KW LP STAR RP filter_over
          term ::= * CTIME_KW
          expr ::= * LP nexprlist COMMA expr RP
          expr ::= * expr AND expr
          expr ::= * expr OR expr
          expr ::= * expr LT|GT|GE|LE expr
          expr ::= * expr EQ|NE expr
          expr ::= * expr BITAND|BITOR|LSHIFT|RSHIFT expr
          expr ::= * expr PLUS|MINUS expr
          expr ::= * expr STAR|SLASH|REM expr
          expr ::= * expr CONCAT expr
          expr ::= * expr likeop expr
          expr ::= * expr likeop expr ESCAPE expr
          expr ::= * expr ISNULL|NOTNULL
          expr ::= * expr NOT NULL
          expr ::= * expr IS expr
          expr ::= * expr IS NOT expr
          expr ::= * expr IS NOT DISTINCT FROM expr
          expr ::= * expr IS DISTINCT FROM expr
          expr ::= * NOT expr
          expr ::= * BITNOT expr
          expr ::= * PLUS|MINUS expr
          expr ::= * expr PTR expr
          expr ::= * expr between_op expr AND expr
          expr ::= * expr in_op LP exprlist RP
          expr ::= * LP select RP
          expr ::= * expr in_op LP select RP
          expr ::= * expr in_op nm dbnm paren_exprlist
          expr ::= * EXISTS LP select RP
          expr ::= * CASE case_operand case_exprlist case_else END
          expr ::= * RAISE LP IGNORE RP
          expr ::= * RAISE LP raisetype COMMA expr RP
          term ::= * QNUMBER

                           NOT shift        150    
                        EXISTS shift        683    
                            LP shift        4      
                          CAST shift        686    
                            ID shift        530    
                         RAISE shift        680    
                      CTIME_KW shift-reduce 195    term ::= CTIME_KW
                          PLUS shift        148    
                         MINUS shift        148    
                        BITNOT shift        149    
                       INDEXED shift        530    
                        STRING shift        692    
                       JOIN_KW shift        530    
                          NULL shift-reduce 183    term ::= NULL|FLOAT|BLOB
                         FLOAT shift-reduce 183    term ::= NULL|FLOAT|BLOB
                          BLOB shift-reduce 183    term ::= NULL|FLOAT|BLOB
                       INTEGER shift-reduce 185    term ::= INTEGER
                      VARIABLE shift-reduce 186    expr ::= VARIABLE
                          CASE shift        38     
                       QNUMBER shift-reduce 387    term ::= QNUMBER
                            nm shift        691    
                          term shift        93       /* because term==expr */
                          expr shift        93     

State 136:
          nm ::= * ID|INDEXED|JOIN_KW
          nm ::= * STRING
          where_opt ::= WHERE * expr
          expr ::= * term
          expr ::= * LP expr RP
          expr ::= * ID|INDEXED|JOIN_KW
          expr ::= * nm DOT nm
          expr ::= * nm DOT nm DOT nm
          term ::= * NULL|FLOAT|BLOB
          term ::= * STRING
          term ::= * INTEGER
          expr ::= * VARIABLE
          expr ::= * expr COLLATE ID|STRING
          expr ::= * CAST LP expr AS typetoken RP
          expr ::= * ID|INDEXED|JOIN_KW LP distinct exprlist RP
          expr ::= * ID|INDEXED|JOIN_KW LP distinct exprlist ORDER BY sortlist RP
          expr ::= * ID|INDEXED|JOIN_KW LP STAR RP
          expr ::= * ID|INDEXED|JOIN_KW LP distinct exprlist RP filter_over
          expr ::= * ID|INDEXED|JOIN_KW LP distinct exprlist ORDER BY sortlist RP filter_over
          expr ::= * ID|INDEXED|JOIN_KW LP STAR RP filter_over
          term ::= * CTIME_KW
          expr ::= * LP nexprlist COMMA expr RP
          expr ::= * expr AND expr
          expr ::= * expr OR expr
          expr ::= * expr LT|GT|GE|LE expr
          expr ::= * expr EQ|NE expr
          expr ::= * expr BITAND|BITOR|LSHIFT|RSHIFT expr
          expr ::= * expr PLUS|MINUS expr
          expr ::= * expr STAR|SLASH|REM expr
          expr ::= * expr CONCAT expr
          expr ::= * expr likeop expr
          expr ::= * expr likeop expr ESCAPE expr
          expr ::= * expr ISNULL|NOTNULL
          expr ::= * expr NOT NULL
          expr ::= * expr IS expr
          expr ::= * expr IS NOT expr
          expr ::= * expr IS NOT DISTINCT FROM expr
          expr ::= * expr IS DISTINCT FROM expr
          expr ::= * NOT expr
          expr ::= * BITNOT expr
          expr ::= * PLUS|MINUS expr
          expr ::= * expr PTR expr
          expr ::= * expr between_op expr AND expr
          expr ::= * expr in_op LP exprlist RP
          expr ::= * LP select RP
          expr ::= * expr in_op LP select RP
          expr ::= * expr in_op nm dbnm paren_exprlist
          expr ::= * EXISTS LP select RP
          expr ::= * CASE case_operand case_exprlist case_else END
          expr ::= * RAISE LP IGNORE RP
          expr ::= * RAISE LP raisetype COMMA expr RP
          term ::= * QNUMBER

                           NOT shift        150    
                        EXISTS shift        683    
                            LP shift        4      
                          CAST shift        686    
                            ID shift        530    
                         RAISE shift        680    
                      CTIME_KW shift-reduce 195    term ::= CTIME_KW
                          PLUS shift        148    
                         MINUS shift        148    
                        BITNOT shift        149    
                       INDEXED shift        530    
                        STRING shift        692    
                       JOIN_KW shift        530    
                          NULL shift-reduce 183    term ::= NULL|FLOAT|BLOB
                         FLOAT shift-reduce 183    term ::= NULL|FLOAT|BLOB
                          BLOB shift-reduce 183    term ::= NULL|FLOAT|BLOB
                       INTEGER shift-reduce 185    term ::= INTEGER
                      VARIABLE shift-reduce 186    expr ::= VARIABLE
                          CASE shift        38     
                       QNUMBER shift-reduce 387    term ::= QNUMBER
                            nm shift        691    
                          term shift        94       /* because term==expr */
                          expr shift        94     

State 137:
          nm ::= * ID|INDEXED|JOIN_KW
          nm ::= * STRING
          having_opt ::= HAVING * expr
          expr ::= * term
          expr ::= * LP expr RP
          expr ::= * ID|INDEXED|JOIN_KW
          expr ::= * nm DOT nm
          expr ::= * nm DOT nm DOT nm
          term ::= * NULL|FLOAT|BLOB
          term ::= * STRING
          term ::= * INTEGER
          expr ::= * VARIABLE
          expr ::= * expr COLLATE ID|STRING
          expr ::= * CAST LP expr AS typetoken RP
          expr ::= * ID|INDEXED|JOIN_KW LP distinct exprlist RP
          expr ::= * ID|INDEXED|JOIN_KW LP distinct exprlist ORDER BY sortlist RP
          expr ::= * ID|INDEXED|JOIN_KW LP STAR RP
          expr ::= * ID|INDEXED|JOIN_KW LP distinct exprlist RP filter_over
          expr ::= * ID|INDEXED|JOIN_KW LP distinct exprlist ORDER BY sortlist RP filter_over
          expr ::= * ID|INDEXED|JOIN_KW LP STAR RP filter_over
          term ::= * CTIME_KW
          expr ::= * LP nexprlist COMMA expr RP
          expr ::= * expr AND expr
          expr ::= * expr OR expr
          expr ::= * expr LT|GT|GE|LE expr
          expr ::= * expr EQ|NE expr
          expr ::= * expr BITAND|BITOR|LSHIFT|RSHIFT expr
          expr ::= * expr PLUS|MINUS expr
          expr ::= * expr STAR|SLASH|REM expr
          expr ::= * expr CONCAT expr
          expr ::= * expr likeop expr
          expr ::= * expr likeop expr ESCAPE expr
          expr ::= * expr ISNULL|NOTNULL
          expr ::= * expr NOT NULL
          expr ::= * expr IS expr
          expr ::= * expr IS NOT expr
          expr ::= * expr IS NOT DISTINCT FROM expr
          expr ::= * expr IS DISTINCT FROM expr
          expr ::= * NOT expr
          expr ::= * BITNOT expr
          expr ::= * PLUS|MINUS expr
          expr ::= * expr PTR expr
          expr ::= * expr between_op expr AND expr
          expr ::= * expr in_op LP exprlist RP
          expr ::= * LP select RP
          expr ::= * expr in_op LP select RP
          expr ::= * expr in_op nm dbnm paren_exprlist
          expr ::= * EXISTS LP select RP
          expr ::= * CASE case_operand case_exprlist case_else END
          expr ::= * RAISE LP IGNORE RP
          expr ::= * RAISE LP raisetype COMMA expr RP
          term ::= * QNUMBER

                           NOT shift        150    
                        EXISTS shift        683    
                            LP shift        4      
                          CAST shift        686    
                            ID shift        530    
                         RAISE shift        680    
                      CTIME_KW shift-reduce 195    term ::= CTIME_KW
                          PLUS shift        148    
                         MINUS shift        148    
                        BITNOT shift        149    
                       INDEXED shift        530    
                        STRING shift        692    
                       JOIN_KW shift        530    
                          NULL shift-reduce 183    term ::= NULL|FLOAT|BLOB
                         FLOAT shift-reduce 183    term ::= NULL|FLOAT|BLOB
                          BLOB shift-reduce 183    term ::= NULL|FLOAT|BLOB
                       INTEGER shift-reduce 185    term ::= INTEGER
                      VARIABLE shift-reduce 186    expr ::= VARIABLE
                          CASE shift        38     
                       QNUMBER shift-reduce 387    term ::= QNUMBER
                            nm shift        691    
                          term shift        95       /* because term==expr */
                          expr shift        95     

State 138:
          nm ::= * ID|INDEXED|JOIN_KW
          nm ::= * STRING
          sortlist ::= sortlist COMMA * expr sortorder nulls
          expr ::= * term
          expr ::= * LP expr RP
          expr ::= * ID|INDEXED|JOIN_KW
          expr ::= * nm DOT nm
          expr ::= * nm DOT nm DOT nm
          term ::= * NULL|FLOAT|BLOB
          term ::= * STRING
          term ::= * INTEGER
          expr ::= * VARIABLE
          expr ::= * expr COLLATE ID|STRING
          expr ::= * CAST LP expr AS typetoken RP
          expr ::= * ID|INDEXED|JOIN_KW LP distinct exprlist RP
          expr ::= * ID|INDEXED|JOIN_KW LP distinct exprlist ORDER BY sortlist RP
          expr ::= * ID|INDEXED|JOIN_KW LP STAR RP
          expr ::= * ID|INDEXED|JOIN_KW LP distinct exprlist RP filter_over
          expr ::= * ID|INDEXED|JOIN_KW LP distinct exprlist ORDER BY sortlist RP filter_over
          expr ::= * ID|INDEXED|JOIN_KW LP STAR RP filter_over
          term ::= * CTIME_KW
          expr ::= * LP nexprlist COMMA expr RP
          expr ::= * expr AND expr
          expr ::= * expr OR expr
          expr ::= * expr LT|GT|GE|LE expr
          expr ::= * expr EQ|NE expr
          expr ::= * expr BITAND|BITOR|LSHIFT|RSHIFT expr
          expr ::= * expr PLUS|MINUS expr
          expr ::= * expr STAR|SLASH|REM expr
          expr ::= * expr CONCAT expr
          expr ::= * expr likeop expr
          expr ::= * expr likeop expr ESCAPE expr
          expr ::= * expr ISNULL|NOTNULL
          expr ::= * expr NOT NULL
          expr ::= * expr IS expr
          expr ::= * expr IS NOT expr
          expr ::= * expr IS NOT DISTINCT FROM expr
          expr ::= * expr IS DISTINCT FROM expr
          expr ::= * NOT expr
          expr ::= * BITNOT expr
          expr ::= * PLUS|MINUS expr
          expr ::= * expr PTR expr
          expr ::= * expr between_op expr AND expr
          expr ::= * expr in_op LP exprlist RP
          expr ::= * LP select RP
          expr ::= * expr in_op LP select RP
          expr ::= * expr in_op nm dbnm paren_exprlist
          expr ::= * EXISTS LP select RP
          expr ::= * CASE case_operand case_exprlist case_else END
          expr ::= * RAISE LP IGNORE RP
          expr ::= * RAISE LP raisetype COMMA expr RP
          term ::= * QNUMBER

                           NOT shift        150    
                        EXISTS shift        683    
                            LP shift        4      
                          CAST shift        686    
                            ID shift        530    
                         RAISE shift        680    
                      CTIME_KW shift-reduce 195    term ::= CTIME_KW
                          PLUS shift        148    
                         MINUS shift        148    
                        BITNOT shift        149    
                       INDEXED shift        530    
                        STRING shift        692    
                       JOIN_KW shift        530    
                          NULL shift-reduce 183    term ::= NULL|FLOAT|BLOB
                         FLOAT shift-reduce 183    term ::= NULL|FLOAT|BLOB
                          BLOB shift-reduce 183    term ::= NULL|FLOAT|BLOB
                       INTEGER shift-reduce 185    term ::= INTEGER
                      VARIABLE shift-reduce 186    expr ::= VARIABLE
                          CASE shift        38     
                       QNUMBER shift-reduce 387    term ::= QNUMBER
                            nm shift        691    
                          term shift        23       /* because term==expr */
                          expr shift        23     

State 139:
          nm ::= * ID|INDEXED|JOIN_KW
          nm ::= * STRING
          limit_opt ::= LIMIT expr COMMA * expr
          expr ::= * term
          expr ::= * LP expr RP
          expr ::= * ID|INDEXED|JOIN_KW
          expr ::= * nm DOT nm
          expr ::= * nm DOT nm DOT nm
          term ::= * NULL|FLOAT|BLOB
          term ::= * STRING
          term ::= * INTEGER
          expr ::= * VARIABLE
          expr ::= * expr COLLATE ID|STRING
          expr ::= * CAST LP expr AS typetoken RP
          expr ::= * ID|INDEXED|JOIN_KW LP distinct exprlist RP
          expr ::= * ID|INDEXED|JOIN_KW LP distinct exprlist ORDER BY sortlist RP
          expr ::= * ID|INDEXED|JOIN_KW LP STAR RP
          expr ::= * ID|INDEXED|JOIN_KW LP distinct exprlist RP filter_over
          expr ::= * ID|INDEXED|JOIN_KW LP distinct exprlist ORDER BY sortlist RP filter_over
          expr ::= * ID|INDEXED|JOIN_KW LP STAR RP filter_over
          term ::= * CTIME_KW
          expr ::= * LP nexprlist COMMA expr RP
          expr ::= * expr AND expr
          expr ::= * expr OR expr
          expr ::= * expr LT|GT|GE|LE expr
          expr ::= * expr EQ|NE expr
          expr ::= * expr BITAND|BITOR|LSHIFT|RSHIFT expr
          expr ::= * expr PLUS|MINUS expr
          expr ::= * expr STAR|SLASH|REM expr
          expr ::= * expr CONCAT expr
          expr ::= * expr likeop expr
          expr ::= * expr likeop expr ESCAPE expr
          expr ::= * expr ISNULL|NOTNULL
          expr ::= * expr NOT NULL
          expr ::= * expr IS expr
          expr ::= * expr IS NOT expr
          expr ::= * expr IS NOT DISTINCT FROM expr
          expr ::= * expr IS DISTINCT FROM expr
          expr ::= * NOT expr
          expr ::= * BITNOT expr
          expr ::= * PLUS|MINUS expr
          expr ::= * expr PTR expr
          expr ::= * expr between_op expr AND expr
          expr ::= * expr in_op LP exprlist RP
          expr ::= * LP select RP
          expr ::= * expr in_op LP select RP
          expr ::= * expr in_op nm dbnm paren_exprlist
          expr ::= * EXISTS LP select RP
          expr ::= * CASE case_operand case_exprlist case_else END
          expr ::= * RAISE LP IGNORE RP
          expr ::= * RAISE LP raisetype COMMA expr RP
          term ::= * QNUMBER

                           NOT shift        150    
                        EXISTS shift        683    
                            LP shift        4      
                          CAST shift        686    
                            ID shift        530    
                         RAISE shift        680    
                      CTIME_KW shift-reduce 195    term ::= CTIME_KW
                          PLUS shift        148    
                         MINUS shift        148    
                        BITNOT shift        149    
                       INDEXED shift        530    
                        STRING shift        692    
                       JOIN_KW shift        530    
                          NULL shift-reduce 183    term ::= NULL|FLOAT|BLOB
                         FLOAT shift-reduce 183    term ::= NULL|FLOAT|BLOB
                          BLOB shift-reduce 183    term ::= NULL|FLOAT|BLOB
                       INTEGER shift-reduce 185    term ::= INTEGER
                      VARIABLE shift-reduce 186    expr ::= VARIABLE
                          CASE shift        38     
                       QNUMBER shift-reduce 387    term ::= QNUMBER
                            nm shift        691    
                          term shift        96       /* because term==expr */
                          expr shift        96     

State 140:
          nm ::= * ID|INDEXED|JOIN_KW
          nm ::= * STRING
          expr ::= * term
          expr ::= * LP expr RP
          expr ::= * ID|INDEXED|JOIN_KW
          expr ::= * nm DOT nm
          expr ::= * nm DOT nm DOT nm
          term ::= * NULL|FLOAT|BLOB
          term ::= * STRING
          term ::= * INTEGER
          expr ::= * VARIABLE
          expr ::= * expr COLLATE ID|STRING
          expr ::= * CAST LP expr AS typetoken RP
          expr ::= * ID|INDEXED|JOIN_KW LP distinct exprlist RP
          expr ::= * ID|INDEXED|JOIN_KW LP distinct exprlist ORDER BY sortlist RP
          expr ::= * ID|INDEXED|JOIN_KW LP STAR RP
          expr ::= * ID|INDEXED|JOIN_KW LP distinct exprlist RP filter_over
          expr ::= * ID|INDEXED|JOIN_KW LP distinct exprlist ORDER BY sortlist RP filter_over
          expr ::= * ID|INDEXED|JOIN_KW LP STAR RP filter_over
          term ::= * CTIME_KW
          expr ::= * LP nexprlist COMMA expr RP
          expr ::= * expr AND expr
          expr ::= * expr OR expr
          expr ::= * expr LT|GT|GE|LE expr
          expr ::= * expr EQ|NE expr
          expr ::= * expr BITAND|BITOR|LSHIFT|RSHIFT expr
          expr ::= * expr PLUS|MINUS expr
          expr ::= * expr STAR|SLASH|REM expr
          expr ::= * expr CONCAT expr
          expr ::= * expr likeop expr
          expr ::= * expr likeop expr ESCAPE expr
          expr ::= * expr ISNULL|NOTNULL
          expr ::= * expr NOT NULL
          expr ::= * expr IS expr
          expr ::= * expr IS NOT expr
          expr ::= * expr IS NOT DISTINCT FROM expr
          expr ::= * expr IS DISTINCT FROM expr
          expr ::= expr IS DISTINCT FROM * expr
          expr ::= * NOT expr
          expr ::= * BITNOT expr
          expr ::= * PLUS|MINUS expr
          expr ::= * expr PTR expr
          expr ::= * expr between_op expr AND expr
          expr ::= * expr in_op LP exprlist RP
          expr ::= * LP select RP
          expr ::= * expr in_op LP select RP
          expr ::= * expr in_op nm dbnm paren_exprlist
          expr ::= * EXISTS LP select RP
          expr ::= * CASE case_operand case_exprlist case_else END
          expr ::= * RAISE LP IGNORE RP
          expr ::= * RAISE LP raisetype COMMA expr RP
          term ::= * QNUMBER

                           NOT shift        150    
                        EXISTS shift        683    
                            LP shift        4      
                          CAST shift        686    
                            ID shift        530    
                         RAISE shift        680    
                      CTIME_KW shift-reduce 195    term ::= CTIME_KW
                          PLUS shift        148    
                         MINUS shift        148    
                        BITNOT shift        149    
                       INDEXED shift        530    
                        STRING shift        692    
                       JOIN_KW shift        530    
                          NULL shift-reduce 183    term ::= NULL|FLOAT|BLOB
                         FLOAT shift-reduce 183    term ::= NULL|FLOAT|BLOB
                          BLOB shift-reduce 183    term ::= NULL|FLOAT|BLOB
                       INTEGER shift-reduce 185    term ::= INTEGER
                      VARIABLE shift-reduce 186    expr ::= VARIABLE
                          CASE shift        38     
                       QNUMBER shift-reduce 387    term ::= QNUMBER
                            nm shift        691    
                          term shift        170      /* because term==expr */
                          expr shift        170    

State 141:
          nm ::= * ID|INDEXED|JOIN_KW
          nm ::= * STRING
          expr ::= * term
          expr ::= * LP expr RP
          expr ::= * ID|INDEXED|JOIN_KW
          expr ::= * nm DOT nm
          expr ::= * nm DOT nm DOT nm
          term ::= * NULL|FLOAT|BLOB
          term ::= * STRING
          term ::= * INTEGER
          expr ::= * VARIABLE
          expr ::= * expr COLLATE ID|STRING
          expr ::= * CAST LP expr AS typetoken RP
          expr ::= * ID|INDEXED|JOIN_KW LP distinct exprlist RP
          expr ::= * ID|INDEXED|JOIN_KW LP distinct exprlist ORDER BY sortlist RP
          expr ::= * ID|INDEXED|JOIN_KW LP STAR RP
          expr ::= * ID|INDEXED|JOIN_KW LP distinct exprlist RP filter_over
          expr ::= * ID|INDEXED|JOIN_KW LP distinct exprlist ORDER BY sortlist RP filter_over
          expr ::= * ID|INDEXED|JOIN_KW LP STAR RP filter_over
          term ::= * CTIME_KW
          expr ::= * LP nexprlist COMMA expr RP
          expr ::= * expr AND expr
          expr ::= * expr OR expr
          expr ::= * expr LT|GT|GE|LE expr
          expr ::= * expr EQ|NE expr
          expr ::= * expr BITAND|BITOR|LSHIFT|RSHIFT expr
          expr ::= * expr PLUS|MINUS expr
          expr ::= * expr STAR|SLASH|REM expr
          expr ::= * expr CONCAT expr
          expr ::= * expr likeop expr
          expr ::= * expr likeop expr ESCAPE expr
          expr ::= * expr ISNULL|NOTNULL
          expr ::= * expr NOT NULL
          expr ::= * expr IS expr
          expr ::= * expr IS NOT expr
          expr ::= * expr IS NOT DISTINCT FROM expr
          expr ::= expr IS NOT DISTINCT FROM * expr
          expr ::= * expr IS DISTINCT FROM expr
          expr ::= * NOT expr
          expr ::= * BITNOT expr
          expr ::= * PLUS|MINUS expr
          expr ::= * expr PTR expr
          expr ::= * expr between_op expr AND expr
          expr ::= * expr in_op LP exprlist RP
          expr ::= * LP select RP
          expr ::= * expr in_op LP select RP
          expr ::= * expr in_op nm dbnm paren_exprlist
          expr ::= * EXISTS LP select RP
          expr ::= * CASE case_operand case_exprlist case_else END
          expr ::= * RAISE LP IGNORE RP
          expr ::= * RAISE LP raisetype COMMA expr RP
          term ::= * QNUMBER

                           NOT shift        150    
                        EXISTS shift        683    
                            LP shift        4      
                          CAST shift        686    
                            ID shift        530    
                         RAISE shift        680    
                      CTIME_KW shift-reduce 195    term ::= CTIME_KW
                          PLUS shift        148    
                         MINUS shift        148    
                        BITNOT shift        149    
                       INDEXED shift        530    
                        STRING shift        692    
                       JOIN_KW shift        530    
                          NULL shift-reduce 183    term ::= NULL|FLOAT|BLOB
                         FLOAT shift-reduce 183    term ::= NULL|FLOAT|BLOB
                          BLOB shift-reduce 183    term ::= NULL|FLOAT|BLOB
                       INTEGER shift-reduce 185    term ::= INTEGER
                      VARIABLE shift-reduce 186    expr ::= VARIABLE
                          CASE shift        38     
                       QNUMBER shift-reduce 387    term ::= QNUMBER
                            nm shift        691    
                          term shift        171      /* because term==expr */
                          expr shift        171    

State 142:
          nm ::= * ID|INDEXED|JOIN_KW
          nm ::= * STRING
          expr ::= * term
          expr ::= * LP expr RP
          expr ::= * ID|INDEXED|JOIN_KW
          expr ::= * nm DOT nm
          expr ::= * nm DOT nm DOT nm
          term ::= * NULL|FLOAT|BLOB
          term ::= * STRING
          term ::= * INTEGER
          expr ::= * VARIABLE
          expr ::= * expr COLLATE ID|STRING
          expr ::= * CAST LP expr AS typetoken RP
          expr ::= * ID|INDEXED|JOIN_KW LP distinct exprlist RP
          expr ::= * ID|INDEXED|JOIN_KW LP distinct exprlist ORDER BY sortlist RP
          expr ::= * ID|INDEXED|JOIN_KW LP STAR RP
          expr ::= * ID|INDEXED|JOIN_KW LP distinct exprlist RP filter_over
          expr ::= * ID|INDEXED|JOIN_KW LP distinct exprlist ORDER BY sortlist RP filter_over
          expr ::= * ID|INDEXED|JOIN_KW LP STAR RP filter_over
          term ::= * CTIME_KW
          expr ::= * LP nexprlist COMMA expr RP
          expr ::= * expr AND expr
          expr ::= * expr OR expr
          expr ::= * expr LT|GT|GE|LE expr
          expr ::= * expr EQ|NE expr
          expr ::= * expr BITAND|BITOR|LSHIFT|RSHIFT expr
          expr ::= * expr PLUS|MINUS expr
          expr ::= * expr STAR|SLASH|REM expr
          expr ::= * expr CONCAT expr
          expr ::= * expr likeop expr
          expr ::= * expr likeop expr ESCAPE expr
          expr ::= * expr ISNULL|NOTNULL
          expr ::= * expr NOT NULL
          expr ::= * expr IS expr
          expr ::= * expr IS NOT expr
          expr ::= * expr IS NOT DISTINCT FROM expr
          expr ::= * expr IS DISTINCT FROM expr
          expr ::= * NOT expr
          expr ::= * BITNOT expr
          expr ::= * PLUS|MINUS expr
          expr ::= * expr PTR expr
          expr ::= * expr between_op expr AND expr
          expr ::= * expr in_op LP exprlist RP
          expr ::= * LP select RP
          expr ::= * expr in_op LP select RP
          expr ::= * expr in_op nm dbnm paren_exprlist
          expr ::= * EXISTS LP select RP
          expr ::= * CASE case_operand case_exprlist case_else END
          case_exprlist ::= WHEN expr THEN * expr
          expr ::= * RAISE LP IGNORE RP
          expr ::= * RAISE LP raisetype COMMA expr RP
          term ::= * QNUMBER

                           NOT shift        150    
                        EXISTS shift        683    
                            LP shift        4      
                          CAST shift        686    
                            ID shift        530    
                         RAISE shift        680    
                      CTIME_KW shift-reduce 195    term ::= CTIME_KW
                          PLUS shift        148    
                         MINUS shift        148    
                        BITNOT shift        149    
                       INDEXED shift        530    
                        STRING shift        692    
                       JOIN_KW shift        530    
                          NULL shift-reduce 183    term ::= NULL|FLOAT|BLOB
                         FLOAT shift-reduce 183    term ::= NULL|FLOAT|BLOB
                          BLOB shift-reduce 183    term ::= NULL|FLOAT|BLOB
                       INTEGER shift-reduce 185    term ::= INTEGER
                      VARIABLE shift-reduce 186    expr ::= VARIABLE
                          CASE shift        38     
                       QNUMBER shift-reduce 387    term ::= QNUMBER
                            nm shift        691    
                          term shift        97       /* because term==expr */
                          expr shift        97     

State 143:
          nm ::= * ID|INDEXED|JOIN_KW
          nm ::= * STRING
          expr ::= * term
          expr ::= * LP expr RP
          expr ::= * ID|INDEXED|JOIN_KW
          expr ::= * nm DOT nm
          expr ::= * nm DOT nm DOT nm
          term ::= * NULL|FLOAT|BLOB
          term ::= * STRING
          term ::= * INTEGER
          expr ::= * VARIABLE
          expr ::= * expr COLLATE ID|STRING
          expr ::= * CAST LP expr AS typetoken RP
          expr ::= * ID|INDEXED|JOIN_KW LP distinct exprlist RP
          expr ::= * ID|INDEXED|JOIN_KW LP distinct exprlist ORDER BY sortlist RP
          expr ::= * ID|INDEXED|JOIN_KW LP STAR RP
          expr ::= * ID|INDEXED|JOIN_KW LP distinct exprlist RP filter_over
          expr ::= * ID|INDEXED|JOIN_KW LP distinct exprlist ORDER BY sortlist RP filter_over
          expr ::= * ID|INDEXED|JOIN_KW LP STAR RP filter_over
          term ::= * CTIME_KW
          expr ::= * LP nexprlist COMMA expr RP
          expr ::= * expr AND expr
          expr ::= * expr OR expr
          expr ::= * expr LT|GT|GE|LE expr
          expr ::= * expr EQ|NE expr
          expr ::= * expr BITAND|BITOR|LSHIFT|RSHIFT expr
          expr ::= * expr PLUS|MINUS expr
          expr ::= * expr STAR|SLASH|REM expr
          expr ::= * expr CONCAT expr
          expr ::= * expr likeop expr
          expr ::= * expr likeop expr ESCAPE expr
          expr ::= * expr ISNULL|NOTNULL
          expr ::= * expr NOT NULL
          expr ::= * expr IS expr
          expr ::= * expr IS NOT expr
          expr ::= * expr IS NOT DISTINCT FROM expr
          expr ::= * expr IS DISTINCT FROM expr
          expr ::= * NOT expr
          expr ::= * BITNOT expr
          expr ::= * PLUS|MINUS expr
          expr ::= * expr PTR expr
          expr ::= * expr between_op expr AND expr
          expr ::= * expr in_op LP exprlist RP
          expr ::= * LP select RP
          expr ::= * expr in_op LP select RP
          expr ::= * expr in_op nm dbnm paren_exprlist
          expr ::= * EXISTS LP select RP
          expr ::= * CASE case_operand case_exprlist case_else END
          case_exprlist ::= WHEN * expr THEN expr
          expr ::= * RAISE LP IGNORE RP
          expr ::= * RAISE LP raisetype COMMA expr RP
          term ::= * QNUMBER

                           NOT shift        150    
                        EXISTS shift        683    
                            LP shift        4      
                          CAST shift        686    
                            ID shift        530    
                         RAISE shift        680    
                      CTIME_KW shift-reduce 195    term ::= CTIME_KW
                          PLUS shift        148    
                         MINUS shift        148    
                        BITNOT shift        149    
                       INDEXED shift        530    
                        STRING shift        692    
                       JOIN_KW shift        530    
                          NULL shift-reduce 183    term ::= NULL|FLOAT|BLOB
                         FLOAT shift-reduce 183    term ::= NULL|FLOAT|BLOB
                          BLOB shift-reduce 183    term ::= NULL|FLOAT|BLOB
                       INTEGER shift-reduce 185    term ::= INTEGER
                      VARIABLE shift-reduce 186    expr ::= VARIABLE
                          CASE shift        38     
                       QNUMBER shift-reduce 387    term ::= QNUMBER
                            nm shift        691    
                          term shift        79       /* because term==expr */
                          expr shift        79     

State 144:
          nm ::= * ID|INDEXED|JOIN_KW
          nm ::= * STRING
          expr ::= * term
          expr ::= * LP expr RP
          expr ::= * ID|INDEXED|JOIN_KW
          expr ::= * nm DOT nm
          expr ::= * nm DOT nm DOT nm
          term ::= * NULL|FLOAT|BLOB
          term ::= * STRING
          term ::= * INTEGER
          expr ::= * VARIABLE
          expr ::= * expr COLLATE ID|STRING
          expr ::= * CAST LP expr AS typetoken RP
          expr ::= * ID|INDEXED|JOIN_KW LP distinct exprlist RP
          expr ::= * ID|INDEXED|JOIN_KW LP distinct exprlist ORDER BY sortlist RP
          expr ::= * ID|INDEXED|JOIN_KW LP STAR RP
          expr ::= * ID|INDEXED|JOIN_KW LP distinct exprlist RP filter_over
          expr ::= * ID|INDEXED|JOIN_KW LP distinct exprlist ORDER BY sortlist RP filter_over
          expr ::= * ID|INDEXED|JOIN_KW LP STAR RP filter_over
          term ::= * CTIME_KW
          expr ::= * LP nexprlist COMMA expr RP
          expr ::= * expr AND expr
          expr ::= * expr OR expr
          expr ::= * expr LT|GT|GE|LE expr
          expr ::= * expr EQ|NE expr
          expr ::= * expr BITAND|BITOR|LSHIFT|RSHIFT expr
          expr ::= * expr PLUS|MINUS expr
          expr ::= * expr STAR|SLASH|REM expr
          expr ::= * expr CONCAT expr
          expr ::= * expr likeop expr
          expr ::= * expr likeop expr ESCAPE expr
          expr ::= * expr ISNULL|NOTNULL
          expr ::= * expr NOT NULL
          expr ::= * expr IS expr
          expr ::= * expr IS NOT expr
          expr ::= * expr IS NOT DISTINCT FROM expr
          expr ::= * expr IS DISTINCT FROM expr
          expr ::= * NOT expr
          expr ::= * BITNOT expr
          expr ::= * PLUS|MINUS expr
          expr ::= * expr PTR expr
          expr ::= * expr between_op expr AND expr
          expr ::= * expr in_op LP exprlist RP
          expr ::= * LP select RP
          expr ::= * expr in_op LP select RP
          expr ::= * expr in_op nm dbnm paren_exprlist
          expr ::= * EXISTS LP select RP
          expr ::= * CASE case_operand case_exprlist case_else END
          case_else ::= ELSE * expr
          expr ::= * RAISE LP IGNORE RP
          expr ::= * RAISE LP raisetype COMMA expr RP
          term ::= * QNUMBER

                           NOT shift        150    
                        EXISTS shift        683    
                            LP shift        4      
                          CAST shift        686    
                            ID shift        530    
                         RAISE shift        680    
                      CTIME_KW shift-reduce 195    term ::= CTIME_KW
                          PLUS shift        148    
                         MINUS shift        148    
                        BITNOT shift        149    
                       INDEXED shift        530    
                        STRING shift        692    
                       JOIN_KW shift        530    
                          NULL shift-reduce 183    term ::= NULL|FLOAT|BLOB
                         FLOAT shift-reduce 183    term ::= NULL|FLOAT|BLOB
                          BLOB shift-reduce 183    term ::= NULL|FLOAT|BLOB
                       INTEGER shift-reduce 185    term ::= INTEGER
                      VARIABLE shift-reduce 186    expr ::= VARIABLE
                          CASE shift        38     
                       QNUMBER shift-reduce 387    term ::= QNUMBER
                            nm shift        691    
                          term shift        98       /* because term==expr */
                          expr shift        98     

State 145:
          nm ::= * ID|INDEXED|JOIN_KW
          nm ::= * STRING
          expr ::= * term
          expr ::= * LP expr RP
          expr ::= * ID|INDEXED|JOIN_KW
          expr ::= * nm DOT nm
          expr ::= * nm DOT nm DOT nm
          term ::= * NULL|FLOAT|BLOB
          term ::= * STRING
          term ::= * INTEGER
          expr ::= * VARIABLE
          expr ::= * expr COLLATE ID|STRING
          expr ::= * CAST LP expr AS typetoken RP
          expr ::= * ID|INDEXED|JOIN_KW LP distinct exprlist RP
          expr ::= * ID|INDEXED|JOIN_KW LP distinct exprlist ORDER BY sortlist RP
          expr ::= * ID|INDEXED|JOIN_KW LP STAR RP
          expr ::= * ID|INDEXED|JOIN_KW LP distinct exprlist RP filter_over
          expr ::= * ID|INDEXED|JOIN_KW LP distinct exprlist ORDER BY sortlist RP filter_over
          expr ::= * ID|INDEXED|JOIN_KW LP STAR RP filter_over
          term ::= * CTIME_KW
          expr ::= * LP nexprlist COMMA expr RP
          expr ::= * expr AND expr
          expr ::= * expr OR expr
          expr ::= * expr LT|GT|GE|LE expr
          expr ::= * expr EQ|NE expr
          expr ::= * expr BITAND|BITOR|LSHIFT|RSHIFT expr
          expr ::= * expr PLUS|MINUS expr
          expr ::= * expr STAR|SLASH|REM expr
          expr ::= * expr CONCAT expr
          expr ::= * expr likeop expr
          expr ::= * expr likeop expr ESCAPE expr
          expr ::= * expr ISNULL|NOTNULL
          expr ::= * expr NOT NULL
          expr ::= * expr IS expr
          expr ::= * expr IS NOT expr
          expr ::= * expr IS NOT DISTINCT FROM expr
          expr ::= * expr IS DISTINCT FROM expr
          expr ::= * NOT expr
          expr ::= * BITNOT expr
          expr ::= * PLUS|MINUS expr
          expr ::= * expr PTR expr
          expr ::= * expr between_op expr AND expr
          expr ::= * expr in_op LP exprlist RP
          expr ::= * LP select RP
          expr ::= * expr in_op LP select RP
          expr ::= * expr in_op nm dbnm paren_exprlist
          expr ::= * EXISTS LP select RP
          expr ::= * CASE case_operand case_exprlist case_else END
          expr ::= * RAISE LP IGNORE RP
          expr ::= * RAISE LP raisetype COMMA expr RP
          expr ::= RAISE LP raisetype COMMA * expr RP
          term ::= * QNUMBER

                           NOT shift        150    
                        EXISTS shift        683    
                            LP shift        4      
                          CAST shift        686    
                            ID shift        530    
                         RAISE shift        680    
                      CTIME_KW shift-reduce 195    term ::= CTIME_KW
                          PLUS shift        148    
                         MINUS shift        148    
                        BITNOT shift        149    
                       INDEXED shift        530    
                        STRING shift        692    
                       JOIN_KW shift        530    
                          NULL shift-reduce 183    term ::= NULL|FLOAT|BLOB
                         FLOAT shift-reduce 183    term ::= NULL|FLOAT|BLOB
                          BLOB shift-reduce 183    term ::= NULL|FLOAT|BLOB
                       INTEGER shift-reduce 185    term ::= INTEGER
                      VARIABLE shift-reduce 186    expr ::= VARIABLE
                          CASE shift        38     
                       QNUMBER shift-reduce 387    term ::= QNUMBER
                            nm shift        691    
                          term shift        80       /* because term==expr */
                          expr shift        80     

State 146:
          nm ::= * ID|INDEXED|JOIN_KW
          nm ::= * STRING
          expr ::= * term
          expr ::= * LP expr RP
          expr ::= * ID|INDEXED|JOIN_KW
          expr ::= * nm DOT nm
          expr ::= * nm DOT nm DOT nm
          term ::= * NULL|FLOAT|BLOB
          term ::= * STRING
          term ::= * INTEGER
          expr ::= * VARIABLE
          expr ::= * expr COLLATE ID|STRING
          expr ::= * CAST LP expr AS typetoken RP
          expr ::= * ID|INDEXED|JOIN_KW LP distinct exprlist RP
          expr ::= * ID|INDEXED|JOIN_KW LP distinct exprlist ORDER BY sortlist RP
          expr ::= * ID|INDEXED|JOIN_KW LP STAR RP
          expr ::= * ID|INDEXED|JOIN_KW LP distinct exprlist RP filter_over
          expr ::= * ID|INDEXED|JOIN_KW LP distinct exprlist ORDER BY sortlist RP filter_over
          expr ::= * ID|INDEXED|JOIN_KW LP STAR RP filter_over
          term ::= * CTIME_KW
          expr ::= * LP nexprlist COMMA expr RP
          expr ::= * expr AND expr
          expr ::= * expr OR expr
          expr ::= * expr LT|GT|GE|LE expr
          expr ::= * expr EQ|NE expr
          expr ::= * expr BITAND|BITOR|LSHIFT|RSHIFT expr
          expr ::= * expr PLUS|MINUS expr
          expr ::= * expr STAR|SLASH|REM expr
          expr ::= * expr CONCAT expr
          expr ::= * expr likeop expr
          expr ::= * expr likeop expr ESCAPE expr
          expr ::= * expr ISNULL|NOTNULL
          expr ::= * expr NOT NULL
          expr ::= * expr IS expr
          expr ::= * expr IS NOT expr
          expr ::= * expr IS NOT DISTINCT FROM expr
          expr ::= * expr IS DISTINCT FROM expr
          expr ::= * NOT expr
          expr ::= * BITNOT expr
          expr ::= * PLUS|MINUS expr
          expr ::= * expr PTR expr
          expr ::= * expr between_op expr AND expr
          expr ::= * expr in_op LP exprlist RP
          expr ::= * LP select RP
          expr ::= * expr in_op LP select RP
          expr ::= * expr in_op nm dbnm paren_exprlist
          expr ::= * EXISTS LP select RP
          expr ::= * CASE case_operand case_exprlist case_else END
          case_exprlist ::= case_exprlist WHEN expr THEN * expr
          expr ::= * RAISE LP IGNORE RP
          expr ::= * RAISE LP raisetype COMMA expr RP
          term ::= * QNUMBER

                           NOT shift        150    
                        EXISTS shift        683    
                            LP shift        4      
                          CAST shift        686    
                            ID shift        530    
                         RAISE shift        680    
                      CTIME_KW shift-reduce 195    term ::= CTIME_KW
                          PLUS shift        148    
                         MINUS shift        148    
                        BITNOT shift        149    
                       INDEXED shift        530    
                        STRING shift        692    
                       JOIN_KW shift        530    
                          NULL shift-reduce 183    term ::= NULL|FLOAT|BLOB
                         FLOAT shift-reduce 183    term ::= NULL|FLOAT|BLOB
                          BLOB shift-reduce 183    term ::= NULL|FLOAT|BLOB
                       INTEGER shift-reduce 185    term ::= INTEGER
                      VARIABLE shift-reduce 186    expr ::= VARIABLE
                          CASE shift        38     
                       QNUMBER shift-reduce 387    term ::= QNUMBER
                            nm shift        691    
                          term shift        99       /* because term==expr */
                          expr shift        99     

State 147:
          nm ::= * ID|INDEXED|JOIN_KW
          nm ::= * STRING
          expr ::= * term
          expr ::= * LP expr RP
          expr ::= * ID|INDEXED|JOIN_KW
          expr ::= * nm DOT nm
          expr ::= * nm DOT nm DOT nm
          term ::= * NULL|FLOAT|BLOB
          term ::= * STRING
          term ::= * INTEGER
          expr ::= * VARIABLE
          expr ::= * expr COLLATE ID|STRING
          expr ::= * CAST LP expr AS typetoken RP
          expr ::= * ID|INDEXED|JOIN_KW LP distinct exprlist RP
          expr ::= * ID|INDEXED|JOIN_KW LP distinct exprlist ORDER BY sortlist RP
          expr ::= * ID|INDEXED|JOIN_KW LP STAR RP
          expr ::= * ID|INDEXED|JOIN_KW LP distinct exprlist RP filter_over
          expr ::= * ID|INDEXED|JOIN_KW LP distinct exprlist ORDER BY sortlist RP filter_over
          expr ::= * ID|INDEXED|JOIN_KW LP STAR RP filter_over
          term ::= * CTIME_KW
          expr ::= * LP nexprlist COMMA expr RP
          expr ::= * expr AND expr
          expr ::= * expr OR expr
          expr ::= * expr LT|GT|GE|LE expr
          expr ::= * expr EQ|NE expr
          expr ::= * expr BITAND|BITOR|LSHIFT|RSHIFT expr
          expr ::= * expr PLUS|MINUS expr
          expr ::= * expr STAR|SLASH|REM expr
          expr ::= * expr CONCAT expr
          expr ::= * expr likeop expr
          expr ::= * expr likeop expr ESCAPE expr
          expr ::= * expr ISNULL|NOTNULL
          expr ::= * expr NOT NULL
          expr ::= * expr IS expr
          expr ::= * expr IS NOT expr
          expr ::= * expr IS NOT DISTINCT FROM expr
          expr ::= * expr IS DISTINCT FROM expr
          expr ::= * NOT expr
          expr ::= * BITNOT expr
          expr ::= * PLUS|MINUS expr
          expr ::= * expr PTR expr
          expr ::= * expr between_op expr AND expr
          expr ::= * expr in_op LP exprlist RP
          expr ::= * LP select RP
          expr ::= * expr in_op LP select RP
          expr ::= * expr in_op nm dbnm paren_exprlist
          expr ::= * EXISTS LP select RP
          expr ::= * CASE case_operand case_exprlist case_else END
          case_exprlist ::= case_exprlist WHEN * expr THEN expr
          expr ::= * RAISE LP IGNORE RP
          expr ::= * RAISE LP raisetype COMMA expr RP
          term ::= * QNUMBER

                           NOT shift        150    
                        EXISTS shift        683    
                            LP shift        4      
                          CAST shift        686    
                            ID shift        530    
                         RAISE shift        680    
                      CTIME_KW shift-reduce 195    term ::= CTIME_KW
                          PLUS shift        148    
                         MINUS shift        148    
                        BITNOT shift        149    
                       INDEXED shift        530    
                        STRING shift        692    
                       JOIN_KW shift        530    
                          NULL shift-reduce 183    term ::= NULL|FLOAT|BLOB
                         FLOAT shift-reduce 183    term ::= NULL|FLOAT|BLOB
                          BLOB shift-reduce 183    term ::= NULL|FLOAT|BLOB
                       INTEGER shift-reduce 185    term ::= INTEGER
                      VARIABLE shift-reduce 186    expr ::= VARIABLE
                          CASE shift        38     
                       QNUMBER shift-reduce 387    term ::= QNUMBER
                            nm shift        691    
                          term shift        81       /* because term==expr */
                          expr shift        81     

State 148:
          nm ::= * ID|INDEXED|JOIN_KW
          nm ::= * STRING
          expr ::= * term
          expr ::= * LP expr RP
          expr ::= * ID|INDEXED|JOIN_KW
          expr ::= * nm DOT nm
          expr ::= * nm DOT nm DOT nm
          term ::= * NULL|FLOAT|BLOB
          term ::= * STRING
          term ::= * INTEGER
          expr ::= * VARIABLE
          expr ::= * expr COLLATE ID|STRING
          expr ::= * CAST LP expr AS typetoken RP
          expr ::= * ID|INDEXED|JOIN_KW LP distinct exprlist RP
          expr ::= * ID|INDEXED|JOIN_KW LP distinct exprlist ORDER BY sortlist RP
          expr ::= * ID|INDEXED|JOIN_KW LP STAR RP
          expr ::= * ID|INDEXED|JOIN_KW LP distinct exprlist RP filter_over
          expr ::= * ID|INDEXED|JOIN_KW LP distinct exprlist ORDER BY sortlist RP filter_over
          expr ::= * ID|INDEXED|JOIN_KW LP STAR RP filter_over
          term ::= * CTIME_KW
          expr ::= * LP nexprlist COMMA expr RP
          expr ::= * expr AND expr
          expr ::= * expr OR expr
          expr ::= * expr LT|GT|GE|LE expr
          expr ::= * expr EQ|NE expr
          expr ::= * expr BITAND|BITOR|LSHIFT|RSHIFT expr
          expr ::= * expr PLUS|MINUS expr
          expr ::= * expr STAR|SLASH|REM expr
          expr ::= * expr CONCAT expr
          expr ::= * expr likeop expr
          expr ::= * expr likeop expr ESCAPE expr
          expr ::= * expr ISNULL|NOTNULL
          expr ::= * expr NOT NULL
          expr ::= * expr IS expr
          expr ::= * expr IS NOT expr
          expr ::= * expr IS NOT DISTINCT FROM expr
          expr ::= * expr IS DISTINCT FROM expr
          expr ::= * NOT expr
          expr ::= * BITNOT expr
          expr ::= * PLUS|MINUS expr
          expr ::= PLUS|MINUS * expr
          expr ::= * expr PTR expr
          expr ::= * expr between_op expr AND expr
          expr ::= * expr in_op LP exprlist RP
          expr ::= * LP select RP
          expr ::= * expr in_op LP select RP
          expr ::= * expr in_op nm dbnm paren_exprlist
          expr ::= * EXISTS LP select RP
          expr ::= * CASE case_operand case_exprlist case_else END
          expr ::= * RAISE LP IGNORE RP
          expr ::= * RAISE LP raisetype COMMA expr RP
          term ::= * QNUMBER

                           NOT shift        150    
                        EXISTS shift        683    
                            LP shift        4      
                          CAST shift        686    
                            ID shift        530    
                         RAISE shift        680    
                      CTIME_KW shift-reduce 195    term ::= CTIME_KW
                          PLUS shift        148    
                         MINUS shift        148    
                        BITNOT shift        149    
                       INDEXED shift        530    
                        STRING shift        692    
                       JOIN_KW shift        530    
                          NULL shift-reduce 183    term ::= NULL|FLOAT|BLOB
                         FLOAT shift-reduce 183    term ::= NULL|FLOAT|BLOB
                          BLOB shift-reduce 183    term ::= NULL|FLOAT|BLOB
                       INTEGER shift-reduce 185    term ::= INTEGER
                      VARIABLE shift-reduce 186    expr ::= VARIABLE
                          CASE shift        38     
                       QNUMBER shift-reduce 387    term ::= QNUMBER
                            nm shift        691    
                          term shift        200      /* because term==expr */
                          expr shift        200    

State 149:
          nm ::= * ID|INDEXED|JOIN_KW
          nm ::= * STRING
          expr ::= * term
          expr ::= * LP expr RP
          expr ::= * ID|INDEXED|JOIN_KW
          expr ::= * nm DOT nm
          expr ::= * nm DOT nm DOT nm
          term ::= * NULL|FLOAT|BLOB
          term ::= * STRING
          term ::= * INTEGER
          expr ::= * VARIABLE
          expr ::= * expr COLLATE ID|STRING
          expr ::= * CAST LP expr AS typetoken RP
          expr ::= * ID|INDEXED|JOIN_KW LP distinct exprlist RP
          expr ::= * ID|INDEXED|JOIN_KW LP distinct exprlist ORDER BY sortlist RP
          expr ::= * ID|INDEXED|JOIN_KW LP STAR RP
          expr ::= * ID|INDEXED|JOIN_KW LP distinct exprlist RP filter_over
          expr ::= * ID|INDEXED|JOIN_KW LP distinct exprlist ORDER BY sortlist RP filter_over
          expr ::= * ID|INDEXED|JOIN_KW LP STAR RP filter_over
          term ::= * CTIME_KW
          expr ::= * LP nexprlist COMMA expr RP
          expr ::= * expr AND expr
          expr ::= * expr OR expr
          expr ::= * expr LT|GT|GE|LE expr
          expr ::= * expr EQ|NE expr
          expr ::= * expr BITAND|BITOR|LSHIFT|RSHIFT expr
          expr ::= * expr PLUS|MINUS expr
          expr ::= * expr STAR|SLASH|REM expr
          expr ::= * expr CONCAT expr
          expr ::= * expr likeop expr
          expr ::= * expr likeop expr ESCAPE expr
          expr ::= * expr ISNULL|NOTNULL
          expr ::= * expr NOT NULL
          expr ::= * expr IS expr
          expr ::= * expr IS NOT expr
          expr ::= * expr IS NOT DISTINCT FROM expr
          expr ::= * expr IS DISTINCT FROM expr
          expr ::= * NOT expr
          expr ::= * BITNOT expr
          expr ::= BITNOT * expr
          expr ::= * PLUS|MINUS expr
          expr ::= * expr PTR expr
          expr ::= * expr between_op expr AND expr
          expr ::= * expr in_op LP exprlist RP
          expr ::= * LP select RP
          expr ::= * expr in_op LP select RP
          expr ::= * expr in_op nm dbnm paren_exprlist
          expr ::= * EXISTS LP select RP
          expr ::= * CASE case_operand case_exprlist case_else END
          expr ::= * RAISE LP IGNORE RP
          expr ::= * RAISE LP raisetype COMMA expr RP
          term ::= * QNUMBER

                           NOT shift        150    
                        EXISTS shift        683    
                            LP shift        4      
                          CAST shift        686    
                            ID shift        530    
                         RAISE shift        680    
                      CTIME_KW shift-reduce 195    term ::= CTIME_KW
                          PLUS shift        148    
                         MINUS shift        148    
                        BITNOT shift        149    
                       INDEXED shift        530    
                        STRING shift        692    
                       JOIN_KW shift        530    
                          NULL shift-reduce 183    term ::= NULL|FLOAT|BLOB
                         FLOAT shift-reduce 183    term ::= NULL|FLOAT|BLOB
                          BLOB shift-reduce 183    term ::= NULL|FLOAT|BLOB
                       INTEGER shift-reduce 185    term ::= INTEGER
                      VARIABLE shift-reduce 186    expr ::= VARIABLE
                          CASE shift        38     
                       QNUMBER shift-reduce 387    term ::= QNUMBER
                            nm shift        691    
                          term shift        201      /* because term==expr */
                          expr shift        201    

State 150:
          nm ::= * ID|INDEXED|JOIN_KW
          nm ::= * STRING
          expr ::= * term
          expr ::= * LP expr RP
          expr ::= * ID|INDEXED|JOIN_KW
          expr ::= * nm DOT nm
          expr ::= * nm DOT nm DOT nm
          term ::= * NULL|FLOAT|BLOB
          term ::= * STRING
          term ::= * INTEGER
          expr ::= * VARIABLE
          expr ::= * expr COLLATE ID|STRING
          expr ::= * CAST LP expr AS typetoken RP
          expr ::= * ID|INDEXED|JOIN_KW LP distinct exprlist RP
          expr ::= * ID|INDEXED|JOIN_KW LP distinct exprlist ORDER BY sortlist RP
          expr ::= * ID|INDEXED|JOIN_KW LP STAR RP
          expr ::= * ID|INDEXED|JOIN_KW LP distinct exprlist RP filter_over
          expr ::= * ID|INDEXED|JOIN_KW LP distinct exprlist ORDER BY sortlist RP filter_over
          expr ::= * ID|INDEXED|JOIN_KW LP STAR RP filter_over
          term ::= * CTIME_KW
          expr ::= * LP nexprlist COMMA expr RP
          expr ::= * expr AND expr
          expr ::= * expr OR expr
          expr ::= * expr LT|GT|GE|LE expr
          expr ::= * expr EQ|NE expr
          expr ::= * expr BITAND|BITOR|LSHIFT|RSHIFT expr
          expr ::= * expr PLUS|MINUS expr
          expr ::= * expr STAR|SLASH|REM expr
          expr ::= * expr CONCAT expr
          expr ::= * expr likeop expr
          expr ::= * expr likeop expr ESCAPE expr
          expr ::= * expr ISNULL|NOTNULL
          expr ::= * expr NOT NULL
          expr ::= * expr IS expr
          expr ::= * expr IS NOT expr
          expr ::= * expr IS NOT DISTINCT FROM expr
          expr ::= * expr IS DISTINCT FROM expr
          expr ::= * NOT expr
          expr ::= NOT * expr
          expr ::= * BITNOT expr
          expr ::= * PLUS|MINUS expr
          expr ::= * expr PTR expr
          expr ::= * expr between_op expr AND expr
          expr ::= * expr in_op LP exprlist RP
          expr ::= * LP select RP
          expr ::= * expr in_op LP select RP
          expr ::= * expr in_op nm dbnm paren_exprlist
          expr ::= * EXISTS LP select RP
          expr ::= * CASE case_operand case_exprlist case_else END
          expr ::= * RAISE LP IGNORE RP
          expr ::= * RAISE LP raisetype COMMA expr RP
          term ::= * QNUMBER

                           NOT shift        150    
                        EXISTS shift        683    
                            LP shift        4      
                          CAST shift        686    
                            ID shift        530    
                         RAISE shift        680    
                      CTIME_KW shift-reduce 195    term ::= CTIME_KW
                          PLUS shift        148    
                         MINUS shift        148    
                        BITNOT shift        149    
                       INDEXED shift        530    
                        STRING shift        692    
                       JOIN_KW shift        530    
                          NULL shift-reduce 183    term ::= NULL|FLOAT|BLOB
                         FLOAT shift-reduce 183    term ::= NULL|FLOAT|BLOB
                          BLOB shift-reduce 183    term ::= NULL|FLOAT|BLOB
                       INTEGER shift-reduce 185    term ::= INTEGER
                      VARIABLE shift-reduce 186    expr ::= VARIABLE
                          CASE shift        38     
                       QNUMBER shift-reduce 387    term ::= QNUMBER
                            nm shift        691    
                          term shift        106      /* because term==expr */
                          expr shift        106    

State 151:
          nm ::= * ID|INDEXED|JOIN_KW
          nm ::= * STRING
          expr ::= * term
          expr ::= * LP expr RP
          expr ::= * ID|INDEXED|JOIN_KW
          expr ::= * nm DOT nm
          expr ::= * nm DOT nm DOT nm
          term ::= * NULL|FLOAT|BLOB
          term ::= * STRING
          term ::= * INTEGER
          expr ::= * VARIABLE
          expr ::= * expr COLLATE ID|STRING
          expr ::= * CAST LP expr AS typetoken RP
          expr ::= CAST LP * expr AS typetoken RP
          expr ::= * ID|INDEXED|JOIN_KW LP distinct exprlist RP
          expr ::= * ID|INDEXED|JOIN_KW LP distinct exprlist ORDER BY sortlist RP
          expr ::= * ID|INDEXED|JOIN_KW LP STAR RP
          expr ::= * ID|INDEXED|JOIN_KW LP distinct exprlist RP filter_over
          expr ::= * ID|INDEXED|JOIN_KW LP distinct exprlist ORDER BY sortlist RP filter_over
          expr ::= * ID|INDEXED|JOIN_KW LP STAR RP filter_over
          term ::= * CTIME_KW
          expr ::= * LP nexprlist COMMA expr RP
          expr ::= * expr AND expr
          expr ::= * expr OR expr
          expr ::= * expr LT|GT|GE|LE expr
          expr ::= * expr EQ|NE expr
          expr ::= * expr BITAND|BITOR|LSHIFT|RSHIFT expr
          expr ::= * expr PLUS|MINUS expr
          expr ::= * expr STAR|SLASH|REM expr
          expr ::= * expr CONCAT expr
          expr ::= * expr likeop expr
          expr ::= * expr likeop expr ESCAPE expr
          expr ::= * expr ISNULL|NOTNULL
          expr ::= * expr NOT NULL
          expr ::= * expr IS expr
          expr ::= * expr IS NOT expr
          expr ::= * expr IS NOT DISTINCT FROM expr
          expr ::= * expr IS DISTINCT FROM expr
          expr ::= * NOT expr
          expr ::= * BITNOT expr
          expr ::= * PLUS|MINUS expr
          expr ::= * expr PTR expr
          expr ::= * expr between_op expr AND expr
          expr ::= * expr in_op LP exprlist RP
          expr ::= * LP select RP
          expr ::= * expr in_op LP select RP
          expr ::= * expr in_op nm dbnm paren_exprlist
          expr ::= * EXISTS LP select RP
          expr ::= * CASE case_operand case_exprlist case_else END
          expr ::= * RAISE LP IGNORE RP
          expr ::= * RAISE LP raisetype COMMA expr RP
          term ::= * QNUMBER

                           NOT shift        150    
                        EXISTS shift        683    
                            LP shift        4      
                          CAST shift        686    
                            ID shift        530    
                         RAISE shift        680    
                      CTIME_KW shift-reduce 195    term ::= CTIME_KW
                          PLUS shift        148    
                         MINUS shift        148    
                        BITNOT shift        149    
                       INDEXED shift        530    
                        STRING shift        692    
                       JOIN_KW shift        530    
                          NULL shift-reduce 183    term ::= NULL|FLOAT|BLOB
                         FLOAT shift-reduce 183    term ::= NULL|FLOAT|BLOB
                          BLOB shift-reduce 183    term ::= NULL|FLOAT|BLOB
                       INTEGER shift-reduce 185    term ::= INTEGER
                      VARIABLE shift-reduce 186    expr ::= VARIABLE
                          CASE shift        38     
                       QNUMBER shift-reduce 387    term ::= QNUMBER
                            nm shift        691    
                          term shift        82       /* because term==expr */
                          expr shift        82     

State 152:
          nm ::= * ID|INDEXED|JOIN_KW
          nm ::= * STRING
          expr ::= * term
          expr ::= * LP expr RP
          expr ::= * ID|INDEXED|JOIN_KW
          expr ::= * nm DOT nm
          expr ::= * nm DOT nm DOT nm
          term ::= * NULL|FLOAT|BLOB
          term ::= * STRING
          term ::= * INTEGER
          expr ::= * VARIABLE
          expr ::= * expr COLLATE ID|STRING
          expr ::= * CAST LP expr AS typetoken RP
          expr ::= * ID|INDEXED|JOIN_KW LP distinct exprlist RP
          expr ::= * ID|INDEXED|JOIN_KW LP distinct exprlist ORDER BY sortlist RP
          expr ::= * ID|INDEXED|JOIN_KW LP STAR RP
          expr ::= * ID|INDEXED|JOIN_KW LP distinct exprlist RP filter_over
          expr ::= * ID|INDEXED|JOIN_KW LP distinct exprlist ORDER BY sortlist RP filter_over
          expr ::= * ID|INDEXED|JOIN_KW LP STAR RP filter_over
          term ::= * CTIME_KW
          expr ::= * LP nexprlist COMMA expr RP
          expr ::= * expr AND expr
          expr ::= * expr OR expr
          expr ::= * expr LT|GT|GE|LE expr
          expr ::= * expr EQ|NE expr
          expr ::= * expr BITAND|BITOR|LSHIFT|RSHIFT expr
          expr ::= * expr PLUS|MINUS expr
          expr ::= * expr STAR|SLASH|REM expr
          expr ::= * expr CONCAT expr
          expr ::= * expr likeop expr
          expr ::= * expr likeop expr ESCAPE expr
          expr ::= * expr ISNULL|NOTNULL
          expr ::= * expr NOT NULL
          expr ::= * expr IS expr
          expr ::= * expr IS NOT expr
          expr ::= * expr IS NOT DISTINCT FROM expr
          expr ::= * expr IS DISTINCT FROM expr
          expr ::= * NOT expr
          expr ::= * BITNOT expr
          expr ::= * PLUS|MINUS expr
          expr ::= * expr PTR expr
          expr ::= * expr between_op expr AND expr
          expr ::= * expr in_op LP exprlist RP
          expr ::= * LP select RP
          expr ::= * expr in_op LP select RP
          expr ::= * expr in_op nm dbnm paren_exprlist
          expr ::= * EXISTS LP select RP
          expr ::= * CASE case_operand case_exprlist case_else END
          nexprlist ::= nexprlist COMMA * expr
          expr ::= * RAISE LP IGNORE RP
          expr ::= * RAISE LP raisetype COMMA expr RP
          term ::= * QNUMBER

                           NOT shift        150    
                        EXISTS shift        683    
                            LP shift        4      
                          CAST shift        686    
                            ID shift        530    
                         RAISE shift        680    
                      CTIME_KW shift-reduce 195    term ::= CTIME_KW
                          PLUS shift        148    
                         MINUS shift        148    
                        BITNOT shift        149    
                       INDEXED shift        530    
                        STRING shift        692    
                       JOIN_KW shift        530    
                          NULL shift-reduce 183    term ::= NULL|FLOAT|BLOB
                         FLOAT shift-reduce 183    term ::= NULL|FLOAT|BLOB
                          BLOB shift-reduce 183    term ::= NULL|FLOAT|BLOB
                       INTEGER shift-reduce 185    term ::= INTEGER
                      VARIABLE shift-reduce 186    expr ::= VARIABLE
                          CASE shift        38     
                       QNUMBER shift-reduce 387    term ::= QNUMBER
                            nm shift        691    
                          term shift        102      /* because term==expr */
                          expr shift        102    

State 153:
          nm ::= * ID|INDEXED|JOIN_KW
          nm ::= * STRING
          expr ::= * term
          expr ::= * LP expr RP
          expr ::= * ID|INDEXED|JOIN_KW
          expr ::= * nm DOT nm
          expr ::= * nm DOT nm DOT nm
          term ::= * NULL|FLOAT|BLOB
          term ::= * STRING
          term ::= * INTEGER
          expr ::= * VARIABLE
          expr ::= * expr COLLATE ID|STRING
          expr ::= * CAST LP expr AS typetoken RP
          expr ::= * ID|INDEXED|JOIN_KW LP distinct exprlist RP
          expr ::= * ID|INDEXED|JOIN_KW LP distinct exprlist ORDER BY sortlist RP
          expr ::= * ID|INDEXED|JOIN_KW LP STAR RP
          expr ::= * ID|INDEXED|JOIN_KW LP distinct exprlist RP filter_over
          expr ::= * ID|INDEXED|JOIN_KW LP distinct exprlist ORDER BY sortlist RP filter_over
          expr ::= * ID|INDEXED|JOIN_KW LP STAR RP filter_over
          term ::= * CTIME_KW
          expr ::= * LP nexprlist COMMA expr RP
          expr ::= * expr AND expr
          expr ::= expr AND * expr
          expr ::= * expr OR expr
          expr ::= * expr LT|GT|GE|LE expr
          expr ::= * expr EQ|NE expr
          expr ::= * expr BITAND|BITOR|LSHIFT|RSHIFT expr
          expr ::= * expr PLUS|MINUS expr
          expr ::= * expr STAR|SLASH|REM expr
          expr ::= * expr CONCAT expr
          expr ::= * expr likeop expr
          expr ::= * expr likeop expr ESCAPE expr
          expr ::= * expr ISNULL|NOTNULL
          expr ::= * expr NOT NULL
          expr ::= * expr IS expr
          expr ::= * expr IS NOT expr
          expr ::= * expr IS NOT DISTINCT FROM expr
          expr ::= * expr IS DISTINCT FROM expr
          expr ::= * NOT expr
          expr ::= * BITNOT expr
          expr ::= * PLUS|MINUS expr
          expr ::= * expr PTR expr
          expr ::= * expr between_op expr AND expr
          expr ::= expr between_op expr AND * expr
          expr ::= * expr in_op LP exprlist RP
          expr ::= * LP select RP
          expr ::= * expr in_op LP select RP
          expr ::= * expr in_op nm dbnm paren_exprlist
          expr ::= * EXISTS LP select RP
          expr ::= * CASE case_operand case_exprlist case_else END
          expr ::= * RAISE LP IGNORE RP
          expr ::= * RAISE LP raisetype COMMA expr RP
          term ::= * QNUMBER

                           NOT shift        150    
                        EXISTS shift        683    
                            LP shift        4      
                          CAST shift        686    
                            ID shift        530    
                         RAISE shift        680    
                      CTIME_KW shift-reduce 195    term ::= CTIME_KW
                          PLUS shift        148    
                         MINUS shift        148    
                        BITNOT shift        149    
                       INDEXED shift        530    
                        STRING shift        692    
                       JOIN_KW shift        530    
                          NULL shift-reduce 183    term ::= NULL|FLOAT|BLOB
                         FLOAT shift-reduce 183    term ::= NULL|FLOAT|BLOB
                          BLOB shift-reduce 183    term ::= NULL|FLOAT|BLOB
                       INTEGER shift-reduce 185    term ::= INTEGER
                      VARIABLE shift-reduce 186    expr ::= VARIABLE
                          CASE shift        38     
                       QNUMBER shift-reduce 387    term ::= QNUMBER
                            nm shift        691    
                          term shift        173      /* because term==expr */
                          expr shift        173    

State 154:
          nm ::= * ID|INDEXED|JOIN_KW
          nm ::= * STRING
          expr ::= * term
          expr ::= * LP expr RP
          expr ::= * ID|INDEXED|JOIN_KW
          expr ::= * nm DOT nm
          expr ::= * nm DOT nm DOT nm
          term ::= * NULL|FLOAT|BLOB
          term ::= * STRING
          term ::= * INTEGER
          expr ::= * VARIABLE
          expr ::= * expr COLLATE ID|STRING
          expr ::= * CAST LP expr AS typetoken RP
          expr ::= * ID|INDEXED|JOIN_KW LP distinct exprlist RP
          expr ::= * ID|INDEXED|JOIN_KW LP distinct exprlist ORDER BY sortlist RP
          expr ::= * ID|INDEXED|JOIN_KW LP STAR RP
          expr ::= * ID|INDEXED|JOIN_KW LP distinct exprlist RP filter_over
          expr ::= * ID|INDEXED|JOIN_KW LP distinct exprlist ORDER BY sortlist RP filter_over
          expr ::= * ID|INDEXED|JOIN_KW LP STAR RP filter_over
          term ::= * CTIME_KW
          expr ::= * LP nexprlist COMMA expr RP
          expr ::= * expr AND expr
          expr ::= * expr OR expr
          expr ::= * expr LT|GT|GE|LE expr
          expr ::= * expr EQ|NE expr
          expr ::= * expr BITAND|BITOR|LSHIFT|RSHIFT expr
          expr ::= * expr PLUS|MINUS expr
          expr ::= * expr STAR|SLASH|REM expr
          expr ::= * expr CONCAT expr
          expr ::= * expr likeop expr
          expr ::= * expr likeop expr ESCAPE expr
          expr ::= * expr ISNULL|NOTNULL
          expr ::= * expr NOT NULL
          expr ::= * expr IS expr
          expr ::= * expr IS NOT expr
          expr ::= * expr IS NOT DISTINCT FROM expr
          expr ::= * expr IS DISTINCT FROM expr
          expr ::= * NOT expr
          expr ::= * BITNOT expr
          expr ::= * PLUS|MINUS expr
          expr ::= * expr PTR expr
          expr ::= * expr between_op expr AND expr
          expr ::= expr between_op * expr AND expr
          expr ::= * expr in_op LP exprlist RP
          expr ::= * LP select RP
          expr ::= * expr in_op LP select RP
          expr ::= * expr in_op nm dbnm paren_exprlist
          expr ::= * EXISTS LP select RP
          expr ::= * CASE case_operand case_exprlist case_else END
          expr ::= * RAISE LP IGNORE RP
          expr ::= * RAISE LP raisetype COMMA expr RP
          term ::= * QNUMBER

                           NOT shift        150    
                        EXISTS shift        683    
                            LP shift        4      
                          CAST shift        686    
                            ID shift        530    
                         RAISE shift        680    
                      CTIME_KW shift-reduce 195    term ::= CTIME_KW
                          PLUS shift        148    
                         MINUS shift        148    
                        BITNOT shift        149    
                       INDEXED shift        530    
                        STRING shift        692    
                       JOIN_KW shift        530    
                          NULL shift-reduce 183    term ::= NULL|FLOAT|BLOB
                         FLOAT shift-reduce 183    term ::= NULL|FLOAT|BLOB
                          BLOB shift-reduce 183    term ::= NULL|FLOAT|BLOB
                       INTEGER shift-reduce 185    term ::= INTEGER
                      VARIABLE shift-reduce 186    expr ::= VARIABLE
                          CASE shift        38     
                       QNUMBER shift-reduce 387    term ::= QNUMBER
                            nm shift        691    
                          term shift        103      /* because term==expr */
                          expr shift        103    

State 155:
          nm ::= * ID|INDEXED|JOIN_KW
          nm ::= * STRING
          expr ::= * term
          expr ::= * LP expr RP
          expr ::= * ID|INDEXED|JOIN_KW
          expr ::= * nm DOT nm
          expr ::= * nm DOT nm DOT nm
          term ::= * NULL|FLOAT|BLOB
          term ::= * STRING
          term ::= * INTEGER
          expr ::= * VARIABLE
          expr ::= * expr COLLATE ID|STRING
          expr ::= * CAST LP expr AS typetoken RP
          expr ::= * ID|INDEXED|JOIN_KW LP distinct exprlist RP
          expr ::= * ID|INDEXED|JOIN_KW LP distinct exprlist ORDER BY sortlist RP
          expr ::= * ID|INDEXED|JOIN_KW LP STAR RP
          expr ::= * ID|INDEXED|JOIN_KW LP distinct exprlist RP filter_over
          expr ::= * ID|INDEXED|JOIN_KW LP distinct exprlist ORDER BY sortlist RP filter_over
          expr ::= * ID|INDEXED|JOIN_KW LP STAR RP filter_over
          term ::= * CTIME_KW
          expr ::= * LP nexprlist COMMA expr RP
          expr ::= * expr AND expr
          expr ::= * expr OR expr
          expr ::= * expr LT|GT|GE|LE expr
          expr ::= * expr EQ|NE expr
          expr ::= * expr BITAND|BITOR|LSHIFT|RSHIFT expr
          expr ::= * expr PLUS|MINUS expr
          expr ::= * expr STAR|SLASH|REM expr
          expr ::= * expr CONCAT expr
          expr ::= * expr likeop expr
          expr ::= * expr likeop expr ESCAPE expr
          expr ::= * expr ISNULL|NOTNULL
          expr ::= * expr NOT NULL
          expr ::= * expr IS expr
          expr ::= * expr IS NOT expr
          expr ::= * expr IS NOT DISTINCT FROM expr
          expr ::= * expr IS DISTINCT FROM expr
          expr ::= * NOT expr
          expr ::= * BITNOT expr
          expr ::= * PLUS|MINUS expr
          expr ::= * expr PTR expr
          expr ::= expr PTR * expr
          expr ::= * expr between_op expr AND expr
          expr ::= * expr in_op LP exprlist RP
          expr ::= * LP select RP
          expr ::= * expr in_op LP select RP
          expr ::= * expr in_op nm dbnm paren_exprlist
          expr ::= * EXISTS LP select RP
          expr ::= * CASE case_operand case_exprlist case_else END
          expr ::= * RAISE LP IGNORE RP
          expr ::= * RAISE LP raisetype COMMA expr RP
          term ::= * QNUMBER

                           NOT shift        150    
                        EXISTS shift        683    
                            LP shift        4      
                          CAST shift        686    
                            ID shift        530    
                         RAISE shift        680    
                      CTIME_KW shift-reduce 195    term ::= CTIME_KW
                          PLUS shift        148    
                         MINUS shift        148    
                        BITNOT shift        149    
                       INDEXED shift        530    
                        STRING shift        692    
                       JOIN_KW shift        530    
                          NULL shift-reduce 183    term ::= NULL|FLOAT|BLOB
                         FLOAT shift-reduce 183    term ::= NULL|FLOAT|BLOB
                          BLOB shift-reduce 183    term ::= NULL|FLOAT|BLOB
                       INTEGER shift-reduce 185    term ::= INTEGER
                      VARIABLE shift-reduce 186    expr ::= VARIABLE
                          CASE shift        38     
                       QNUMBER shift-reduce 387    term ::= QNUMBER
                            nm shift        691    
                          term shift        198      /* because term==expr */
                          expr shift        198    

State 156:
          nm ::= * ID|INDEXED|JOIN_KW
          nm ::= * STRING
          expr ::= * term
          expr ::= * LP expr RP
          expr ::= * ID|INDEXED|JOIN_KW
          expr ::= * nm DOT nm
          expr ::= * nm DOT nm DOT nm
          term ::= * NULL|FLOAT|BLOB
          term ::= * STRING
          term ::= * INTEGER
          expr ::= * VARIABLE
          expr ::= * expr COLLATE ID|STRING
          expr ::= * CAST LP expr AS typetoken RP
          expr ::= * ID|INDEXED|JOIN_KW LP distinct exprlist RP
          expr ::= * ID|INDEXED|JOIN_KW LP distinct exprlist ORDER BY sortlist RP
          expr ::= * ID|INDEXED|JOIN_KW LP STAR RP
          expr ::= * ID|INDEXED|JOIN_KW LP distinct exprlist RP filter_over
          expr ::= * ID|INDEXED|JOIN_KW LP distinct exprlist ORDER BY sortlist RP filter_over
          expr ::= * ID|INDEXED|JOIN_KW LP STAR RP filter_over
          term ::= * CTIME_KW
          expr ::= * LP nexprlist COMMA expr RP
          expr ::= * expr AND expr
          expr ::= * expr OR expr
          expr ::= * expr LT|GT|GE|LE expr
          expr ::= * expr EQ|NE expr
          expr ::= * expr BITAND|BITOR|LSHIFT|RSHIFT expr
          expr ::= * expr PLUS|MINUS expr
          expr ::= * expr STAR|SLASH|REM expr
          expr ::= * expr CONCAT expr
          expr ::= * expr likeop expr
          expr ::= * expr likeop expr ESCAPE expr
          expr ::= expr likeop expr ESCAPE * expr
          expr ::= * expr ISNULL|NOTNULL
          expr ::= * expr NOT NULL
          expr ::= * expr IS expr
          expr ::= * expr IS NOT expr
          expr ::= * expr IS NOT DISTINCT FROM expr
          expr ::= * expr IS DISTINCT FROM expr
          expr ::= * NOT expr
          expr ::= * BITNOT expr
          expr ::= * PLUS|MINUS expr
          expr ::= * expr PTR expr
          expr ::= * expr between_op expr AND expr
          expr ::= * expr in_op LP exprlist RP
          expr ::= * LP select RP
          expr ::= * expr in_op LP select RP
          expr ::= * expr in_op nm dbnm paren_exprlist
          expr ::= * EXISTS LP select RP
          expr ::= * CASE case_operand case_exprlist case_else END
          expr ::= * RAISE LP IGNORE RP
          expr ::= * RAISE LP raisetype COMMA expr RP
          term ::= * QNUMBER

                           NOT shift        150    
                        EXISTS shift        683    
                            LP shift        4      
                          CAST shift        686    
                            ID shift        530    
                         RAISE shift        680    
                      CTIME_KW shift-reduce 195    term ::= CTIME_KW
                          PLUS shift        148    
                         MINUS shift        148    
                        BITNOT shift        149    
                       INDEXED shift        530    
                        STRING shift        692    
                       JOIN_KW shift        530    
                          NULL shift-reduce 183    term ::= NULL|FLOAT|BLOB
                         FLOAT shift-reduce 183    term ::= NULL|FLOAT|BLOB
                          BLOB shift-reduce 183    term ::= NULL|FLOAT|BLOB
                       INTEGER shift-reduce 185    term ::= INTEGER
                      VARIABLE shift-reduce 186    expr ::= VARIABLE
                          CASE shift        38     
                       QNUMBER shift-reduce 387    term ::= QNUMBER
                            nm shift        691    
                          term shift        175      /* because term==expr */
                          expr shift        175    

State 157:
          nm ::= * ID|INDEXED|JOIN_KW
          nm ::= * STRING
          expr ::= * term
          expr ::= * LP expr RP
          expr ::= * ID|INDEXED|JOIN_KW
          expr ::= * nm DOT nm
          expr ::= * nm DOT nm DOT nm
          term ::= * NULL|FLOAT|BLOB
          term ::= * STRING
          term ::= * INTEGER
          expr ::= * VARIABLE
          expr ::= * expr COLLATE ID|STRING
          expr ::= * CAST LP expr AS typetoken RP
          expr ::= * ID|INDEXED|JOIN_KW LP distinct exprlist RP
          expr ::= * ID|INDEXED|JOIN_KW LP distinct exprlist ORDER BY sortlist RP
          expr ::= * ID|INDEXED|JOIN_KW LP STAR RP
          expr ::= * ID|INDEXED|JOIN_KW LP distinct exprlist RP filter_over
          expr ::= * ID|INDEXED|JOIN_KW LP distinct exprlist ORDER BY sortlist RP filter_over
          expr ::= * ID|INDEXED|JOIN_KW LP STAR RP filter_over
          term ::= * CTIME_KW
          expr ::= * LP nexprlist COMMA expr RP
          expr ::= * expr AND expr
          expr ::= * expr OR expr
          expr ::= * expr LT|GT|GE|LE expr
          expr ::= * expr EQ|NE expr
          expr ::= * expr BITAND|BITOR|LSHIFT|RSHIFT expr
          expr ::= * expr PLUS|MINUS expr
          expr ::= * expr STAR|SLASH|REM expr
          expr ::= * expr CONCAT expr
          expr ::= * expr likeop expr
          expr ::= expr likeop * expr
          expr ::= * expr likeop expr ESCAPE expr
          expr ::= expr likeop * expr ESCAPE expr
          expr ::= * expr ISNULL|NOTNULL
          expr ::= * expr NOT NULL
          expr ::= * expr IS expr
          expr ::= * expr IS NOT expr
          expr ::= * expr IS NOT DISTINCT FROM expr
          expr ::= * expr IS DISTINCT FROM expr
          expr ::= * NOT expr
          expr ::= * BITNOT expr
          expr ::= * PLUS|MINUS expr
          expr ::= * expr PTR expr
          expr ::= * expr between_op expr AND expr
          expr ::= * expr in_op LP exprlist RP
          expr ::= * LP select RP
          expr ::= * expr in_op LP select RP
          expr ::= * expr in_op nm dbnm paren_exprlist
          expr ::= * EXISTS LP select RP
          expr ::= * CASE case_operand case_exprlist case_else END
          expr ::= * RAISE LP IGNORE RP
          expr ::= * RAISE LP raisetype COMMA expr RP
          term ::= * QNUMBER

                           NOT shift        150    
                        EXISTS shift        683    
                            LP shift        4      
                          CAST shift        686    
                            ID shift        530    
                         RAISE shift        680    
                      CTIME_KW shift-reduce 195    term ::= CTIME_KW
                          PLUS shift        148    
                         MINUS shift        148    
                        BITNOT shift        149    
                       INDEXED shift        530    
                        STRING shift        692    
                       JOIN_KW shift        530    
                          NULL shift-reduce 183    term ::= NULL|FLOAT|BLOB
                         FLOAT shift-reduce 183    term ::= NULL|FLOAT|BLOB
                          BLOB shift-reduce 183    term ::= NULL|FLOAT|BLOB
                       INTEGER shift-reduce 185    term ::= INTEGER
                      VARIABLE shift-reduce 186    expr ::= VARIABLE
                          CASE shift        38     
                       QNUMBER shift-reduce 387    term ::= QNUMBER
                            nm shift        691    
                          term shift        169      /* because term==expr */
                          expr shift        169    

State 158:
          nm ::= * ID|INDEXED|JOIN_KW
          nm ::= * STRING
          expr ::= * term
          expr ::= * LP expr RP
          expr ::= * ID|INDEXED|JOIN_KW
          expr ::= * nm DOT nm
          expr ::= * nm DOT nm DOT nm
          term ::= * NULL|FLOAT|BLOB
          term ::= * STRING
          term ::= * INTEGER
          expr ::= * VARIABLE
          expr ::= * expr COLLATE ID|STRING
          expr ::= * CAST LP expr AS typetoken RP
          expr ::= * ID|INDEXED|JOIN_KW LP distinct exprlist RP
          expr ::= * ID|INDEXED|JOIN_KW LP distinct exprlist ORDER BY sortlist RP
          expr ::= * ID|INDEXED|JOIN_KW LP STAR RP
          expr ::= * ID|INDEXED|JOIN_KW LP distinct exprlist RP filter_over
          expr ::= * ID|INDEXED|JOIN_KW LP distinct exprlist ORDER BY sortlist RP filter_over
          expr ::= * ID|INDEXED|JOIN_KW LP STAR RP filter_over
          term ::= * CTIME_KW
          expr ::= * LP nexprlist COMMA expr RP
          expr ::= * expr AND expr
          expr ::= * expr OR expr
          expr ::= * expr LT|GT|GE|LE expr
          expr ::= * expr EQ|NE expr
          expr ::= * expr BITAND|BITOR|LSHIFT|RSHIFT expr
          expr ::= * expr PLUS|MINUS expr
          expr ::= * expr STAR|SLASH|REM expr
          expr ::= * expr CONCAT expr
          expr ::= expr CONCAT * expr
          expr ::= * expr likeop expr
          expr ::= * expr likeop expr ESCAPE expr
          expr ::= * expr ISNULL|NOTNULL
          expr ::= * expr NOT NULL
          expr ::= * expr IS expr
          expr ::= * expr IS NOT expr
          expr ::= * expr IS NOT DISTINCT FROM expr
          expr ::= * expr IS DISTINCT FROM expr
          expr ::= * NOT expr
          expr ::= * BITNOT expr
          expr ::= * PLUS|MINUS expr
          expr ::= * expr PTR expr
          expr ::= * expr between_op expr AND expr
          expr ::= * expr in_op LP exprlist RP
          expr ::= * LP select RP
          expr ::= * expr in_op LP select RP
          expr ::= * expr in_op nm dbnm paren_exprlist
          expr ::= * EXISTS LP select RP
          expr ::= * CASE case_operand case_exprlist case_else END
          expr ::= * RAISE LP IGNORE RP
          expr ::= * RAISE LP raisetype COMMA expr RP
          term ::= * QNUMBER

                           NOT shift        150    
                        EXISTS shift        683    
                            LP shift        4      
                          CAST shift        686    
                            ID shift        530    
                         RAISE shift        680    
                      CTIME_KW shift-reduce 195    term ::= CTIME_KW
                          PLUS shift        148    
                         MINUS shift        148    
                        BITNOT shift        149    
                       INDEXED shift        530    
                        STRING shift        692    
                       JOIN_KW shift        530    
                          NULL shift-reduce 183    term ::= NULL|FLOAT|BLOB
                         FLOAT shift-reduce 183    term ::= NULL|FLOAT|BLOB
                          BLOB shift-reduce 183    term ::= NULL|FLOAT|BLOB
                       INTEGER shift-reduce 185    term ::= INTEGER
                      VARIABLE shift-reduce 186    expr ::= VARIABLE
                          CASE shift        38     
                       QNUMBER shift-reduce 387    term ::= QNUMBER
                            nm shift        691    
                          term shift        199      /* because term==expr */
                          expr shift        199    

State 159:
          nm ::= * ID|INDEXED|JOIN_KW
          nm ::= * STRING
          expr ::= * term
          expr ::= * LP expr RP
          expr ::= * ID|INDEXED|JOIN_KW
          expr ::= * nm DOT nm
          expr ::= * nm DOT nm DOT nm
          term ::= * NULL|FLOAT|BLOB
          term ::= * STRING
          term ::= * INTEGER
          expr ::= * VARIABLE
          expr ::= * expr COLLATE ID|STRING
          expr ::= * CAST LP expr AS typetoken RP
          expr ::= * ID|INDEXED|JOIN_KW LP distinct exprlist RP
          expr ::= * ID|INDEXED|JOIN_KW LP distinct exprlist ORDER BY sortlist RP
          expr ::= * ID|INDEXED|JOIN_KW LP STAR RP
          expr ::= * ID|INDEXED|JOIN_KW LP distinct exprlist RP filter_over
          expr ::= * ID|INDEXED|JOIN_KW LP distinct exprlist ORDER BY sortlist RP filter_over
          expr ::= * ID|INDEXED|JOIN_KW LP STAR RP filter_over
          term ::= * CTIME_KW
          expr ::= * LP nexprlist COMMA expr RP
          expr ::= * expr AND expr
          expr ::= * expr OR expr
          expr ::= * expr LT|GT|GE|LE expr
          expr ::= * expr EQ|NE expr
          expr ::= * expr BITAND|BITOR|LSHIFT|RSHIFT expr
          expr ::= * expr PLUS|MINUS expr
          expr ::= * expr STAR|SLASH|REM expr
          expr ::= expr STAR|SLASH|REM * expr
          expr ::= * expr CONCAT expr
          expr ::= * expr likeop expr
          expr ::= * expr likeop expr ESCAPE expr
          expr ::= * expr ISNULL|NOTNULL
          expr ::= * expr NOT NULL
          expr ::= * expr IS expr
          expr ::= * expr IS NOT expr
          expr ::= * expr IS NOT DISTINCT FROM expr
          expr ::= * expr IS DISTINCT FROM expr
          expr ::= * NOT expr
          expr ::= * BITNOT expr
          expr ::= * PLUS|MINUS expr
          expr ::= * expr PTR expr
          expr ::= * expr between_op expr AND expr
          expr ::= * expr in_op LP exprlist RP
          expr ::= * LP select RP
          expr ::= * expr in_op LP select RP
          expr ::= * expr in_op nm dbnm paren_exprlist
          expr ::= * EXISTS LP select RP
          expr ::= * CASE case_operand case_exprlist case_else END
          expr ::= * RAISE LP IGNORE RP
          expr ::= * RAISE LP raisetype COMMA expr RP
          term ::= * QNUMBER

                           NOT shift        150    
                        EXISTS shift        683    
                            LP shift        4      
                          CAST shift        686    
                            ID shift        530    
                         RAISE shift        680    
                      CTIME_KW shift-reduce 195    term ::= CTIME_KW
                          PLUS shift        148    
                         MINUS shift        148    
                        BITNOT shift        149    
                       INDEXED shift        530    
                        STRING shift        692    
                       JOIN_KW shift        530    
                          NULL shift-reduce 183    term ::= NULL|FLOAT|BLOB
                         FLOAT shift-reduce 183    term ::= NULL|FLOAT|BLOB
                          BLOB shift-reduce 183    term ::= NULL|FLOAT|BLOB
                       INTEGER shift-reduce 185    term ::= INTEGER
                      VARIABLE shift-reduce 186    expr ::= VARIABLE
                          CASE shift        38     
                       QNUMBER shift-reduce 387    term ::= QNUMBER
                            nm shift        691    
                          term shift        192      /* because term==expr */
                          expr shift        192    

State 160:
          nm ::= * ID|INDEXED|JOIN_KW
          nm ::= * STRING
          expr ::= * term
          expr ::= * LP expr RP
          expr ::= * ID|INDEXED|JOIN_KW
          expr ::= * nm DOT nm
          expr ::= * nm DOT nm DOT nm
          term ::= * NULL|FLOAT|BLOB
          term ::= * STRING
          term ::= * INTEGER
          expr ::= * VARIABLE
          expr ::= * expr COLLATE ID|STRING
          expr ::= * CAST LP expr AS typetoken RP
          expr ::= * ID|INDEXED|JOIN_KW LP distinct exprlist RP
          expr ::= * ID|INDEXED|JOIN_KW LP distinct exprlist ORDER BY sortlist RP
          expr ::= * ID|INDEXED|JOIN_KW LP STAR RP
          expr ::= * ID|INDEXED|JOIN_KW LP distinct exprlist RP filter_over
          expr ::= * ID|INDEXED|JOIN_KW LP distinct exprlist ORDER BY sortlist RP filter_over
          expr ::= * ID|INDEXED|JOIN_KW LP STAR RP filter_over
          term ::= * CTIME_KW
          expr ::= * LP nexprlist COMMA expr RP
          expr ::= * expr AND expr
          expr ::= * expr OR expr
          expr ::= * expr LT|GT|GE|LE expr
          expr ::= * expr EQ|NE expr
          expr ::= * expr BITAND|BITOR|LSHIFT|RSHIFT expr
          expr ::= * expr PLUS|MINUS expr
          expr ::= expr PLUS|MINUS * expr
          expr ::= * expr STAR|SLASH|REM expr
          expr ::= * expr CONCAT expr
          expr ::= * expr likeop expr
          expr ::= * expr likeop expr ESCAPE expr
          expr ::= * expr ISNULL|NOTNULL
          expr ::= * expr NOT NULL
          expr ::= * expr IS expr
          expr ::= * expr IS NOT expr
          expr ::= * expr IS NOT DISTINCT FROM expr
          expr ::= * expr IS DISTINCT FROM expr
          expr ::= * NOT expr
          expr ::= * BITNOT expr
          expr ::= * PLUS|MINUS expr
          expr ::= * expr PTR expr
          expr ::= * expr between_op expr AND expr
          expr ::= * expr in_op LP exprlist RP
          expr ::= * LP select RP
          expr ::= * expr in_op LP select RP
          expr ::= * expr in_op nm dbnm paren_exprlist
          expr ::= * EXISTS LP select RP
          expr ::= * CASE case_operand case_exprlist case_else END
          expr ::= * RAISE LP IGNORE RP
          expr ::= * RAISE LP raisetype COMMA expr RP
          term ::= * QNUMBER

                           NOT shift        150    
                        EXISTS shift        683    
                            LP shift        4      
                          CAST shift        686    
                            ID shift        530    
                         RAISE shift        680    
                      CTIME_KW shift-reduce 195    term ::= CTIME_KW
                          PLUS shift        148    
                         MINUS shift        148    
                        BITNOT shift        149    
                       INDEXED shift        530    
                        STRING shift        692    
                       JOIN_KW shift        530    
                          NULL shift-reduce 183    term ::= NULL|FLOAT|BLOB
                         FLOAT shift-reduce 183    term ::= NULL|FLOAT|BLOB
                          BLOB shift-reduce 183    term ::= NULL|FLOAT|BLOB
                       INTEGER shift-reduce 185    term ::= INTEGER
                      VARIABLE shift-reduce 186    expr ::= VARIABLE
                          CASE shift        38     
                       QNUMBER shift-reduce 387    term ::= QNUMBER
                            nm shift        691    
                          term shift        183      /* because term==expr */
                          expr shift        183    

State 161:
          nm ::= * ID|INDEXED|JOIN_KW
          nm ::= * STRING
          expr ::= * term
          expr ::= * LP expr RP
          expr ::= * ID|INDEXED|JOIN_KW
          expr ::= * nm DOT nm
          expr ::= * nm DOT nm DOT nm
          term ::= * NULL|FLOAT|BLOB
          term ::= * STRING
          term ::= * INTEGER
          expr ::= * VARIABLE
          expr ::= * expr COLLATE ID|STRING
          expr ::= * CAST LP expr AS typetoken RP
          expr ::= * ID|INDEXED|JOIN_KW LP distinct exprlist RP
          expr ::= * ID|INDEXED|JOIN_KW LP distinct exprlist ORDER BY sortlist RP
          expr ::= * ID|INDEXED|JOIN_KW LP STAR RP
          expr ::= * ID|INDEXED|JOIN_KW LP distinct exprlist RP filter_over
          expr ::= * ID|INDEXED|JOIN_KW LP distinct exprlist ORDER BY sortlist RP filter_over
          expr ::= * ID|INDEXED|JOIN_KW LP STAR RP filter_over
          term ::= * CTIME_KW
          expr ::= * LP nexprlist COMMA expr RP
          expr ::= * expr AND expr
          expr ::= * expr OR expr
          expr ::= * expr LT|GT|GE|LE expr
          expr ::= * expr EQ|NE expr
          expr ::= * expr BITAND|BITOR|LSHIFT|RSHIFT expr
          expr ::= expr BITAND|BITOR|LSHIFT|RSHIFT * expr
          expr ::= * expr PLUS|MINUS expr
          expr ::= * expr STAR|SLASH|REM expr
          expr ::= * expr CONCAT expr
          expr ::= * expr likeop expr
          expr ::= * expr likeop expr ESCAPE expr
          expr ::= * expr ISNULL|NOTNULL
          expr ::= * expr NOT NULL
          expr ::= * expr IS expr
          expr ::= * expr IS NOT expr
          expr ::= * expr IS NOT DISTINCT FROM expr
          expr ::= * expr IS DISTINCT FROM expr
          expr ::= * NOT expr
          expr ::= * BITNOT expr
          expr ::= * PLUS|MINUS expr
          expr ::= * expr PTR expr
          expr ::= * expr between_op expr AND expr
          expr ::= * expr in_op LP exprlist RP
          expr ::= * LP select RP
          expr ::= * expr in_op LP select RP
          expr ::= * expr in_op nm dbnm paren_exprlist
          expr ::= * EXISTS LP select RP
          expr ::= * CASE case_operand case_exprlist case_else END
          expr ::= * RAISE LP IGNORE RP
          expr ::= * RAISE LP raisetype COMMA expr RP
          term ::= * QNUMBER

                           NOT shift        150    
                        EXISTS shift        683    
                            LP shift        4      
                          CAST shift        686    
                            ID shift        530    
                         RAISE shift        680    
                      CTIME_KW shift-reduce 195    term ::= CTIME_KW
                          PLUS shift        148    
                         MINUS shift        148    
                        BITNOT shift        149    
                       INDEXED shift        530    
                        STRING shift        692    
                       JOIN_KW shift        530    
                          NULL shift-reduce 183    term ::= NULL|FLOAT|BLOB
                         FLOAT shift-reduce 183    term ::= NULL|FLOAT|BLOB
                          BLOB shift-reduce 183    term ::= NULL|FLOAT|BLOB
                       INTEGER shift-reduce 185    term ::= INTEGER
                      VARIABLE shift-reduce 186    expr ::= VARIABLE
                          CASE shift        38     
                       QNUMBER shift-reduce 387    term ::= QNUMBER
                            nm shift        691    
                          term shift        182      /* because term==expr */
                          expr shift        182    

State 162:
          nm ::= * ID|INDEXED|JOIN_KW
          nm ::= * STRING
          expr ::= * term
          expr ::= * LP expr RP
          expr ::= * ID|INDEXED|JOIN_KW
          expr ::= * nm DOT nm
          expr ::= * nm DOT nm DOT nm
          term ::= * NULL|FLOAT|BLOB
          term ::= * STRING
          term ::= * INTEGER
          expr ::= * VARIABLE
          expr ::= * expr COLLATE ID|STRING
          expr ::= * CAST LP expr AS typetoken RP
          expr ::= * ID|INDEXED|JOIN_KW LP distinct exprlist RP
          expr ::= * ID|INDEXED|JOIN_KW LP distinct exprlist ORDER BY sortlist RP
          expr ::= * ID|INDEXED|JOIN_KW LP STAR RP
          expr ::= * ID|INDEXED|JOIN_KW LP distinct exprlist RP filter_over
          expr ::= * ID|INDEXED|JOIN_KW LP distinct exprlist ORDER BY sortlist RP filter_over
          expr ::= * ID|INDEXED|JOIN_KW LP STAR RP filter_over
          term ::= * CTIME_KW
          expr ::= * LP nexprlist COMMA expr RP
          expr ::= * expr AND expr
          expr ::= * expr OR expr
          expr ::= * expr LT|GT|GE|LE expr
          expr ::= * expr EQ|NE expr
          expr ::= expr EQ|NE * expr
          expr ::= * expr BITAND|BITOR|LSHIFT|RSHIFT expr
          expr ::= * expr PLUS|MINUS expr
          expr ::= * expr STAR|SLASH|REM expr
          expr ::= * expr CONCAT expr
          expr ::= * expr likeop expr
          expr ::= * expr likeop expr ESCAPE expr
          expr ::= * expr ISNULL|NOTNULL
          expr ::= * expr NOT NULL
          expr ::= * expr IS expr
          expr ::= * expr IS NOT expr
          expr ::= * expr IS NOT DISTINCT FROM expr
          expr ::= * expr IS DISTINCT FROM expr
          expr ::= * NOT expr
          expr ::= * BITNOT expr
          expr ::= * PLUS|MINUS expr
          expr ::= * expr PTR expr
          expr ::= * expr between_op expr AND expr
          expr ::= * expr in_op LP exprlist RP
          expr ::= * LP select RP
          expr ::= * expr in_op LP select RP
          expr ::= * expr in_op nm dbnm paren_exprlist
          expr ::= * EXISTS LP select RP
          expr ::= * CASE case_operand case_exprlist case_else END
          expr ::= * RAISE LP IGNORE RP
          expr ::= * RAISE LP raisetype COMMA expr RP
          term ::= * QNUMBER

                           NOT shift        150    
                        EXISTS shift        683    
                            LP shift        4      
                          CAST shift        686    
                            ID shift        530    
                         RAISE shift        680    
                      CTIME_KW shift-reduce 195    term ::= CTIME_KW
                          PLUS shift        148    
                         MINUS shift        148    
                        BITNOT shift        149    
                       INDEXED shift        530    
                        STRING shift        692    
                       JOIN_KW shift        530    
                          NULL shift-reduce 183    term ::= NULL|FLOAT|BLOB
                         FLOAT shift-reduce 183    term ::= NULL|FLOAT|BLOB
                          BLOB shift-reduce 183    term ::= NULL|FLOAT|BLOB
                       INTEGER shift-reduce 185    term ::= INTEGER
                      VARIABLE shift-reduce 186    expr ::= VARIABLE
                          CASE shift        38     
                       QNUMBER shift-reduce 387    term ::= QNUMBER
                            nm shift        691    
                          term shift        176      /* because term==expr */
                          expr shift        176    

State 163:
          nm ::= * ID|INDEXED|JOIN_KW
          nm ::= * STRING
          expr ::= * term
          expr ::= * LP expr RP
          expr ::= * ID|INDEXED|JOIN_KW
          expr ::= * nm DOT nm
          expr ::= * nm DOT nm DOT nm
          term ::= * NULL|FLOAT|BLOB
          term ::= * STRING
          term ::= * INTEGER
          expr ::= * VARIABLE
          expr ::= * expr COLLATE ID|STRING
          expr ::= * CAST LP expr AS typetoken RP
          expr ::= * ID|INDEXED|JOIN_KW LP distinct exprlist RP
          expr ::= * ID|INDEXED|JOIN_KW LP distinct exprlist ORDER BY sortlist RP
          expr ::= * ID|INDEXED|JOIN_KW LP STAR RP
          expr ::= * ID|INDEXED|JOIN_KW LP distinct exprlist RP filter_over
          expr ::= * ID|INDEXED|JOIN_KW LP distinct exprlist ORDER BY sortlist RP filter_over
          expr ::= * ID|INDEXED|JOIN_KW LP STAR RP filter_over
          term ::= * CTIME_KW
          expr ::= * LP nexprlist COMMA expr RP
          expr ::= * expr AND expr
          expr ::= * expr OR expr
          expr ::= * expr LT|GT|GE|LE expr
          expr ::= expr LT|GT|GE|LE * expr
          expr ::= * expr EQ|NE expr
          expr ::= * expr BITAND|BITOR|LSHIFT|RSHIFT expr
          expr ::= * expr PLUS|MINUS expr
          expr ::= * expr STAR|SLASH|REM expr
          expr ::= * expr CONCAT expr
          expr ::= * expr likeop expr
          expr ::= * expr likeop expr ESCAPE expr
          expr ::= * expr ISNULL|NOTNULL
          expr ::= * expr NOT NULL
          expr ::= * expr IS expr
          expr ::= * expr IS NOT expr
          expr ::= * expr IS NOT DISTINCT FROM expr
          expr ::= * expr IS DISTINCT FROM expr
          expr ::= * NOT expr
          expr ::= * BITNOT expr
          expr ::= * PLUS|MINUS expr
          expr ::= * expr PTR expr
          expr ::= * expr between_op expr AND expr
          expr ::= * expr in_op LP exprlist RP
          expr ::= * LP select RP
          expr ::= * expr in_op LP select RP
          expr ::= * expr in_op nm dbnm paren_exprlist
          expr ::= * EXISTS LP select RP
          expr ::= * CASE case_operand case_exprlist case_else END
          expr ::= * RAISE LP IGNORE RP
          expr ::= * RAISE LP raisetype COMMA expr RP
          term ::= * QNUMBER

                           NOT shift        150    
                        EXISTS shift        683    
                            LP shift        4      
                          CAST shift        686    
                            ID shift        530    
                         RAISE shift        680    
                      CTIME_KW shift-reduce 195    term ::= CTIME_KW
                          PLUS shift        148    
                         MINUS shift        148    
                        BITNOT shift        149    
                       INDEXED shift        530    
                        STRING shift        692    
                       JOIN_KW shift        530    
                          NULL shift-reduce 183    term ::= NULL|FLOAT|BLOB
                         FLOAT shift-reduce 183    term ::= NULL|FLOAT|BLOB
                          BLOB shift-reduce 183    term ::= NULL|FLOAT|BLOB
                       INTEGER shift-reduce 185    term ::= INTEGER
                      VARIABLE shift-reduce 186    expr ::= VARIABLE
                          CASE shift        38     
                       QNUMBER shift-reduce 387    term ::= QNUMBER
                            nm shift        691    
                          term shift        181      /* because term==expr */
                          expr shift        181    

State 164:
          nm ::= * ID|INDEXED|JOIN_KW
          nm ::= * STRING
          expr ::= * term
          expr ::= * LP expr RP
          expr ::= * ID|INDEXED|JOIN_KW
          expr ::= * nm DOT nm
          expr ::= * nm DOT nm DOT nm
          term ::= * NULL|FLOAT|BLOB
          term ::= * STRING
          term ::= * INTEGER
          expr ::= * VARIABLE
          expr ::= * expr COLLATE ID|STRING
          expr ::= * CAST LP expr AS typetoken RP
          expr ::= * ID|INDEXED|JOIN_KW LP distinct exprlist RP
          expr ::= * ID|INDEXED|JOIN_KW LP distinct exprlist ORDER BY sortlist RP
          expr ::= * ID|INDEXED|JOIN_KW LP STAR RP
          expr ::= * ID|INDEXED|JOIN_KW LP distinct exprlist RP filter_over
          expr ::= * ID|INDEXED|JOIN_KW LP distinct exprlist ORDER BY sortlist RP filter_over
          expr ::= * ID|INDEXED|JOIN_KW LP STAR RP filter_over
          term ::= * CTIME_KW
          expr ::= * LP nexprlist COMMA expr RP
          expr ::= * expr AND expr
          expr ::= * expr OR expr
          expr ::= expr OR * expr
          expr ::= * expr LT|GT|GE|LE expr
          expr ::= * expr EQ|NE expr
          expr ::= * expr BITAND|BITOR|LSHIFT|RSHIFT expr
          expr ::= * expr PLUS|MINUS expr
          expr ::= * expr STAR|SLASH|REM expr
          expr ::= * expr CONCAT expr
          expr ::= * expr likeop expr
          expr ::= * expr likeop expr ESCAPE expr
          expr ::= * expr ISNULL|NOTNULL
          expr ::= * expr NOT NULL
          expr ::= * expr IS expr
          expr ::= * expr IS NOT expr
          expr ::= * expr IS NOT DISTINCT FROM expr
          expr ::= * expr IS DISTINCT FROM expr
          expr ::= * NOT expr
          expr ::= * BITNOT expr
          expr ::= * PLUS|MINUS expr
          expr ::= * expr PTR expr
          expr ::= * expr between_op expr AND expr
          expr ::= * expr in_op LP exprlist RP
          expr ::= * LP select RP
          expr ::= * expr in_op LP select RP
          expr ::= * expr in_op nm dbnm paren_exprlist
          expr ::= * EXISTS LP select RP
          expr ::= * CASE case_operand case_exprlist case_else END
          expr ::= * RAISE LP IGNORE RP
          expr ::= * RAISE LP raisetype COMMA expr RP
          term ::= * QNUMBER

                           NOT shift        150    
                        EXISTS shift        683    
                            LP shift        4      
                          CAST shift        686    
                            ID shift        530    
                         RAISE shift        680    
                      CTIME_KW shift-reduce 195    term ::= CTIME_KW
                          PLUS shift        148    
                         MINUS shift        148    
                        BITNOT shift        149    
                       INDEXED shift        530    
                        STRING shift        692    
                       JOIN_KW shift        530    
                          NULL shift-reduce 183    term ::= NULL|FLOAT|BLOB
                         FLOAT shift-reduce 183    term ::= NULL|FLOAT|BLOB
                          BLOB shift-reduce 183    term ::= NULL|FLOAT|BLOB
                       INTEGER shift-reduce 185    term ::= INTEGER
                      VARIABLE shift-reduce 186    expr ::= VARIABLE
                          CASE shift        38     
                       QNUMBER shift-reduce 387    term ::= QNUMBER
                            nm shift        691    
                          term shift        105      /* because term==expr */
                          expr shift        105    

State 165:
          nm ::= * ID|INDEXED|JOIN_KW
          nm ::= * STRING
          expr ::= * term
          expr ::= * LP expr RP
          expr ::= * ID|INDEXED|JOIN_KW
          expr ::= * nm DOT nm
          expr ::= * nm DOT nm DOT nm
          term ::= * NULL|FLOAT|BLOB
          term ::= * STRING
          term ::= * INTEGER
          expr ::= * VARIABLE
          expr ::= * expr COLLATE ID|STRING
          expr ::= * CAST LP expr AS typetoken RP
          expr ::= * ID|INDEXED|JOIN_KW LP distinct exprlist RP
          expr ::= * ID|INDEXED|JOIN_KW LP distinct exprlist ORDER BY sortlist RP
          expr ::= * ID|INDEXED|JOIN_KW LP STAR RP
          expr ::= * ID|INDEXED|JOIN_KW LP distinct exprlist RP filter_over
          expr ::= * ID|INDEXED|JOIN_KW LP distinct exprlist ORDER BY sortlist RP filter_over
          expr ::= * ID|INDEXED|JOIN_KW LP STAR RP filter_over
          term ::= * CTIME_KW
          expr ::= * LP nexprlist COMMA expr RP
          expr ::= * expr AND expr
          expr ::= expr AND * expr
          expr ::= * expr OR expr
          expr ::= * expr LT|GT|GE|LE expr
          expr ::= * expr EQ|NE expr
          expr ::= * expr BITAND|BITOR|LSHIFT|RSHIFT expr
          expr ::= * expr PLUS|MINUS expr
          expr ::= * expr STAR|SLASH|REM expr
          expr ::= * expr CONCAT expr
          expr ::= * expr likeop expr
          expr ::= * expr likeop expr ESCAPE expr
          expr ::= * expr ISNULL|NOTNULL
          expr ::= * expr NOT NULL
          expr ::= * expr IS expr
          expr ::= * expr IS NOT expr
          expr ::= * expr IS NOT DISTINCT FROM expr
          expr ::= * expr IS DISTINCT FROM expr
          expr ::= * NOT expr
          expr ::= * BITNOT expr
          expr ::= * PLUS|MINUS expr
          expr ::= * expr PTR expr
          expr ::= * expr between_op expr AND expr
          expr ::= * expr in_op LP exprlist RP
          expr ::= * LP select RP
          expr ::= * expr in_op LP select RP
          expr ::= * expr in_op nm dbnm paren_exprlist
          expr ::= * EXISTS LP select RP
          expr ::= * CASE case_operand case_exprlist case_else END
          expr ::= * RAISE LP IGNORE RP
          expr ::= * RAISE LP raisetype COMMA expr RP
          term ::= * QNUMBER

                           NOT shift        150    
                        EXISTS shift        683    
                            LP shift        4      
                          CAST shift        686    
                            ID shift        530    
                         RAISE shift        680    
                      CTIME_KW shift-reduce 195    term ::= CTIME_KW
                          PLUS shift        148    
                         MINUS shift        148    
                        BITNOT shift        149    
                       INDEXED shift        530    
                        STRING shift        692    
                       JOIN_KW shift        530    
                          NULL shift-reduce 183    term ::= NULL|FLOAT|BLOB
                         FLOAT shift-reduce 183    term ::= NULL|FLOAT|BLOB
                          BLOB shift-reduce 183    term ::= NULL|FLOAT|BLOB
                       INTEGER shift-reduce 185    term ::= INTEGER
                      VARIABLE shift-reduce 186    expr ::= VARIABLE
                          CASE shift        38     
                       QNUMBER shift-reduce 387    term ::= QNUMBER
                            nm shift        691    
                          term shift        107      /* because term==expr */
                          expr shift        107    

State 166:
          nm ::= * ID|INDEXED|JOIN_KW
          nm ::= * STRING
          limit_opt ::= LIMIT expr OFFSET * expr
          expr ::= * term
          expr ::= * LP expr RP
          expr ::= * ID|INDEXED|JOIN_KW
          expr ::= * nm DOT nm
          expr ::= * nm DOT nm DOT nm
          term ::= * NULL|FLOAT|BLOB
          term ::= * STRING
          term ::= * INTEGER
          expr ::= * VARIABLE
          expr ::= * expr COLLATE ID|STRING
          expr ::= * CAST LP expr AS typetoken RP
          expr ::= * ID|INDEXED|JOIN_KW LP distinct exprlist RP
          expr ::= * ID|INDEXED|JOIN_KW LP distinct exprlist ORDER BY sortlist RP
          expr ::= * ID|INDEXED|JOIN_KW LP STAR RP
          expr ::= * ID|INDEXED|JOIN_KW LP distinct exprlist RP filter_over
          expr ::= * ID|INDEXED|JOIN_KW LP distinct exprlist ORDER BY sortlist RP filter_over
          expr ::= * ID|INDEXED|JOIN_KW LP STAR RP filter_over
          term ::= * CTIME_KW
          expr ::= * LP nexprlist COMMA expr RP
          expr ::= * expr AND expr
          expr ::= * expr OR expr
          expr ::= * expr LT|GT|GE|LE expr
          expr ::= * expr EQ|NE expr
          expr ::= * expr BITAND|BITOR|LSHIFT|RSHIFT expr
          expr ::= * expr PLUS|MINUS expr
          expr ::= * expr STAR|SLASH|REM expr
          expr ::= * expr CONCAT expr
          expr ::= * expr likeop expr
          expr ::= * expr likeop expr ESCAPE expr
          expr ::= * expr ISNULL|NOTNULL
          expr ::= * expr NOT NULL
          expr ::= * expr IS expr
          expr ::= * expr IS NOT expr
          expr ::= * expr IS NOT DISTINCT FROM expr
          expr ::= * expr IS DISTINCT FROM expr
          expr ::= * NOT expr
          expr ::= * BITNOT expr
          expr ::= * PLUS|MINUS expr
          expr ::= * expr PTR expr
          expr ::= * expr between_op expr AND expr
          expr ::= * expr in_op LP exprlist RP
          expr ::= * LP select RP
          expr ::= * expr in_op LP select RP
          expr ::= * expr in_op nm dbnm paren_exprlist
          expr ::= * EXISTS LP select RP
          expr ::= * CASE case_operand case_exprlist case_else END
          expr ::= * RAISE LP IGNORE RP
          expr ::= * RAISE LP raisetype COMMA expr RP
          term ::= * QNUMBER

                           NOT shift        150    
                        EXISTS shift        683    
                            LP shift        4      
                          CAST shift        686    
                            ID shift        530    
                         RAISE shift        680    
                      CTIME_KW shift-reduce 195    term ::= CTIME_KW
                          PLUS shift        148    
                         MINUS shift        148    
                        BITNOT shift        149    
                       INDEXED shift        530    
                        STRING shift        692    
                       JOIN_KW shift        530    
                          NULL shift-reduce 183    term ::= NULL|FLOAT|BLOB
                         FLOAT shift-reduce 183    term ::= NULL|FLOAT|BLOB
                          BLOB shift-reduce 183    term ::= NULL|FLOAT|BLOB
                       INTEGER shift-reduce 185    term ::= INTEGER
                      VARIABLE shift-reduce 186    expr ::= VARIABLE
                          CASE shift        38     
                       QNUMBER shift-reduce 387    term ::= QNUMBER
                            nm shift        691    
                          term shift        104      /* because term==expr */
                          expr shift        104    

State 167:
          nm ::= * ID|INDEXED|JOIN_KW
          nm ::= * STRING
          limit_opt ::= LIMIT * expr
          limit_opt ::= LIMIT * expr OFFSET expr
          limit_opt ::= LIMIT * expr COMMA expr
          expr ::= * term
          expr ::= * LP expr RP
          expr ::= * ID|INDEXED|JOIN_KW
          expr ::= * nm DOT nm
          expr ::= * nm DOT nm DOT nm
          term ::= * NULL|FLOAT|BLOB
          term ::= * STRING
          term ::= * INTEGER
          expr ::= * VARIABLE
          expr ::= * expr COLLATE ID|STRING
          expr ::= * CAST LP expr AS typetoken RP
          expr ::= * ID|INDEXED|JOIN_KW LP distinct exprlist RP
          expr ::= * ID|INDEXED|JOIN_KW LP distinct exprlist ORDER BY sortlist RP
          expr ::= * ID|INDEXED|JOIN_KW LP STAR RP
          expr ::= * ID|INDEXED|JOIN_KW LP distinct exprlist RP filter_over
          expr ::= * ID|INDEXED|JOIN_KW LP distinct exprlist ORDER BY sortlist RP filter_over
          expr ::= * ID|INDEXED|JOIN_KW LP STAR RP filter_over
          term ::= * CTIME_KW
          expr ::= * LP nexprlist COMMA expr RP
          expr ::= * expr AND expr
          expr ::= * expr OR expr
          expr ::= * expr LT|GT|GE|LE expr
          expr ::= * expr EQ|NE expr
          expr ::= * expr BITAND|BITOR|LSHIFT|RSHIFT expr
          expr ::= * expr PLUS|MINUS expr
          expr ::= * expr STAR|SLASH|REM expr
          expr ::= * expr CONCAT expr
          expr ::= * expr likeop expr
          expr ::= * expr likeop expr ESCAPE expr
          expr ::= * expr ISNULL|NOTNULL
          expr ::= * expr NOT NULL
          expr ::= * expr IS expr
          expr ::= * expr IS NOT expr
          expr ::= * expr IS NOT DISTINCT FROM expr
          expr ::= * expr IS DISTINCT FROM expr
          expr ::= * NOT expr
          expr ::= * BITNOT expr
          expr ::= * PLUS|MINUS expr
          expr ::= * expr PTR expr
          expr ::= * expr between_op expr AND expr
          expr ::= * expr in_op LP exprlist RP
          expr ::= * LP select RP
          expr ::= * expr in_op LP select RP
          expr ::= * expr in_op nm dbnm paren_exprlist
          expr ::= * EXISTS LP select RP
          expr ::= * CASE case_operand case_exprlist case_else END
          expr ::= * RAISE LP IGNORE RP
          expr ::= * RAISE LP raisetype COMMA expr RP
          term ::= * QNUMBER

                           NOT shift        150    
                        EXISTS shift        683    
                            LP shift        4      
                          CAST shift        686    
                            ID shift        530    
                         RAISE shift        680    
                      CTIME_KW shift-reduce 195    term ::= CTIME_KW
                          PLUS shift        148    
                         MINUS shift        148    
                        BITNOT shift        149    
                       INDEXED shift        530    
                        STRING shift        692    
                       JOIN_KW shift        530    
                          NULL shift-reduce 183    term ::= NULL|FLOAT|BLOB
                         FLOAT shift-reduce 183    term ::= NULL|FLOAT|BLOB
                          BLOB shift-reduce 183    term ::= NULL|FLOAT|BLOB
                       INTEGER shift-reduce 185    term ::= INTEGER
                      VARIABLE shift-reduce 186    expr ::= VARIABLE
                          CASE shift        38     
                       QNUMBER shift-reduce 387    term ::= QNUMBER
                            nm shift        691    
                          term shift        63       /* because term==expr */
                          expr shift        63     

State 168:
          nm ::= * ID|INDEXED|JOIN_KW
          nm ::= * STRING
          ccons ::= DEFAULT LP * expr RP
          expr ::= * term
          expr ::= * LP expr RP
          expr ::= * ID|INDEXED|JOIN_KW
          expr ::= * nm DOT nm
          expr ::= * nm DOT nm DOT nm
          term ::= * NULL|FLOAT|BLOB
          term ::= * STRING
          term ::= * INTEGER
          expr ::= * VARIABLE
          expr ::= * expr COLLATE ID|STRING
          expr ::= * CAST LP expr AS typetoken RP
          expr ::= * ID|INDEXED|JOIN_KW LP distinct exprlist RP
          expr ::= * ID|INDEXED|JOIN_KW LP distinct exprlist ORDER BY sortlist RP
          expr ::= * ID|INDEXED|JOIN_KW LP STAR RP
          expr ::= * ID|INDEXED|JOIN_KW LP distinct exprlist RP filter_over
          expr ::= * ID|INDEXED|JOIN_KW LP distinct exprlist ORDER BY sortlist RP filter_over
          expr ::= * ID|INDEXED|JOIN_KW LP STAR RP filter_over
          term ::= * CTIME_KW
          expr ::= * LP nexprlist COMMA expr RP
          expr ::= * expr AND expr
          expr ::= * expr OR expr
          expr ::= * expr LT|GT|GE|LE expr
          expr ::= * expr EQ|NE expr
          expr ::= * expr BITAND|BITOR|LSHIFT|RSHIFT expr
          expr ::= * expr PLUS|MINUS expr
          expr ::= * expr STAR|SLASH|REM expr
          expr ::= * expr CONCAT expr
          expr ::= * expr likeop expr
          expr ::= * expr likeop expr ESCAPE expr
          expr ::= * expr ISNULL|NOTNULL
          expr ::= * expr NOT NULL
          expr ::= * expr IS expr
          expr ::= * expr IS NOT expr
          expr ::= * expr IS NOT DISTINCT FROM expr
          expr ::= * expr IS DISTINCT FROM expr
          expr ::= * NOT expr
          expr ::= * BITNOT expr
          expr ::= * PLUS|MINUS expr
          expr ::= * expr PTR expr
          expr ::= * expr between_op expr AND expr
          expr ::= * expr in_op LP exprlist RP
          expr ::= * LP select RP
          expr ::= * expr in_op LP select RP
          expr ::= * expr in_op nm dbnm paren_exprlist
          expr ::= * EXISTS LP select RP
          expr ::= * CASE case_operand case_exprlist case_else END
          expr ::= * RAISE LP IGNORE RP
          expr ::= * RAISE LP raisetype COMMA expr RP
          term ::= * QNUMBER

                           NOT shift        150    
                        EXISTS shift        683    
                            LP shift        4      
                          CAST shift        686    
                            ID shift        530    
                         RAISE shift        680    
                      CTIME_KW shift-reduce 195    term ::= CTIME_KW
                          PLUS shift        148    
                         MINUS shift        148    
                        BITNOT shift        149    
                       INDEXED shift        530    
                        STRING shift        692    
                       JOIN_KW shift        530    
                          NULL shift-reduce 183    term ::= NULL|FLOAT|BLOB
                         FLOAT shift-reduce 183    term ::= NULL|FLOAT|BLOB
                          BLOB shift-reduce 183    term ::= NULL|FLOAT|BLOB
                       INTEGER shift-reduce 185    term ::= INTEGER
                      VARIABLE shift-reduce 186    expr ::= VARIABLE
                          CASE shift        38     
                       QNUMBER shift-reduce 387    term ::= QNUMBER
                            nm shift        691    
                          term shift        75       /* because term==expr */
                          expr shift        75     

State 169:
          expr ::= expr * COLLATE ID|STRING
          expr ::= expr * AND expr
          expr ::= expr * OR expr
          expr ::= expr * LT|GT|GE|LE expr
          expr ::= expr * EQ|NE expr
          expr ::= expr * BITAND|BITOR|LSHIFT|RSHIFT expr
          expr ::= expr * PLUS|MINUS expr
          expr ::= expr * STAR|SLASH|REM expr
          expr ::= expr * CONCAT expr
          likeop ::= * LIKE_KW|MATCH
          likeop ::= * NOT LIKE_KW|MATCH
          expr ::= expr * likeop expr
    (206) expr ::= expr likeop expr *
          expr ::= expr * likeop expr ESCAPE expr
          expr ::= expr likeop expr * ESCAPE expr
          expr ::= expr * ISNULL|NOTNULL
          expr ::= expr * NOT NULL
          expr ::= expr * IS expr
          expr ::= expr * IS NOT expr
          expr ::= expr * IS NOT DISTINCT FROM expr
          expr ::= expr * IS DISTINCT FROM expr
          expr ::= expr * PTR expr
          between_op ::= * BETWEEN
          between_op ::= * NOT BETWEEN
          expr ::= expr * between_op expr AND expr
          in_op ::= * IN
          in_op ::= * NOT IN
          expr ::= expr * in_op LP exprlist RP
          expr ::= expr * in_op LP select RP
          expr ::= expr * in_op nm dbnm paren_exprlist

                            GT shift        163    
                            LE shift        163    
                            LT shift        163    
                            GE shift        163    
                        ESCAPE shift        156    
                        BITAND shift        161    
                         BITOR shift        161    
                        LSHIFT shift        161    
                        RSHIFT shift        161    
                          PLUS shift        160    
                         MINUS shift        160    
                          STAR shift        159    
                         SLASH shift        159    
                           REM shift        159    
                        CONCAT shift        158    
                           PTR shift        155    
                       COLLATE shift        529    
                        likeop shift        157    
                    between_op shift        154    
                         in_op shift        281    
                     {default} reduce       206    expr ::= expr likeop expr

State 170:
          expr ::= expr * COLLATE ID|STRING
          expr ::= expr * AND expr
          expr ::= expr * OR expr
          expr ::= expr * LT|GT|GE|LE expr
          expr ::= expr * EQ|NE expr
          expr ::= expr * BITAND|BITOR|LSHIFT|RSHIFT expr
          expr ::= expr * PLUS|MINUS expr
          expr ::= expr * STAR|SLASH|REM expr
          expr ::= expr * CONCAT expr
          likeop ::= * LIKE_KW|MATCH
          likeop ::= * NOT LIKE_KW|MATCH
          expr ::= expr * likeop expr
          expr ::= expr * likeop expr ESCAPE expr
          expr ::= expr * ISNULL|NOTNULL
          expr ::= expr * NOT NULL
          expr ::= expr * IS expr
          expr ::= expr * IS NOT expr
          expr ::= expr * IS NOT DISTINCT FROM expr
          expr ::= expr * IS DISTINCT FROM expr
    (213) expr ::= expr IS DISTINCT FROM expr *
          expr ::= expr * PTR expr
          between_op ::= * BETWEEN
          between_op ::= * NOT BETWEEN
          expr ::= expr * between_op expr AND expr
          in_op ::= * IN
          in_op ::= * NOT IN
          expr ::= expr * in_op LP exprlist RP
          expr ::= expr * in_op LP select RP
          expr ::= expr * in_op nm dbnm paren_exprlist

                            GT shift        163    
                            LE shift        163    
                            LT shift        163    
                            GE shift        163    
                        BITAND shift        161    
                         BITOR shift        161    
                        LSHIFT shift        161    
                        RSHIFT shift        161    
                          PLUS shift        160    
                         MINUS shift        160    
                          STAR shift        159    
                         SLASH shift        159    
                           REM shift        159    
                        CONCAT shift        158    
                           PTR shift        155    
                       COLLATE shift        529    
                        likeop shift        157    
                    between_op shift        154    
                         in_op shift        281    
                     {default} reduce       213    expr ::= expr IS DISTINCT FROM expr

State 171:
          expr ::= expr * COLLATE ID|STRING
          expr ::= expr * AND expr
          expr ::= expr * OR expr
          expr ::= expr * LT|GT|GE|LE expr
          expr ::= expr * EQ|NE expr
          expr ::= expr * BITAND|BITOR|LSHIFT|RSHIFT expr
          expr ::= expr * PLUS|MINUS expr
          expr ::= expr * STAR|SLASH|REM expr
          expr ::= expr * CONCAT expr
          likeop ::= * LIKE_KW|MATCH
          likeop ::= * NOT LIKE_KW|MATCH
          expr ::= expr * likeop expr
          expr ::= expr * likeop expr ESCAPE expr
          expr ::= expr * ISNULL|NOTNULL
          expr ::= expr * NOT NULL
          expr ::= expr * IS expr
          expr ::= expr * IS NOT expr
          expr ::= expr * IS NOT DISTINCT FROM expr
    (212) expr ::= expr IS NOT DISTINCT FROM expr *
          expr ::= expr * IS DISTINCT FROM expr
          expr ::= expr * PTR expr
          between_op ::= * BETWEEN
          between_op ::= * NOT BETWEEN
          expr ::= expr * between_op expr AND expr
          in_op ::= * IN
          in_op ::= * NOT IN
          expr ::= expr * in_op LP exprlist RP
          expr ::= expr * in_op LP select RP
          expr ::= expr * in_op nm dbnm paren_exprlist

                            GT shift        163    
                            LE shift        163    
                            LT shift        163    
                            GE shift        163    
                        BITAND shift        161    
                         BITOR shift        161    
                        LSHIFT shift        161    
                        RSHIFT shift        161    
                          PLUS shift        160    
                         MINUS shift        160    
                          STAR shift        159    
                         SLASH shift        159    
                           REM shift        159    
                        CONCAT shift        158    
                           PTR shift        155    
                       COLLATE shift        529    
                        likeop shift        157    
                    between_op shift        154    
                         in_op shift        281    
                     {default} reduce       212    expr ::= expr IS NOT DISTINCT FROM expr

State 172:
          expr ::= expr * COLLATE ID|STRING
          expr ::= expr * AND expr
          expr ::= expr * OR expr
          expr ::= expr * LT|GT|GE|LE expr
          expr ::= expr * EQ|NE expr
          expr ::= expr * BITAND|BITOR|LSHIFT|RSHIFT expr
          expr ::= expr * PLUS|MINUS expr
          expr ::= expr * STAR|SLASH|REM expr
          expr ::= expr * CONCAT expr
          likeop ::= * LIKE_KW|MATCH
          likeop ::= * NOT LIKE_KW|MATCH
          expr ::= expr * likeop expr
          expr ::= expr * likeop expr ESCAPE expr
          expr ::= expr * ISNULL|NOTNULL
          expr ::= expr * NOT NULL
          expr ::= expr * IS expr
          expr ::= expr * IS NOT expr
    (211) expr ::= expr IS NOT expr *
          expr ::= expr * IS NOT DISTINCT FROM expr
          expr ::= expr * IS DISTINCT FROM expr
    (214) expr ::= NOT expr *
          expr ::= expr * PTR expr
          between_op ::= * BETWEEN
          between_op ::= * NOT BETWEEN
          expr ::= expr * between_op expr AND expr
          in_op ::= * IN
          in_op ::= * NOT IN
          expr ::= expr * in_op LP exprlist RP
          expr ::= expr * in_op LP select RP
          expr ::= expr * in_op nm dbnm paren_exprlist

                            GT shift        163    
                            LE shift        163    
                            LT shift        163    
                            GE shift        163    
                        BITAND shift        161    
                         BITOR shift        161    
                        LSHIFT shift        161    
                        RSHIFT shift        161    
                          PLUS shift        160    
                         MINUS shift        160    
                          STAR shift        159    
                         SLASH shift        159    
                           REM shift        159    
                        CONCAT shift        158    
                           PTR shift        155    
                       COLLATE shift        529    
                        likeop shift        157    
                    between_op shift        154    
                         in_op shift        281    
                     {default} reduce       211    expr ::= expr IS NOT expr

State 173:
          expr ::= expr * COLLATE ID|STRING
          expr ::= expr * AND expr
    (197) expr ::= expr AND expr *
          expr ::= expr * OR expr
          expr ::= expr * LT|GT|GE|LE expr
          expr ::= expr * EQ|NE expr
          expr ::= expr * BITAND|BITOR|LSHIFT|RSHIFT expr
          expr ::= expr * PLUS|MINUS expr
          expr ::= expr * STAR|SLASH|REM expr
          expr ::= expr * CONCAT expr
          likeop ::= * LIKE_KW|MATCH
          likeop ::= * NOT LIKE_KW|MATCH
          expr ::= expr * likeop expr
          expr ::= expr * likeop expr ESCAPE expr
          expr ::= expr * ISNULL|NOTNULL
          expr ::= expr * NOT NULL
          expr ::= expr * IS expr
          expr ::= expr * IS NOT expr
          expr ::= expr * IS NOT DISTINCT FROM expr
          expr ::= expr * IS DISTINCT FROM expr
          expr ::= expr * PTR expr
          between_op ::= * BETWEEN
          between_op ::= * NOT BETWEEN
          expr ::= expr * between_op expr AND expr
    (220) expr ::= expr between_op expr AND expr *
          in_op ::= * IN
          in_op ::= * NOT IN
          expr ::= expr * in_op LP exprlist RP
          expr ::= expr * in_op LP select RP
          expr ::= expr * in_op nm dbnm paren_exprlist

                            GT shift        163    
                            LE shift        163    
                            LT shift        163    
                            GE shift        163    
                        BITAND shift        161    
                         BITOR shift        161    
                        LSHIFT shift        161    
                        RSHIFT shift        161    
                          PLUS shift        160    
                         MINUS shift        160    
                          STAR shift        159    
                         SLASH shift        159    
                           REM shift        159    
                        CONCAT shift        158    
                           PTR shift        155    
                       COLLATE shift        529    
                        likeop shift        157    
                    between_op shift        154    
                         in_op shift        281    
                     {default} reduce       220    expr ::= expr between_op expr AND expr

State 174:
          expr ::= expr * COLLATE ID|STRING
          expr ::= expr * AND expr
          expr ::= expr * OR expr
          expr ::= expr * LT|GT|GE|LE expr
          expr ::= expr * EQ|NE expr
          expr ::= expr * BITAND|BITOR|LSHIFT|RSHIFT expr
          expr ::= expr * PLUS|MINUS expr
          expr ::= expr * STAR|SLASH|REM expr
          expr ::= expr * CONCAT expr
          likeop ::= * LIKE_KW|MATCH
          likeop ::= * NOT LIKE_KW|MATCH
          expr ::= expr * likeop expr
          expr ::= expr * likeop expr ESCAPE expr
          expr ::= expr * ISNULL|NOTNULL
          expr ::= expr * NOT NULL
          expr ::= expr * IS expr
    (210) expr ::= expr IS expr *
          expr ::= expr * IS NOT expr
          expr ::= expr * IS NOT DISTINCT FROM expr
          expr ::= expr * IS DISTINCT FROM expr
          expr ::= expr * PTR expr
          between_op ::= * BETWEEN
          between_op ::= * NOT BETWEEN
          expr ::= expr * between_op expr AND expr
          in_op ::= * IN
          in_op ::= * NOT IN
          expr ::= expr * in_op LP exprlist RP
          expr ::= expr * in_op LP select RP
          expr ::= expr * in_op nm dbnm paren_exprlist

                            GT shift        163    
                            LE shift        163    
                            LT shift        163    
                            GE shift        163    
                        BITAND shift        161    
                         BITOR shift        161    
                        LSHIFT shift        161    
                        RSHIFT shift        161    
                          PLUS shift        160    
                         MINUS shift        160    
                          STAR shift        159    
                         SLASH shift        159    
                           REM shift        159    
                        CONCAT shift        158    
                           PTR shift        155    
                       COLLATE shift        529    
                        likeop shift        157    
                    between_op shift        154    
                         in_op shift        281    
                     {default} reduce       210    expr ::= expr IS expr

State 175:
          expr ::= expr * COLLATE ID|STRING
          expr ::= expr * AND expr
          expr ::= expr * OR expr
          expr ::= expr * LT|GT|GE|LE expr
          expr ::= expr * EQ|NE expr
          expr ::= expr * BITAND|BITOR|LSHIFT|RSHIFT expr
          expr ::= expr * PLUS|MINUS expr
          expr ::= expr * STAR|SLASH|REM expr
          expr ::= expr * CONCAT expr
          likeop ::= * LIKE_KW|MATCH
          likeop ::= * NOT LIKE_KW|MATCH
          expr ::= expr * likeop expr
          expr ::= expr * likeop expr ESCAPE expr
    (207) expr ::= expr likeop expr ESCAPE expr *
          expr ::= expr * ISNULL|NOTNULL
          expr ::= expr * NOT NULL
          expr ::= expr * IS expr
          expr ::= expr * IS NOT expr
          expr ::= expr * IS NOT DISTINCT FROM expr
          expr ::= expr * IS DISTINCT FROM expr
          expr ::= expr * PTR expr
          between_op ::= * BETWEEN
          between_op ::= * NOT BETWEEN
          expr ::= expr * between_op expr AND expr
          in_op ::= * IN
          in_op ::= * NOT IN
          expr ::= expr * in_op LP exprlist RP
          expr ::= expr * in_op LP select RP
          expr ::= expr * in_op nm dbnm paren_exprlist

                            GT shift        163    
                            LE shift        163    
                            LT shift        163    
                            GE shift        163    
                        BITAND shift        161    
                         BITOR shift        161    
                        LSHIFT shift        161    
                        RSHIFT shift        161    
                          PLUS shift        160    
                         MINUS shift        160    
                          STAR shift        159    
                         SLASH shift        159    
                           REM shift        159    
                        CONCAT shift        158    
                           PTR shift        155    
                       COLLATE shift        529    
                        likeop shift        157    
                    between_op shift        154    
                         in_op shift        281    
                     {default} reduce       207    expr ::= expr likeop expr ESCAPE expr

State 176:
          expr ::= expr * COLLATE ID|STRING
          expr ::= expr * AND expr
          expr ::= expr * OR expr
          expr ::= expr * LT|GT|GE|LE expr
          expr ::= expr * EQ|NE expr
    (200) expr ::= expr EQ|NE expr *
          expr ::= expr * BITAND|BITOR|LSHIFT|RSHIFT expr
          expr ::= expr * PLUS|MINUS expr
          expr ::= expr * STAR|SLASH|REM expr
          expr ::= expr * CONCAT expr
          likeop ::= * LIKE_KW|MATCH
          likeop ::= * NOT LIKE_KW|MATCH
          expr ::= expr * likeop expr
          expr ::= expr * likeop expr ESCAPE expr
          expr ::= expr * ISNULL|NOTNULL
          expr ::= expr * NOT NULL
          expr ::= expr * IS expr
          expr ::= expr * IS NOT expr
          expr ::= expr * IS NOT DISTINCT FROM expr
          expr ::= expr * IS DISTINCT FROM expr
          expr ::= expr * PTR expr
          between_op ::= * BETWEEN
          between_op ::= * NOT BETWEEN
          expr ::= expr * between_op expr AND expr
          in_op ::= * IN
          in_op ::= * NOT IN
          expr ::= expr * in_op LP exprlist RP
          expr ::= expr * in_op LP select RP
          expr ::= expr * in_op nm dbnm paren_exprlist

                            GT shift        163    
                            LE shift        163    
                            LT shift        163    
                            GE shift        163    
                        BITAND shift        161    
                         BITOR shift        161    
                        LSHIFT shift        161    
                        RSHIFT shift        161    
                          PLUS shift        160    
                         MINUS shift        160    
                          STAR shift        159    
                         SLASH shift        159    
                           REM shift        159    
                        CONCAT shift        158    
                           PTR shift        155    
                       COLLATE shift        529    
                        likeop shift        157    
                    between_op shift        154    
                         in_op shift        281    
                     {default} reduce       200    expr ::= expr EQ|NE expr

State 177:
     (30) scanpt ::= *
          trigger_cmd ::= * UPDATE orconf xfullname tridxby SET setlist from where_opt scanpt
          trigger_cmd ::= * scanpt insert_cmd INTO xfullname idlist_opt select upsert scanpt
          trigger_cmd ::= * DELETE FROM xfullname tridxby where_opt scanpt
          trigger_cmd ::= * scanpt select scanpt
          proc_cmd_list ::= proc_cmd_list * proc_cmd SEMI
          proc_cmd ::= * trigger_cmd
          proc_cmd ::= * CALL fullname LP exprlist RP
          proc_cmd ::= * CALL fullname
          proc_cmd ::= * DECLARE nm typetoken
          proc_cmd ::= * DECLARE nm typetoken DEFAULT expr
          proc_cmd ::= * SET nm EQ expr
          proc_cmd ::= * IF expr THEN proc_cmd_list proc_if_tail END IF
          proc_cmd ::= * WHILE expr DO proc_cmd_list END WHILE
          proc_cmd ::= * LOOP proc_cmd_list END LOOP
          proc_cmd ::= LOOP proc_cmd_list * END LOOP
          proc_cmd ::= * LEAVE
          proc_cmd ::= * RETURN
          proc_cmd ::= * RAISE LP IGNORE RP
          proc_cmd ::= * RAISE LP raisetype COMMA expr RP
          proc_cmd ::= * scanpt select scanpt INTO idlist

                           END shift        579    
                            IF shift        122    
                         RAISE shift        578    
                          CALL shift        231    
                       DECLARE shift        307    
                         LEAVE shift-reduce 298    proc_cmd ::= LEAVE
                          LOOP shift        46     
                        RETURN shift-reduce 299    proc_cmd ::= RETURN
                         WHILE shift        121    
                        DELETE shift        588    
                        UPDATE shift        416    
                           SET shift        306    
                        scanpt shift        7      
                   trigger_cmd shift        587      /* because trigger_cmd==proc_cmd */
                      proc_cmd shift        587    
                     {default} reduce       30     scanpt ::=

State 178:
     (30) scanpt ::= *
          trigger_cmd ::= * UPDATE orconf xfullname tridxby SET setlist from where_opt scanpt
          trigger_cmd ::= * scanpt insert_cmd INTO xfullname idlist_opt select upsert scanpt
          trigger_cmd ::= * DELETE FROM xfullname tridxby where_opt scanpt
          trigger_cmd ::= * scanpt select scanpt
          proc_cmd_list ::= proc_cmd_list * proc_cmd SEMI
          proc_cmd ::= * trigger_cmd
          proc_cmd ::= * CALL fullname LP exprlist RP
          proc_cmd ::= * CALL fullname
          proc_cmd ::= * DECLARE nm typetoken
          proc_cmd ::= * DECLARE nm typetoken DEFAULT expr
          proc_cmd ::= * SET nm EQ expr
          proc_cmd ::= * IF expr THEN proc_cmd_list proc_if_tail END IF
          proc_cmd ::= * WHILE expr DO proc_cmd_list END WHILE
          proc_cmd ::= WHILE expr DO proc_cmd_list * END WHILE
          proc_cmd ::= * LOOP proc_cmd_list END LOOP
          proc_cmd ::= * LEAVE
          proc_cmd ::= * RETURN
          proc_cmd ::= * RAISE LP IGNORE RP
          proc_cmd ::= * RAISE LP raisetype COMMA expr RP
          proc_cmd ::= * scanpt select scanpt INTO idlist

                           END shift        580    
                            IF shift        122    
                         RAISE shift        578    
                          CALL shift        231    
                       DECLARE shift        307    
                         LEAVE shift-reduce 298    proc_cmd ::= LEAVE
                          LOOP shift        46     
                        RETURN shift-reduce 299    proc_cmd ::= RETURN
                         WHILE shift        121    
                        DELETE shift        588    
                        UPDATE shift        416    
                           SET shift        306    
                        scanpt shift        7      
                   trigger_cmd shift        587      /* because trigger_cmd==proc_cmd */
                      proc_cmd shift        587    
                     {default} reduce       30     scanpt ::=

State 179:
     (30) scanpt ::= *
          trigger_cmd ::= * UPDATE orconf xfullname tridxby SET setlist from where_opt scanpt
          trigger_cmd ::= * scanpt insert_cmd INTO xfullname idlist_opt select upsert scanpt
          trigger_cmd ::= * DELETE FROM xfullname tridxby where_opt scanpt
          trigger_cmd ::= * scanpt select scanpt
          proc_cmd_list ::= proc_cmd_list * proc_cmd SEMI
          proc_cmd ::= * trigger_cmd
          proc_cmd ::= * CALL fullname LP exprlist RP
          proc_cmd ::= * CALL fullname
          proc_cmd ::= * DECLARE nm typetoken
          proc_cmd ::= * DECLARE nm typetoken DEFAULT expr
          proc_cmd ::= * SET nm EQ expr
          proc_cmd ::= * IF expr THEN proc_cmd_list proc_if_tail END IF
    (294) proc_if_tail ::= ELSE proc_cmd_list *
          proc_cmd ::= * WHILE expr DO proc_cmd_list END WHILE
          proc_cmd ::= * LOOP proc_cmd_list END LOOP
          proc_cmd ::= * LEAVE
          proc_cmd ::= * RETURN
          proc_cmd ::= * RAISE LP IGNORE RP
          proc_cmd ::= * RAISE LP raisetype COMMA expr RP
          proc_cmd ::= * scanpt select scanpt INTO idlist

                           END reduce       294    proc_if_tail ::= ELSE proc_cmd_list
                            IF shift        122    
                         RAISE shift        578    
                          CALL shift        231    
                       DECLARE shift        307    
                         LEAVE shift-reduce 298    proc_cmd ::= LEAVE
                          LOOP shift        46     
                        RETURN shift-reduce 299    proc_cmd ::= RETURN
                         WHILE shift        121    
                        DELETE shift        588    
                        UPDATE shift        416    
                           SET shift        306    
                        scanpt shift        7      
                   trigger_cmd shift        587      /* because trigger_cmd==proc_cmd */
                      proc_cmd shift        587    
                     {default} reduce       30     scanpt ::=

State 180:
     (30) scanpt ::= *
          trigger_cmd ::= * UPDATE orconf xfullname tridxby SET setlist from where_opt scanpt
          trigger_cmd ::= * scanpt insert_cmd INTO xfullname idlist_opt select upsert scanpt
          trigger_cmd ::= * DELETE FROM xfullname tridxby where_opt scanpt
          trigger_cmd ::= * scanpt select scanpt
          cmd ::= createkw temp PROCEDURE ifnotexists nm dbnm LP procparams RP procreturns procsecurity BEGIN proc_cmd_list * END
          proc_cmd_list ::= proc_cmd_list * proc_cmd SEMI
          proc_cmd ::= * trigger_cmd
          proc_cmd ::= * CALL fullname LP exprlist RP
          proc_cmd ::= * CALL fullname
          proc_cmd ::= * DECLARE nm typetoken
          proc_cmd ::= * DECLARE nm typetoken DEFAULT expr
          proc_cmd ::= * SET nm EQ expr
          proc_cmd ::= * IF expr THEN proc_cmd_list proc_if_tail END IF
          proc_cmd ::= * WHILE expr DO proc_cmd_list END WHILE
          proc_cmd ::= * LOOP proc_cmd_list END LOOP
          proc_cmd ::= * LEAVE
          proc_cmd ::= * RETURN
          proc_cmd ::= * RAISE LP IGNORE RP
          proc_cmd ::= * RAISE LP raisetype COMMA expr RP
          proc_cmd ::= * scanpt select scanpt INTO idlist

                           END shift-reduce 284    cmd ::= createkw temp PROCEDURE ifnotexists nm dbnm LP procparams RP procreturns procsecurity BEGIN proc_cmd_list END
                            IF shift        122    
                         RAISE shift        578    
                          CALL shift        231    
                       DECLARE shift        307    
                         LEAVE shift-reduce 298    proc_cmd ::= LEAVE
                          LOOP shift        46     
                        RETURN shift-reduce 299    proc_cmd ::= RETURN
                         WHILE shift        121    
                        DELETE shift        588    
                        UPDATE shift        416    
                           SET shift        306    
                        scanpt shift        7      
                   trigger_cmd shift        587      /* because trigger_cmd==proc_cmd */
                      proc_cmd shift        587    
                     {default} reduce       30     scanpt ::=

State 181:
          expr ::= expr * COLLATE ID|STRING
          expr ::= expr * AND expr
          expr ::= expr * OR expr
          expr ::= expr * LT|GT|GE|LE expr
    (199) expr ::= expr LT|GT|GE|LE expr *
          expr ::= expr * EQ|NE expr
          expr ::= expr * BITAND|BITOR|LSHIFT|RSHIFT expr
          expr ::= expr * PLUS|MINUS expr
          expr ::= expr * STAR|SLASH|REM expr
          expr ::= expr * CONCAT expr
          likeop ::= * LIKE_KW|MATCH
          likeop ::= * NOT LIKE_KW|MATCH
          expr ::= expr * likeop expr
          expr ::= expr * likeop expr ESCAPE expr
          expr ::= expr * ISNULL|NOTNULL
          expr ::= expr * NOT NULL
          expr ::= expr * IS expr
          expr ::= expr * IS NOT expr
          expr ::= expr * IS NOT DISTINCT FROM expr
          expr ::= expr * IS DISTINCT FROM expr
          expr ::= expr * PTR expr
          between_op ::= * BETWEEN
          between_op ::= * NOT BETWEEN
          expr ::= expr * between_op expr AND expr
          in_op ::= * IN
          in_op ::= * NOT IN
          expr ::= expr * in_op LP exprlist RP
          expr ::= expr * in_op LP select RP
          expr ::= expr * in_op nm dbnm paren_exprlist

                        BITAND shift        161    
                         BITOR shift        161    
                        LSHIFT shift        161    
                        RSHIFT shift        161    
                          PLUS shift        160    
                         MINUS shift        160    
                          STAR shift        159    
                         SLASH shift        159    
                           REM shift        159    
                        CONCAT shift        158    
                           PTR shift        155    
                       COLLATE shift        529    
                        likeop shift        157    
                    between_op shift        154    
                         in_op shift        281    
                     {default} reduce       199    expr ::= expr LT|GT|GE|LE expr

State 182:
          expr ::= expr * COLLATE ID|STRING
          expr ::= expr * AND expr
          expr ::= expr * OR expr
          expr ::= expr * LT|GT|GE|LE expr
          expr ::= expr * EQ|NE expr
          expr ::= expr * BITAND|BITOR|LSHIFT|RSHIFT expr
    (201) expr ::= expr BITAND|BITOR|LSHIFT|RSHIFT expr *
          expr ::= expr * PLUS|MINUS expr
          expr ::= expr * STAR|SLASH|REM expr
          expr ::= expr * CONCAT expr
          likeop ::= * LIKE_KW|MATCH
          likeop ::= * NOT LIKE_KW|MATCH
          expr ::= expr * likeop expr
          expr ::= expr * likeop expr ESCAPE expr
          expr ::= expr * ISNULL|NOTNULL
          expr ::= expr * NOT NULL
          expr ::= expr * IS expr
          expr ::= expr * IS NOT expr
          expr ::= expr * IS NOT DISTINCT FROM expr
          expr ::= expr * IS DISTINCT FROM expr
          expr ::= expr * PTR expr
          between_op ::= * BETWEEN
          between_op ::= * NOT BETWEEN
          expr ::= expr * between_op expr AND expr
          in_op ::= * IN
          in_op ::= * NOT IN
          expr ::= expr * in_op LP exprlist RP
          expr ::= expr * in_op LP select RP
          expr ::= expr * in_op nm dbnm paren_exprlist

                          PLUS shift        160    
                         MINUS shift        160    
                          STAR shift        159    
                         SLASH shift        159    
                           REM shift        159    
                        CONCAT shift        158    
                           PTR shift        155    
                       COLLATE shift        529    
                        likeop shift        157    
                    between_op shift        154    
                         in_op shift        281    
                     {default} reduce       201    expr ::= expr BITAND|BITOR|LSHIFT|RSHIFT expr

State 183:
          expr ::= expr * COLLATE ID|STRING
          expr ::= expr * AND expr
          expr ::= expr * OR expr
          expr ::= expr * LT|GT|GE|LE expr
          expr ::= expr * EQ|NE expr
          expr ::= expr * BITAND|BITOR|LSHIFT|RSHIFT expr
          expr ::= expr * PLUS|MINUS expr
    (202) expr ::= expr PLUS|MINUS expr *
          expr ::= expr * STAR|SLASH|REM expr
          expr ::= expr * CONCAT expr
          likeop ::= * LIKE_KW|MATCH
          likeop ::= * NOT LIKE_KW|MATCH
          expr ::= expr * likeop expr
          expr ::= expr * likeop expr ESCAPE expr
          expr ::= expr * ISNULL|NOTNULL
          expr ::= expr * NOT NULL
          expr ::= expr * IS expr
          expr ::= expr * IS NOT expr
          expr ::= expr * IS NOT DISTINCT FROM expr
          expr ::= expr * IS DISTINCT FROM expr
          expr ::= expr * PTR expr
          between_op ::= * BETWEEN
          between_op ::= * NOT BETWEEN
          expr ::= expr * between_op expr AND expr
          in_op ::= * IN
          in_op ::= * NOT IN
          expr ::= expr * in_op LP exprlist RP
          expr ::= expr * in_op LP select RP
          expr ::= expr * in_op nm dbnm paren_exprlist

                          STAR shift        159    
                         SLASH shift        159    
                           REM shift        159    
                        CONCAT shift        158    
                           PTR shift        155    
                       COLLATE shift        529    
                        likeop shift        157    
                    between_op shift        154    
                         in_op shift        281    
                     {default} reduce       202    expr ::= expr PLUS|MINUS expr

State 184:
          create_table_args ::= LP columnlist conslist_opt RP * table_option_set
     (21) table_option_set ::= *
          table_option_set ::= * table_option
          table_option_set ::= * table_option_set COMMA table_option
          table_option ::= * WITHOUT nm
          table_option ::= * nm
          nm ::= * ID|INDEXED|JOIN_KW
          nm ::= * STRING

                       WITHOUT shift        336    
                            ID shift-reduce 403    nm ::= ID|INDEXED|JOIN_KW
                       INDEXED shift-reduce 403    nm ::= ID|INDEXED|JOIN_KW
                        STRING shift-reduce 404    nm ::= STRING
                       JOIN_KW shift-reduce 403    nm ::= ID|INDEXED|JOIN_KW
                            nm shift-reduce 24     table_option ::= nm
              table_option_set shift        693    
                  table_option shift        693      /* because table_option==table_option_set */
                     {default} reduce       21     table_option_set ::=

State 185:
          create_table ::= createkw * temp TABLE ifnotexists nm dbnm
          temp ::= * TEMP
     (18) temp ::= *
          cmd ::= createkw * temp VIEW ifnotexists nm dbnm eidlist_opt AS select
          cmd ::= createkw * uniqueflag INDEX ifnotexists nm dbnm ON nm LP sortlist RP where_opt
          uniqueflag ::= * UNIQUE
    (241) uniqueflag ::= *
          cmd ::= createkw * trigger_decl BEGIN trigger_cmd_list END
          trigger_decl ::= * temp TRIGGER ifnotexists nm dbnm trigger_time trigger_event ON fullname foreach_clause when_clause
          cmd ::= createkw * temp PROCEDURE ifnotexists nm dbnm LP procparams RP procreturns procsecurity BEGIN proc_cmd_list END
          create_vtab ::= createkw * VIRTUAL TABLE ifnotexists nm dbnm USING nm

                          TEMP shift-reduce 17     temp ::= TEMP
                       VIRTUAL shift        557    
                        UNIQUE shift-reduce 240    uniqueflag ::= UNIQUE
                         INDEX reduce       241    uniqueflag ::=
                          temp shift        487    
                    uniqueflag shift        563    
                  trigger_decl shift        560    
                     {default} reduce       18     temp ::=

State 186:
          refargs ::= refargs * refarg
          refarg ::= * MATCH nm
          refarg ::= * ON INSERT refact
          refarg ::= * ON DELETE refact
          refarg ::= * ON UPDATE refact
          defer_subclause ::= * NOT DEFERRABLE init_deferred_pred_opt
          defer_subclause ::= * DEFERRABLE init_deferred_pred_opt
          tcons ::= FOREIGN KEY LP eidlist RP REFERENCES nm eidlist_opt refargs * defer_subclause_opt
     (72) defer_subclause_opt ::= *
          defer_subclause_opt ::= * defer_subclause

                           NOT shift        618    
                         MATCH shift        322    
                            ON shift        490    
                    DEFERRABLE shift        432    
               defer_subclause shift-reduce 71     tcons ::= FOREIGN KEY LP eidlist RP REFERENCES nm eidlist_opt refargs defer_subclause_opt  /* because defer_subclause==defer_subclause_opt */
                        refarg shift-reduce 50     refargs ::= refargs refarg
           defer_subclause_opt shift-reduce 71     tcons ::= FOREIGN KEY LP eidlist RP REFERENCES nm eidlist_opt refargs defer_subclause_opt
                     {default} reduce       72     defer_subclause_opt ::=

State 187:
          nm ::= * ID|INDEXED|JOIN_KW
          nm ::= * STRING
          wqitem ::= * withnm eidlist_opt wqas LP select RP
          withnm ::= * nm
          wqlist ::= wqlist COMMA * wqitem

                            ID shift-reduce 403    nm ::= ID|INDEXED|JOIN_KW
                       INDEXED shift-reduce 403    nm ::= ID|INDEXED|JOIN_KW
                        STRING shift-reduce 404    nm ::= STRING
                       JOIN_KW shift-reduce 403    nm ::= ID|INDEXED|JOIN_KW
                            nm shift-reduce 355    withnm ::= nm
                        wqitem shift-reduce 357    wqlist ::= wqlist COMMA wqitem
                        withnm shift        446    

State 188:
          nm ::= * ID|INDEXED|JOIN_KW
          nm ::= * STRING
          windowdefn_list ::= * windowdefn
          windowdefn_list ::= * windowdefn_list COMMA windowdefn
          windowdefn ::= * nm AS LP window RP
          window_clause ::= WINDOW * windowdefn_list

                            ID shift-reduce 403    nm ::= ID|INDEXED|JOIN_KW
                       INDEXED shift-reduce 403    nm ::= ID|INDEXED|JOIN_KW
                        STRING shift-reduce 404    nm ::= STRING
                       JOIN_KW shift-reduce 403    nm ::= ID|INDEXED|JOIN_KW
                            nm shift        665    
               windowdefn_list shift        666    
                    windowdefn shift        666      /* because windowdefn==windowdefn_list */

State 189:
          typetoken ::= typename LP signed COMMA * signed RP
          signed ::= * plus_num
          signed ::= * minus_num
          plus_num ::= * PLUS INTEGER|FLOAT
          plus_num ::= * INTEGER|FLOAT
          minus_num ::= * MINUS INTEGER|FLOAT

                          PLUS shift        526    
                         MINUS shift        525    
                         FLOAT shift-reduce 435    plus_num ::= INTEGER|FLOAT
                       INTEGER shift-reduce 435    plus_num ::= INTEGER|FLOAT
                        signed shift        685    
                      plus_num shift        685      /* because plus_num==signed */
                     minus_num shift        685      /* because minus_num==signed */

State 190:
          typetoken ::= typename LP * signed RP
          typetoken ::= typename LP * signed COMMA signed RP
          signed ::= * plus_num
          signed ::= * minus_num
          plus_num ::= * PLUS INTEGER|FLOAT
          plus_num ::= * INTEGER|FLOAT
          minus_num ::= * MINUS INTEGER|FLOAT

                          PLUS shift        526    
                         MINUS shift        525    
                         FLOAT shift-reduce 435    plus_num ::= INTEGER|FLOAT
                       INTEGER shift-reduce 435    plus_num ::= INTEGER|FLOAT
                        signed shift        527    
                      plus_num shift        527      /* because plus_num==signed */
                     minus_num shift        527      /* because minus_num==signed */

State 191:
          create_table_args ::= LP * columnlist conslist_opt RP table_option_set
          columnlist ::= * columnlist COMMA columnname carglist
          columnlist ::= * columnname carglist
          columnname ::= * nm typetoken
          nm ::= * ID|INDEXED|JOIN_KW
          nm ::= * STRING

                            ID shift-reduce 403    nm ::= ID|INDEXED|JOIN_KW
                       INDEXED shift-reduce 403    nm ::= ID|INDEXED|JOIN_KW
                        STRING shift-reduce 404    nm ::= STRING
                       JOIN_KW shift-reduce 403    nm ::= ID|INDEXED|JOIN_KW
                            nm shift        260    
                    columnlist shift        461    
                    columnname shift        477    

State 192:
          expr ::= expr * COLLATE ID|STRING
          expr ::= expr * AND expr
          expr ::= expr * OR expr
          expr ::= expr * LT|GT|GE|LE expr
          expr ::= expr * EQ|NE expr
          expr ::= expr * BITAND|BITOR|LSHIFT|RSHIFT expr
          expr ::= expr * PLUS|MINUS expr
          expr ::= expr * STAR|SLASH|REM expr
    (203) expr ::= expr STAR|SLASH|REM expr *
          expr ::= expr * CONCAT expr
          likeop ::= * LIKE_KW|MATCH
          likeop ::= * NOT LIKE_KW|MATCH
          expr ::= expr * likeop expr
          expr ::= expr * likeop expr ESCAPE expr
          expr ::= expr * ISNULL|NOTNULL
          expr ::= expr * NOT NULL
          expr ::= expr * IS expr
          expr ::= expr * IS NOT expr
          expr ::= expr * IS NOT DISTINCT FROM expr
          expr ::= expr * IS DISTINCT FROM expr
          expr ::= expr * PTR expr
          between_op ::= * BETWEEN
          between_op ::= * NOT BETWEEN
          expr ::= expr * between_op expr AND expr
          in_op ::= * IN
          in_op ::= * NOT IN
          expr ::= expr * in_op LP exprlist RP
          expr ::= expr * in_op LP select RP
          expr ::= expr * in_op nm dbnm paren_exprlist

                        CONCAT shift        158    
                           PTR shift        155    
                       COLLATE shift        529    
                        likeop shift        157    
                    between_op shift        154    
                         in_op shift        281    
                     {default} reduce       203    expr ::= expr STAR|SLASH|REM expr

State 193:
     (30) scanpt ::= *
          cmd ::= createkw trigger_decl BEGIN * trigger_cmd_list END
          trigger_cmd_list ::= * trigger_cmd_list trigger_cmd SEMI
          trigger_cmd_list ::= * trigger_cmd SEMI
          trigger_cmd ::= * UPDATE orconf xfullname tridxby SET setlist from where_opt scanpt
          trigger_cmd ::= * scanpt insert_cmd INTO xfullname idlist_opt select upsert scanpt
          trigger_cmd ::= * DELETE FROM xfullname tridxby where_opt scanpt
          trigger_cmd ::= * scanpt select scanpt

                        DELETE shift        588    
                        UPDATE shift        416    
                        scanpt shift        6      
              trigger_cmd_list shift        249    
                   trigger_cmd shift        558    
                     {default} reduce       30     scanpt ::=

State 194:
    (191) expr ::= ID|INDEXED|JOIN_KW LP STAR RP *
          expr ::= ID|INDEXED|JOIN_KW LP STAR RP * filter_over
          filter_over ::= * filter_clause over_clause
          filter_over ::= * over_clause
          filter_over ::= * filter_clause
          over_clause ::= * OVER LP window RP
          over_clause ::= * OVER nm
          filter_clause ::= * FILTER LP WHERE expr RP

                          OVER shift        276    
                        FILTER shift        637    
                   filter_over shift-reduce 194    expr ::= ID|INDEXED|JOIN_KW LP STAR RP filter_over
                 filter_clause shift        442    
                   over_clause shift-reduce 382    filter_over ::= over_clause
                     {default} reduce       191    expr ::= ID|INDEXED|JOIN_KW LP STAR RP

State 195:
    (190) expr ::= ID|INDEXED|JOIN_KW LP distinct exprlist ORDER BY sortlist RP *
          expr ::= ID|INDEXED|JOIN_KW LP distinct exprlist ORDER BY sortlist RP * filter_over
          filter_over ::= * filter_clause over_clause
          filter_over ::= * over_clause
          filter_over ::= * filter_clause
          over_clause ::= * OVER LP window RP
          over_clause ::= * OVER nm
          filter_clause ::= * FILTER LP WHERE expr RP

                          OVER shift        276    
                        FILTER shift        637    
                   filter_over shift-reduce 193    expr ::= ID|INDEXED|JOIN_KW LP distinct exprlist ORDER BY sortlist RP filter_over
                 filter_clause shift        442    
                   over_clause shift-reduce 382    filter_over ::= over_clause
                     {default} reduce       190    expr ::= ID|INDEXED|JOIN_KW LP distinct exprlist ORDER BY sortlist RP

State 196:
    (189) expr ::= ID|INDEXED|JOIN_KW LP distinct exprlist RP *
          expr ::= ID|INDEXED|JOIN_KW LP distinct exprlist RP * filter_over
          filter_over ::= * filter_clause over_clause
          filter_over ::= * over_clause
          filter_over ::= * filter_clause
          over_clause ::= * OVER LP window RP
          over_clause ::= * OVER nm
          filter_clause ::= * FILTER LP WHERE expr RP

                          OVER shift        276    
                        FILTER shift        637    
                   filter_over shift-reduce 192    expr ::= ID|INDEXED|JOIN_KW LP distinct exprlist RP filter_over
                 filter_clause shift        442    
                   over_clause shift-reduce 382    filter_over ::= over_clause
                     {default} reduce       189    expr ::= ID|INDEXED|JOIN_KW LP distinct exprlist RP

State 197:
          selectnowith ::= selectnowith multiselect_op * oneselect
          oneselect ::= * SELECT distinct selcollist from where_opt groupby_opt having_opt orderby_opt limit_opt
          oneselect ::= * SELECT distinct selcollist from where_opt groupby_opt having_opt window_clause orderby_opt limit_opt
          oneselect ::= * values
          values ::= * VALUES LP nexprlist RP
          oneselect ::= * mvalues
          mvalues ::= * values COMMA LP nexprlist RP
          mvalues ::= * mvalues COMMA LP nexprlist RP

                        SELECT shift        384    
                        VALUES shift        682    
                     oneselect shift-reduce 88     selectnowith ::= selectnowith multiselect_op oneselect
                        values shift        688    
                       mvalues shift        677    

State 198:
          expr ::= expr * COLLATE ID|STRING
          expr ::= expr * AND expr
          expr ::= expr * OR expr
          expr ::= expr * LT|GT|GE|LE expr
          expr ::= expr * EQ|NE expr
          expr ::= expr * BITAND|BITOR|LSHIFT|RSHIFT expr
          expr ::= expr * PLUS|MINUS expr
          expr ::= expr * STAR|SLASH|REM expr
          expr ::= expr * CONCAT expr
          likeop ::= * LIKE_KW|MATCH
          likeop ::= * NOT LIKE_KW|MATCH
          expr ::= expr * likeop expr
          expr ::= expr * likeop expr ESCAPE expr
          expr ::= expr * ISNULL|NOTNULL
          expr ::= expr * NOT NULL
          expr ::= expr * IS expr
          expr ::= expr * IS NOT expr
          expr ::= expr * IS NOT DISTINCT FROM expr
          expr ::= expr * IS DISTINCT FROM expr
          expr ::= expr * PTR expr
    (217) expr ::= expr PTR expr *
          between_op ::= * BETWEEN
          between_op ::= * NOT BETWEEN
          expr ::= expr * between_op expr AND expr
          in_op ::= * IN
          in_op ::= * NOT IN
          expr ::= expr * in_op LP exprlist RP
          expr ::= expr * in_op LP select RP
          expr ::= expr * in_op nm dbnm paren_exprlist

                       COLLATE shift        529    
                        likeop shift        157    
                    between_op shift        154    
                         in_op shift        281    
                     {default} reduce       217    expr ::= expr PTR expr

State 199:
          expr ::= expr * COLLATE ID|STRING
          expr ::= expr * AND expr
          expr ::= expr * OR expr
          expr ::= expr * LT|GT|GE|LE expr
          expr ::= expr * EQ|NE expr
          expr ::= expr * BITAND|BITOR|LSHIFT|RSHIFT expr
          expr ::= expr * PLUS|MINUS expr
          expr ::= expr * STAR|SLASH|REM expr
          expr ::= expr * CONCAT expr
    (204) expr ::= expr CONCAT expr *
          likeop ::= * LIKE_KW|MATCH
          likeop ::= * NOT LIKE_KW|MATCH
          expr ::= expr * likeop expr
          expr ::= expr * likeop expr ESCAPE expr
          expr ::= expr * ISNULL|NOTNULL
          expr ::= expr * NOT NULL
          expr ::= expr * IS expr
          expr ::= expr * IS NOT expr
          expr ::= expr * IS NOT DISTINCT FROM expr
          expr ::= expr * IS DISTINCT FROM expr
          expr ::= expr * PTR expr
          between_op ::= * BETWEEN
          between_op ::= * NOT BETWEEN
          expr ::= expr * between_op expr AND expr
          in_op ::= * IN
          in_op ::= * NOT IN
          expr ::= expr * in_op LP exprlist RP
          expr ::= expr * in_op LP select RP
          expr ::= expr * in_op nm dbnm paren_exprlist

                       COLLATE shift        529    
                        likeop shift        157    
                    between_op shift        154    
                         in_op shift        281    
                     {default} reduce       204    expr ::= expr CONCAT expr

State 200:
          expr ::= expr * COLLATE ID|STRING
          expr ::= expr * AND expr
          expr ::= expr * OR expr
          expr ::= expr * LT|GT|GE|LE expr
          expr ::= expr * EQ|NE expr
          expr ::= expr * BITAND|BITOR|LSHIFT|RSHIFT expr
          expr ::= expr * PLUS|MINUS expr
          expr ::= expr * STAR|SLASH|REM expr
          expr ::= expr * CONCAT expr
          likeop ::= * LIKE_KW|MATCH
          likeop ::= * NOT LIKE_KW|MATCH
          expr ::= expr * likeop expr
          expr ::= expr * likeop expr ESCAPE expr
          expr ::= expr * ISNULL|NOTNULL
          expr ::= expr * NOT NULL
          expr ::= expr * IS expr
          expr ::= expr * IS NOT expr
          expr ::= expr * IS NOT DISTINCT FROM expr
          expr ::= expr * IS DISTINCT FROM expr
    (216) expr ::= PLUS|MINUS expr *
          expr ::= expr * PTR expr
          between_op ::= * BETWEEN
          between_op ::= * NOT BETWEEN
          expr ::= expr * between_op expr AND expr
          in_op ::= * IN
          in_op ::= * NOT IN
          expr ::= expr * in_op LP exprlist RP
          expr ::= expr * in_op LP select RP
          expr ::= expr * in_op nm dbnm paren_exprlist

                        likeop shift        157    
                    between_op shift        154    
                         in_op shift        281    
                     {default} reduce       216    expr ::= PLUS|MINUS expr

State 201:
          expr ::= expr * COLLATE ID|STRING
          expr ::= expr * AND expr
          expr ::= expr * OR expr
          expr ::= expr * LT|GT|GE|LE expr
          expr ::= expr * EQ|NE expr
          expr ::= expr * BITAND|BITOR|LSHIFT|RSHIFT expr
          expr ::= expr * PLUS|MINUS expr
          expr ::= expr * STAR|SLASH|REM expr
          expr ::= expr * CONCAT expr
          likeop ::= * LIKE_KW|MATCH
          likeop ::= * NOT LIKE_KW|MATCH
          expr ::= expr * likeop expr
          expr ::= expr * likeop expr ESCAPE expr
          expr ::= expr * ISNULL|NOTNULL
          expr ::= expr * NOT NULL
          expr ::= expr * IS expr
          expr ::= expr * IS NOT expr
          expr ::= expr * IS NOT DISTINCT FROM expr
          expr ::= expr * IS DISTINCT FROM expr
    (215) expr ::= BITNOT expr *
          expr ::= expr * PTR expr
          between_op ::= * BETWEEN
          between_op ::= * NOT BETWEEN
          expr ::= expr * between_op expr AND expr
          in_op ::= * IN
          in_op ::= * NOT IN
          expr ::= expr * in_op LP exprlist RP
          expr ::= expr * in_op LP select RP
          expr ::= expr * in_op nm dbnm paren_exprlist

                        likeop shift        157    
                    between_op shift        154    
                         in_op shift        281    
                     {default} reduce       215    expr ::= BITNOT expr

State 202:
          carglist ::= carglist * ccons
          ccons ::= * CONSTRAINT nm
          ccons ::= * DEFAULT scantok term
          ccons ::= * DEFAULT LP expr RP
          ccons ::= * DEFAULT PLUS scantok term
          ccons ::= * DEFAULT MINUS scantok term
          ccons ::= * DEFAULT scantok ID|INDEXED
          ccons ::= * NULL onconf
          ccons ::= * NOT NULL onconf
          ccons ::= * PRIMARY KEY sortorder onconf autoinc
          ccons ::= * UNIQUE onconf
          ccons ::= * CHECK LP expr RP
          ccons ::= * REFERENCES nm eidlist_opt refargs
          ccons ::= * defer_subclause
          ccons ::= * COLLATE ID|STRING
          ccons ::= * GENERATED ALWAYS AS generated
          ccons ::= * AS generated
          defer_subclause ::= * NOT DEFERRABLE init_deferred_pred_opt
          defer_subclause ::= * DEFERRABLE init_deferred_pred_opt
    (333) cmd ::= alter_add carglist *

                           NOT shift        515    
                            AS shift        433    
                     GENERATED shift        629    
                       COLLATE shift        512    
                    CONSTRAINT shift        335    
                       DEFAULT shift        353    
                          NULL shift        441    
                       PRIMARY shift        632    
                        UNIQUE shift        436    
                         CHECK shift        631    
                    REFERENCES shift        323    
                    DEFERRABLE shift        432    
                         ccons shift-reduce 409    carglist ::= carglist ccons
               defer_subclause shift-reduce 43     ccons ::= defer_subclause
                     {default} reduce       333    cmd ::= alter_add carglist

State 203:
    (402) columnlist ::= columnname carglist *
          carglist ::= carglist * ccons
          ccons ::= * CONSTRAINT nm
          ccons ::= * DEFAULT scantok term
          ccons ::= * DEFAULT LP expr RP
          ccons ::= * DEFAULT PLUS scantok term
          ccons ::= * DEFAULT MINUS scantok term
          ccons ::= * DEFAULT scantok ID|INDEXED
          ccons ::= * NULL onconf
          ccons ::= * NOT NULL onconf
          ccons ::= * PRIMARY KEY sortorder onconf autoinc
          ccons ::= * UNIQUE onconf
          ccons ::= * CHECK LP expr RP
          ccons ::= * REFERENCES nm eidlist_opt refargs
          ccons ::= * defer_subclause
          ccons ::= * COLLATE ID|STRING
          ccons ::= * GENERATED ALWAYS AS generated
          ccons ::= * AS generated
          defer_subclause ::= * NOT DEFERRABLE init_deferred_pred_opt
          defer_subclause ::= * DEFERRABLE init_deferred_pred_opt

                           NOT shift        515    
                            AS shift        433    
                     GENERATED shift        629    
                       COLLATE shift        512    
                    CONSTRAINT shift        335    
                       DEFAULT shift        353    
                          NULL shift        441    
                       PRIMARY shift        632    
                        UNIQUE shift        436    
                         CHECK shift        631    
                    REFERENCES shift        323    
                    DEFERRABLE shift        432    
                         ccons shift-reduce 409    carglist ::= carglist ccons
               defer_subclause shift-reduce 43     ccons ::= defer_subclause
                     {default} reduce       402    columnlist ::= columnname carglist

State 204:
    (401) columnlist ::= columnlist COMMA columnname carglist *
          carglist ::= carglist * ccons
          ccons ::= * CONSTRAINT nm
          ccons ::= * DEFAULT scantok term
          ccons ::= * DEFAULT LP expr RP
          ccons ::= * DEFAULT PLUS scantok term
          ccons ::= * DEFAULT MINUS scantok term
          ccons ::= * DEFAULT scantok ID|INDEXED
          ccons ::= * NULL onconf
          ccons ::= * NOT NULL onconf
          ccons ::= * PRIMARY KEY sortorder onconf autoinc
          ccons ::= * UNIQUE onconf
          ccons ::= * CHECK LP expr RP
          ccons ::= * REFERENCES nm eidlist_opt refargs
          ccons ::= * defer_subclause
          ccons ::= * COLLATE ID|STRING
          ccons ::= * GENERATED ALWAYS AS generated
          ccons ::= * AS generated
          defer_subclause ::= * NOT DEFERRABLE init_deferred_pred_opt
          defer_subclause ::= * DEFERRABLE init_deferred_pred_opt

                           NOT shift        515    
                            AS shift        433    
                     GENERATED shift        629    
                       COLLATE shift        512    
                    CONSTRAINT shift        335    
                       DEFAULT shift        353    
                          NULL shift        441    
                       PRIMARY shift        632    
                        UNIQUE shift        436    
                         CHECK shift        631    
                    REFERENCES shift        323    
                    DEFERRABLE shift        432    
                         ccons shift-reduce 409    carglist ::= carglist ccons
               defer_subclause shift-reduce 43     ccons ::= defer_subclause
                     {default} reduce       401    columnlist ::= columnlist COMMA columnname carglist

State 205:
          nm ::= * ID|INDEXED|JOIN_KW
          nm ::= * STRING
          cmd ::= VACUUM * vinto
          cmd ::= VACUUM * nm vinto
          vinto ::= * INTO expr
    (252) vinto ::= *

                            ID shift-reduce 403    nm ::= ID|INDEXED|JOIN_KW
                       INDEXED shift-reduce 403    nm ::= ID|INDEXED|JOIN_KW
                        STRING shift-reduce 404    nm ::= STRING
                       JOIN_KW shift-reduce 403    nm ::= ID|INDEXED|JOIN_KW
                          INTO shift        117    
                            nm shift        395    
                         vinto shift-reduce 249    cmd ::= VACUUM vinto
                     {default} reduce       252    vinto ::=

State 206:
          nm ::= * ID|INDEXED|JOIN_KW
          nm ::= * STRING
          cmd ::= with UPDATE orconf xfullname indexed_opt SET * setlist from where_opt_ret
          setlist ::= * setlist COMMA nm EQ expr
          setlist ::= * setlist COMMA LP idlist RP EQ expr
          setlist ::= * nm EQ expr
          setlist ::= * LP idlist RP EQ expr

                            LP shift        236    
                            ID shift-reduce 403    nm ::= ID|INDEXED|JOIN_KW
                       INDEXED shift-reduce 403    nm ::= ID|INDEXED|JOIN_KW
                        STRING shift-reduce 404    nm ::= STRING
                       JOIN_KW shift-reduce 403    nm ::= ID|INDEXED|JOIN_KW
                            nm shift        599    
                       setlist shift        359    

State 207:
          nm ::= * ID|INDEXED|JOIN_KW
          nm ::= * STRING
          setlist ::= * setlist COMMA nm EQ expr
          setlist ::= * setlist COMMA LP idlist RP EQ expr
          setlist ::= * nm EQ expr
          setlist ::= * LP idlist RP EQ expr
          upsert ::= ON CONFLICT DO UPDATE SET * setlist where_opt returning

                            LP shift        236    
                            ID shift-reduce 403    nm ::= ID|INDEXED|JOIN_KW
                       INDEXED shift-reduce 403    nm ::= ID|INDEXED|JOIN_KW
                        STRING shift-reduce 404    nm ::= STRING
                       JOIN_KW shift-reduce 403    nm ::= ID|INDEXED|JOIN_KW
                            nm shift        599    
                       setlist shift        362    

State 208:
          nm ::= * ID|INDEXED|JOIN_KW
          nm ::= * STRING
          setlist ::= * setlist COMMA nm EQ expr
          setlist ::= * setlist COMMA LP idlist RP EQ expr
          setlist ::= * nm EQ expr
          setlist ::= * LP idlist RP EQ expr
          upsert ::= ON CONFLICT LP sortlist RP where_opt DO UPDATE SET * setlist where_opt upsert

                            LP shift        236    
                            ID shift-reduce 403    nm ::= ID|INDEXED|JOIN_KW
                       INDEXED shift-reduce 403    nm ::= ID|INDEXED|JOIN_KW
                        STRING shift-reduce 404    nm ::= STRING
                       JOIN_KW shift-reduce 403    nm ::= ID|INDEXED|JOIN_KW
                            nm shift        599    
                       setlist shift        365    

State 209:
          nm ::= * ID|INDEXED|JOIN_KW
          nm ::= * STRING
          setlist ::= * setlist COMMA nm EQ expr
          setlist ::= * setlist COMMA LP idlist RP EQ expr
          setlist ::= * nm EQ expr
          setlist ::= * LP idlist RP EQ expr
          trigger_cmd ::= UPDATE orconf xfullname tridxby SET * setlist from where_opt scanpt

                            LP shift        236    
                            ID shift-reduce 403    nm ::= ID|INDEXED|JOIN_KW
                       INDEXED shift-reduce 403    nm ::= ID|INDEXED|JOIN_KW
                        STRING shift-reduce 404    nm ::= STRING
                       JOIN_KW shift-reduce 403    nm ::= ID|INDEXED|JOIN_KW
                            nm shift        599    
                       setlist shift        367    

State 210:
          orconf ::= OR * resolvetype
          resolvetype ::= * raisetype
          resolvetype ::= * IGNORE
          resolvetype ::= * REPLACE
          raisetype ::= * ROLLBACK
          raisetype ::= * ABORT
          raisetype ::= * FAIL

                      ROLLBACK shift-reduce 280    raisetype ::= ROLLBACK
                         ABORT shift-reduce 281    raisetype ::= ABORT
                          FAIL shift-reduce 282    raisetype ::= FAIL
                        IGNORE shift-reduce 77     resolvetype ::= IGNORE
                       REPLACE shift-reduce 78     resolvetype ::= REPLACE
                   resolvetype shift-reduce 76     orconf ::= OR resolvetype
                     raisetype shift-reduce 76     orconf ::= OR resolvetype  /* because raisetype==resolvetype */

State 211:
          onconf ::= ON CONFLICT * resolvetype
          resolvetype ::= * raisetype
          resolvetype ::= * IGNORE
          resolvetype ::= * REPLACE
          raisetype ::= * ROLLBACK
          raisetype ::= * ABORT
          raisetype ::= * FAIL

                      ROLLBACK shift-reduce 280    raisetype ::= ROLLBACK
                         ABORT shift-reduce 281    raisetype ::= ABORT
                          FAIL shift-reduce 282    raisetype ::= FAIL
                        IGNORE shift-reduce 77     resolvetype ::= IGNORE
                       REPLACE shift-reduce 78     resolvetype ::= REPLACE
                   resolvetype shift-reduce 74     onconf ::= ON CONFLICT resolvetype
                     raisetype shift-reduce 74     onconf ::= ON CONFLICT resolvetype  /* because raisetype==resolvetype */

State 212:
          window ::= nm * PARTITION BY nexprlist orderby_opt frame_opt
          window ::= nm * ORDER BY sortlist frame_opt
          window ::= nm * frame_opt
    (365) frame_opt ::= *
          frame_opt ::= * range_or_rows frame_bound_s frame_exclude_opt
          frame_opt ::= * range_or_rows BETWEEN frame_bound_s AND frame_bound_e frame_exclude_opt
          range_or_rows ::= * RANGE|ROWS|GROUPS

                          ROWS shift-reduce 368    range_or_rows ::= RANGE|ROWS|GROUPS
                     PARTITION shift        655    
                         RANGE shift-reduce 368    range_or_rows ::= RANGE|ROWS|GROUPS
                        GROUPS shift-reduce 368    range_or_rows ::= RANGE|ROWS|GROUPS
                         ORDER shift        654    
                     frame_opt shift-reduce 364    window ::= nm frame_opt
                 range_or_rows shift        8      
                     {default} reduce       365    frame_opt ::=

State 213:
          table_option_set ::= table_option_set COMMA * table_option
          table_option ::= * WITHOUT nm
          table_option ::= * nm
          nm ::= * ID|INDEXED|JOIN_KW
          nm ::= * STRING

                       WITHOUT shift        336    
                            ID shift-reduce 403    nm ::= ID|INDEXED|JOIN_KW
                       INDEXED shift-reduce 403    nm ::= ID|INDEXED|JOIN_KW
                        STRING shift-reduce 404    nm ::= STRING
                       JOIN_KW shift-reduce 403    nm ::= ID|INDEXED|JOIN_KW
                            nm shift-reduce 24     table_option ::= nm
                  table_option shift-reduce 22     table_option_set ::= table_option_set COMMA table_option

State 214:
    (444) vtabarglist ::= vtabarg *
          vtabarg ::= vtabarg * vtabargtoken
          vtabargtoken ::= * ANY
          vtabargtoken ::= * lp anylist RP
          lp ::= * LP

                            LP shift-reduce 348    lp ::= LP
                            RP reduce       444    vtabarglist ::= vtabarg
                         COMMA reduce       444    vtabarglist ::= vtabarg
                           ANY shift-reduce 346    vtabargtoken ::= ANY
                  vtabargtoken shift-reduce 446    vtabarg ::= vtabarg vtabargtoken
                            lp shift        468    

State 215:
    (445) vtabarglist ::= vtabarglist COMMA vtabarg *
          vtabarg ::= vtabarg * vtabargtoken
          vtabargtoken ::= * ANY
          vtabargtoken ::= * lp anylist RP
          lp ::= * LP

                            LP shift-reduce 348    lp ::= LP
                            RP reduce       445    vtabarglist ::= vtabarglist COMMA vtabarg
                         COMMA reduce       445    vtabarglist ::= vtabarglist COMMA vtabarg
                           ANY shift-reduce 346    vtabargtoken ::= ANY
                  vtabargtoken shift-reduce 446    vtabarg ::= vtabarg vtabargtoken
                            lp shift        468    

State 216:
          nm ::= * ID|INDEXED|JOIN_KW
          nm ::= * STRING
          fullname ::= * nm
          fullname ::= * nm DOT nm
          cmd ::= ALTER TABLE * fullname RENAME TO nm
          alter_add ::= ALTER TABLE * fullname ADD kwcolumn_opt nm typetoken
          cmd ::= ALTER TABLE * fullname DROP kwcolumn_opt nm
          cmd ::= ALTER TABLE * fullname RENAME kwcolumn_opt nm TO nm
          cmd ::= ALTER TABLE * fullname DROP CONSTRAINT nm
          cmd ::= ALTER TABLE * fullname ALTER kwcolumn_opt nm DROP NOT NULL
          cmd ::= ALTER TABLE * fullname ALTER kwcolumn_opt nm SET NOT NULL onconf
          cmd ::= ALTER TABLE * fullname ADD CONSTRAINT nm CHECK LP expr RP onconf
          cmd ::= ALTER TABLE * fullname ADD CHECK LP expr RP onconf

                            ID shift-reduce 403    nm ::= ID|INDEXED|JOIN_KW
                       INDEXED shift-reduce 403    nm ::= ID|INDEXED|JOIN_KW
                        STRING shift-reduce 404    nm ::= STRING
                       JOIN_KW shift-reduce 403    nm ::= ID|INDEXED|JOIN_KW
                            nm shift        613    
                      fullname shift        486    

State 217:
          nm ::= * ID|INDEXED|JOIN_KW
          nm ::= * STRING
          projlist ::= * nm
          projlist ::= * projlist COMMA nm
          cmd ::= CALL fullname RETURNING * projlist

                            ID shift-reduce 403    nm ::= ID|INDEXED|JOIN_KW
                       INDEXED shift-reduce 403    nm ::= ID|INDEXED|JOIN_KW
                        STRING shift-reduce 404    nm ::= STRING
                       JOIN_KW shift-reduce 403    nm ::= ID|INDEXED|JOIN_KW
                            nm shift-reduce 320    projlist ::= nm
                      projlist shift        543    

State 218:
          nm ::= * ID|INDEXED|JOIN_KW
          nm ::= * STRING
          projlist ::= * nm
          projlist ::= * projlist COMMA nm
          cmd ::= CALL fullname LP exprlist RP RETURNING * projlist

                            ID shift-reduce 403    nm ::= ID|INDEXED|JOIN_KW
                       INDEXED shift-reduce 403    nm ::= ID|INDEXED|JOIN_KW
                        STRING shift-reduce 404    nm ::= STRING
                       JOIN_KW shift-reduce 403    nm ::= ID|INDEXED|JOIN_KW
                            nm shift-reduce 320    projlist ::= nm
                      projlist shift        544    

State 219:
          nm ::= * ID|INDEXED|JOIN_KW
          nm ::= * STRING
          fullname ::= * nm
          fullname ::= * nm DOT nm
          cmd ::= CALL * fullname LP exprlist RP
          cmd ::= CALL * fullname
          cmd ::= CALL * fullname LP exprlist RP RETURNING projlist
          cmd ::= CALL * fullname RETURNING projlist

                            ID shift-reduce 403    nm ::= ID|INDEXED|JOIN_KW
                       INDEXED shift-reduce 403    nm ::= ID|INDEXED|JOIN_KW
                        STRING shift-reduce 404    nm ::= STRING
                       JOIN_KW shift-reduce 403    nm ::= ID|INDEXED|JOIN_KW
                            nm shift        613    
                      fullname shift        494    

State 220:
          nm ::= * ID|INDEXED|JOIN_KW
          nm ::= * STRING
          xfullname ::= * nm
          xfullname ::= * nm DOT nm
          xfullname ::= * nm AS nm
          xfullname ::= * nm DOT nm AS nm
          cmd ::= with insert_cmd INTO * xfullname idlist_opt select upsert
          cmd ::= with insert_cmd INTO * xfullname idlist_opt DEFAULT VALUES returning

                            ID shift-reduce 403    nm ::= ID|INDEXED|JOIN_KW
                       INDEXED shift-reduce 403    nm ::= ID|INDEXED|JOIN_KW
                        STRING shift-reduce 404    nm ::= STRING
                       JOIN_KW shift-reduce 403    nm ::= ID|INDEXED|JOIN_KW
                            nm shift        508    
                     xfullname shift        397    

State 221:
          nm ::= * ID|INDEXED|JOIN_KW
          nm ::= * STRING
          xfullname ::= * nm
          xfullname ::= * nm DOT nm
          xfullname ::= * nm AS nm
          xfullname ::= * nm DOT nm AS nm
          cmd ::= with UPDATE orconf * xfullname indexed_opt SET setlist from where_opt_ret

                            ID shift-reduce 403    nm ::= ID|INDEXED|JOIN_KW
                       INDEXED shift-reduce 403    nm ::= ID|INDEXED|JOIN_KW
                        STRING shift-reduce 404    nm ::= STRING
                       JOIN_KW shift-reduce 403    nm ::= ID|INDEXED|JOIN_KW
                            nm shift        508    
                     xfullname shift        255    

State 222:
          nm ::= * ID|INDEXED|JOIN_KW
          nm ::= * STRING
          xfullname ::= * nm
          xfullname ::= * nm DOT nm
          xfullname ::= * nm AS nm
          xfullname ::= * nm DOT nm AS nm
          cmd ::= with DELETE FROM * xfullname indexed_opt where_opt_ret

                            ID shift-reduce 403    nm ::= ID|INDEXED|JOIN_KW
                       INDEXED shift-reduce 403    nm ::= ID|INDEXED|JOIN_KW
                        STRING shift-reduce 404    nm ::= STRING
                       JOIN_KW shift-reduce 403    nm ::= ID|INDEXED|JOIN_KW
                            nm shift        508    
                     xfullname shift        256    

State 223:
          nm ::= * ID|INDEXED|JOIN_KW
          nm ::= * STRING
          fullname ::= * nm
          fullname ::= * nm DOT nm
          cmd ::= DROP PROCEDURE ifexists * fullname

                            ID shift-reduce 403    nm ::= ID|INDEXED|JOIN_KW
                       INDEXED shift-reduce 403    nm ::= ID|INDEXED|JOIN_KW
                        STRING shift-reduce 404    nm ::= STRING
                       JOIN_KW shift-reduce 403    nm ::= ID|INDEXED|JOIN_KW
                            nm shift        613    
                      fullname shift-reduce 317    cmd ::= DROP PROCEDURE ifexists fullname

State 224:
          nm ::= * ID|INDEXED|JOIN_KW
          nm ::= * STRING
          fullname ::= * nm
          fullname ::= * nm DOT nm
          cmd ::= DROP TRIGGER ifexists * fullname

                            ID shift-reduce 403    nm ::= ID|INDEXED|JOIN_KW
                       INDEXED shift-reduce 403    nm ::= ID|INDEXED|JOIN_KW
                        STRING shift-reduce 404    nm ::= STRING
                       JOIN_KW shift-reduce 403    nm ::= ID|INDEXED|JOIN_KW
                            nm shift        613    
                      fullname shift-reduce 283    cmd ::= DROP TRIGGER ifexists fullname

State 225:
          nm ::= * ID|INDEXED|JOIN_KW
          nm ::= * STRING
          fullname ::= * nm
          fullname ::= * nm DOT nm
          cmd ::= DROP INDEX ifexists * fullname

                            ID shift-reduce 403    nm ::= ID|INDEXED|JOIN_KW
                       INDEXED shift-reduce 403    nm ::= ID|INDEXED|JOIN_KW
                        STRING shift-reduce 404    nm ::= STRING
                       JOIN_KW shift-reduce 403    nm ::= ID|INDEXED|JOIN_KW
                            nm shift        613    
                      fullname shift-reduce 248    cmd ::= DROP INDEX ifexists fullname

State 226:
          nm ::= * ID|INDEXED|JOIN_KW
          nm ::= * STRING
          cmd ::= DROP VIEW ifexists * fullname
          fullname ::= * nm
          fullname ::= * nm DOT nm

                            ID shift-reduce 403    nm ::= ID|INDEXED|JOIN_KW
                       INDEXED shift-reduce 403    nm ::= ID|INDEXED|JOIN_KW
                        STRING shift-reduce 404    nm ::= STRING
                       JOIN_KW shift-reduce 403    nm ::= ID|INDEXED|JOIN_KW
                            nm shift        613    
                      fullname shift-reduce 83     cmd ::= DROP VIEW ifexists fullname

State 227:
          nm ::= * ID|INDEXED|JOIN_KW
          nm ::= * STRING
          cmd ::= DROP TABLE ifexists * fullname
          fullname ::= * nm
          fullname ::= * nm DOT nm

                            ID shift-reduce 403    nm ::= ID|INDEXED|JOIN_KW
                       INDEXED shift-reduce 403    nm ::= ID|INDEXED|JOIN_KW
                        STRING shift-reduce 404    nm ::= STRING
                       JOIN_KW shift-reduce 403    nm ::= ID|INDEXED|JOIN_KW
                            nm shift        613    
                      fullname shift-reduce 79     cmd ::= DROP TABLE ifexists fullname

State 228:
          nm ::= * ID|INDEXED|JOIN_KW
          nm ::= * STRING
          procretcols ::= * nm typetoken
          procretcols ::= * procretcols COMMA nm typetoken
          procretcols ::= * nm TABLE LP procretcols RP KEY LP nm EQ nm RP
          procretcols ::= nm TABLE LP * procretcols RP KEY LP nm EQ nm RP
          procretcols ::= * procretcols COMMA nm TABLE LP procretcols RP KEY LP nm EQ nm RP

                            ID shift-reduce 403    nm ::= ID|INDEXED|JOIN_KW
                       INDEXED shift-reduce 403    nm ::= ID|INDEXED|JOIN_KW
                        STRING shift-reduce 404    nm ::= STRING
                       JOIN_KW shift-reduce 403    nm ::= ID|INDEXED|JOIN_KW
                            nm shift        250    
                   procretcols shift        498    

State 229:
          nm ::= * ID|INDEXED|JOIN_KW
          nm ::= * STRING
          procretcols ::= * nm typetoken
          procretcols ::= * procretcols COMMA nm typetoken
          procretcols ::= * nm TABLE LP procretcols RP KEY LP nm EQ nm RP
          procretcols ::= * procretcols COMMA nm TABLE LP procretcols RP KEY LP nm EQ nm RP
          procretcols ::= procretcols COMMA nm TABLE LP * procretcols RP KEY LP nm EQ nm RP

                            ID shift-reduce 403    nm ::= ID|INDEXED|JOIN_KW
                       INDEXED shift-reduce 403    nm ::= ID|INDEXED|JOIN_KW
                        STRING shift-reduce 404    nm ::= STRING
                       JOIN_KW shift-reduce 403    nm ::= ID|INDEXED|JOIN_KW
                            nm shift        250    
                   procretcols shift        497    

State 230:
          nm ::= * ID|INDEXED|JOIN_KW
          nm ::= * STRING
          procreturns ::= procreturns RETURNS TABLE LP * procretcols RP
          procretcols ::= * nm typetoken
          procretcols ::= * procretcols COMMA nm typetoken
          procretcols ::= * nm TABLE LP procretcols RP KEY LP nm EQ nm RP
          procretcols ::= * procretcols COMMA nm TABLE LP procretcols RP KEY LP nm EQ nm RP

                            ID shift-reduce 403    nm ::= ID|INDEXED|JOIN_KW
                       INDEXED shift-reduce 403    nm ::= ID|INDEXED|JOIN_KW
                        STRING shift-reduce 404    nm ::= STRING
                       JOIN_KW shift-reduce 403    nm ::= ID|INDEXED|JOIN_KW
                            nm shift        250    
                   procretcols shift        499    

State 231:
          nm ::= * ID|INDEXED|JOIN_KW
          nm ::= * STRING
          fullname ::= * nm
          fullname ::= * nm DOT nm
          proc_cmd ::= CALL * fullname LP exprlist RP
          proc_cmd ::= CALL * fullname

                            ID shift-reduce 403    nm ::= ID|INDEXED|JOIN_KW
                       INDEXED shift-reduce 403    nm ::= ID|INDEXED|JOIN_KW
                        STRING shift-reduce 404    nm ::= STRING
                       JOIN_KW shift-reduce 403    nm ::= ID|INDEXED|JOIN_KW
                            nm shift        613    
                      fullname shift        586    

State 232:
          nm ::= * ID|INDEXED|JOIN_KW
          nm ::= * STRING
          xfullname ::= * nm
          xfullname ::= * nm DOT nm
          xfullname ::= * nm AS nm
          xfullname ::= * nm DOT nm AS nm
          trigger_cmd ::= DELETE FROM * xfullname tridxby where_opt scanpt

                            ID shift-reduce 403    nm ::= ID|INDEXED|JOIN_KW
                       INDEXED shift-reduce 403    nm ::= ID|INDEXED|JOIN_KW
                        STRING shift-reduce 404    nm ::= STRING
                       JOIN_KW shift-reduce 403    nm ::= ID|INDEXED|JOIN_KW
                            nm shift        508    
                     xfullname shift        361    

State 233:
          nm ::= * ID|INDEXED|JOIN_KW
          nm ::= * STRING
          idlist ::= * idlist COMMA nm
          idlist ::= * nm
          proc_cmd ::= scanpt select scanpt INTO * idlist

                            ID shift-reduce 403    nm ::= ID|INDEXED|JOIN_KW
                       INDEXED shift-reduce 403    nm ::= ID|INDEXED|JOIN_KW
                        STRING shift-reduce 404    nm ::= STRING
                       JOIN_KW shift-reduce 403    nm ::= ID|INDEXED|JOIN_KW
                            nm shift-reduce 178    idlist ::= nm
                        idlist shift        589    

State 234:
          nm ::= * ID|INDEXED|JOIN_KW
          nm ::= * STRING
          idlist_opt ::= LP * idlist RP
          idlist ::= * idlist COMMA nm
          idlist ::= * nm

                            ID shift-reduce 403    nm ::= ID|INDEXED|JOIN_KW
                       INDEXED shift-reduce 403    nm ::= ID|INDEXED|JOIN_KW
                        STRING shift-reduce 404    nm ::= STRING
                       JOIN_KW shift-reduce 403    nm ::= ID|INDEXED|JOIN_KW
                            nm shift-reduce 178    idlist ::= nm
                        idlist shift        505    

State 235:
          nm ::= * ID|INDEXED|JOIN_KW
          nm ::= * STRING
          xfullname ::= * nm
          xfullname ::= * nm DOT nm
          xfullname ::= * nm AS nm
          xfullname ::= * nm DOT nm AS nm
          trigger_cmd ::= scanpt insert_cmd INTO * xfullname idlist_opt select upsert scanpt

                            ID shift-reduce 403    nm ::= ID|INDEXED|JOIN_KW
                       INDEXED shift-reduce 403    nm ::= ID|INDEXED|JOIN_KW
                        STRING shift-reduce 404    nm ::= STRING
                       JOIN_KW shift-reduce 403    nm ::= ID|INDEXED|JOIN_KW
                            nm shift        508    
                     xfullname shift        413    

State 236:
          nm ::= * ID|INDEXED|JOIN_KW
          nm ::= * STRING
          setlist ::= LP * idlist RP EQ expr
          idlist ::= * idlist COMMA nm
          idlist ::= * nm

                            ID shift-reduce 403    nm ::= ID|INDEXED|JOIN_KW
                       INDEXED shift-reduce 403    nm ::= ID|INDEXED|JOIN_KW
                        STRING shift-reduce 404    nm ::= STRING
                       JOIN_KW shift-reduce 403    nm ::= ID|INDEXED|JOIN_KW
                            nm shift-reduce 178    idlist ::= nm
                        idlist shift        506    

State 237:
          nm ::= * ID|INDEXED|JOIN_KW
          nm ::= * STRING
          setlist ::= setlist COMMA LP * idlist RP EQ expr
          idlist ::= * idlist COMMA nm
          idlist ::= * nm

                            ID shift-reduce 403    nm ::= ID|INDEXED|JOIN_KW
                       INDEXED shift-reduce 403    nm ::= ID|INDEXED|JOIN_KW
                        STRING shift-reduce 404    nm ::= STRING
                       JOIN_KW shift-reduce 403    nm ::= ID|INDEXED|JOIN_KW
                            nm shift-reduce 178    idlist ::= nm
                        idlist shift        507    

State 238:
          nm ::= * ID|INDEXED|JOIN_KW
          nm ::= * STRING
          xfullname ::= * nm
          xfullname ::= * nm DOT nm
          xfullname ::= * nm AS nm
          xfullname ::= * nm DOT nm AS nm
          trigger_cmd ::= UPDATE orconf * xfullname tridxby SET setlist from where_opt scanpt

                            ID shift-reduce 403    nm ::= ID|INDEXED|JOIN_KW
                       INDEXED shift-reduce 403    nm ::= ID|INDEXED|JOIN_KW
                        STRING shift-reduce 404    nm ::= STRING
                       JOIN_KW shift-reduce 403    nm ::= ID|INDEXED|JOIN_KW
                            nm shift        508    
                     xfullname shift        368    

State 239:
          nm ::= * ID|INDEXED|JOIN_KW
          nm ::= * STRING
          cmd ::= createkw temp PROCEDURE ifnotexists nm dbnm LP * procparams RP procreturns procsecurity BEGIN proc_cmd_list END
    (303) procparams ::= *
          procparams ::= * nm typetoken
          procparams ::= * procparams COMMA nm typetoken

                            ID shift-reduce 403    nm ::= ID|INDEXED|JOIN_KW
                       INDEXED shift-reduce 403    nm ::= ID|INDEXED|JOIN_KW
                        STRING shift-reduce 404    nm ::= STRING
                       JOIN_KW shift-reduce 403    nm ::= ID|INDEXED|JOIN_KW
                            nm shift        257    
                    procparams shift        509    
                     {default} reduce       303    procparams ::=

State 240:
          nm ::= * ID|INDEXED|JOIN_KW
          nm ::= * STRING
          idlist ::= * idlist COMMA nm
          idlist ::= * nm
          trigger_event ::= UPDATE OF * idlist

                            ID shift-reduce 403    nm ::= ID|INDEXED|JOIN_KW
                       INDEXED shift-reduce 403    nm ::= ID|INDEXED|JOIN_KW
                        STRING shift-reduce 404    nm ::= STRING
                       JOIN_KW shift-reduce 403    nm ::= ID|INDEXED|JOIN_KW
                            nm shift-reduce 178    idlist ::= nm
                        idlist shift        609    

State 241:
          nm ::= * ID|INDEXED|JOIN_KW
          nm ::= * STRING
          fullname ::= * nm
          fullname ::= * nm DOT nm
          trigger_decl ::= temp TRIGGER ifnotexists nm dbnm trigger_time trigger_event ON * fullname foreach_clause when_clause

                            ID shift-reduce 403    nm ::= ID|INDEXED|JOIN_KW
                       INDEXED shift-reduce 403    nm ::= ID|INDEXED|JOIN_KW
                        STRING shift-reduce 404    nm ::= STRING
                       JOIN_KW shift-reduce 403    nm ::= ID|INDEXED|JOIN_KW
                            nm shift        613    
                      fullname shift        420    

State 242:
          nm ::= * ID|INDEXED|JOIN_KW
          nm ::= * STRING
          tcons ::= FOREIGN KEY LP * eidlist RP REFERENCES nm eidlist_opt refargs defer_subclause_opt
          eidlist ::= * eidlist COMMA nm collate sortorder
          eidlist ::= * nm collate sortorder

                            ID shift-reduce 403    nm ::= ID|INDEXED|JOIN_KW
                       INDEXED shift-reduce 403    nm ::= ID|INDEXED|JOIN_KW
                        STRING shift-reduce 404    nm ::= STRING
                       JOIN_KW shift-reduce 403    nm ::= ID|INDEXED|JOIN_KW
                            nm shift        444    
                       eidlist shift        510    

State 243:
          nm ::= * ID|INDEXED|JOIN_KW
          nm ::= * STRING
          eidlist_opt ::= LP * eidlist RP
          eidlist ::= * eidlist COMMA nm collate sortorder
          eidlist ::= * nm collate sortorder

                            ID shift-reduce 403    nm ::= ID|INDEXED|JOIN_KW
                       INDEXED shift-reduce 403    nm ::= ID|INDEXED|JOIN_KW
                        STRING shift-reduce 404    nm ::= STRING
                       JOIN_KW shift-reduce 403    nm ::= ID|INDEXED|JOIN_KW
                            nm shift        444    
                       eidlist shift        520    

State 244:
          nm ::= * ID|INDEXED|JOIN_KW
          nm ::= * STRING
          on_using ::= USING LP * idlist RP
          idlist ::= * idlist COMMA nm
          idlist ::= * nm

                            ID shift-reduce 403    nm ::= ID|INDEXED|JOIN_KW
                       INDEXED shift-reduce 403    nm ::= ID|INDEXED|JOIN_KW
                        STRING shift-reduce 404    nm ::= STRING
                       JOIN_KW shift-reduce 403    nm ::= ID|INDEXED|JOIN_KW
                            nm shift-reduce 178    idlist ::= nm
                        idlist shift        521    

State 245:
          seltablist ::= stl_prefix nm dbnm as * on_using
          seltablist ::= stl_prefix nm dbnm as * indexed_by on_using
          on_using ::= * ON expr
          on_using ::= * USING LP idlist RP
    (130) on_using ::= *
          indexed_by ::= * INDEXED BY nm
          indexed_by ::= * NOT INDEXED

                           NOT shift        647    
                            ON shift        135    
                       INDEXED shift        648    
                         USING shift        649    
                      on_using shift-reduce 111    seltablist ::= stl_prefix nm dbnm as on_using
                    indexed_by shift        379    
                     {default} reduce       130    on_using ::=

State 246:
          sortlist ::= sortlist * COMMA expr sortorder nulls
          window ::= ORDER BY sortlist * frame_opt
    (365) frame_opt ::= *
          frame_opt ::= * range_or_rows frame_bound_s frame_exclude_opt
          frame_opt ::= * range_or_rows BETWEEN frame_bound_s AND frame_bound_e frame_exclude_opt
          range_or_rows ::= * RANGE|ROWS|GROUPS

                         COMMA shift        138    
                          ROWS shift-reduce 368    range_or_rows ::= RANGE|ROWS|GROUPS
                         RANGE shift-reduce 368    range_or_rows ::= RANGE|ROWS|GROUPS
                        GROUPS shift-reduce 368    range_or_rows ::= RANGE|ROWS|GROUPS
                     frame_opt shift-reduce 362    window ::= ORDER BY sortlist frame_opt
                 range_or_rows shift        8      
                     {default} reduce       365    frame_opt ::=

State 247:
          sortlist ::= sortlist * COMMA expr sortorder nulls
          window ::= nm ORDER BY sortlist * frame_opt
    (365) frame_opt ::= *
          frame_opt ::= * range_or_rows frame_bound_s frame_exclude_opt
          frame_opt ::= * range_or_rows BETWEEN frame_bound_s AND frame_bound_e frame_exclude_opt
          range_or_rows ::= * RANGE|ROWS|GROUPS

                         COMMA shift        138    
                          ROWS shift-reduce 368    range_or_rows ::= RANGE|ROWS|GROUPS
                         RANGE shift-reduce 368    range_or_rows ::= RANGE|ROWS|GROUPS
                        GROUPS shift-reduce 368    range_or_rows ::= RANGE|ROWS|GROUPS
                     frame_opt shift-reduce 363    window ::= nm ORDER BY sortlist frame_opt
                 range_or_rows shift        8      
                     {default} reduce       365    frame_opt ::=

State 248:
          nm ::= * ID|INDEXED|JOIN_KW
          nm ::= * STRING
          windowdefn_list ::= windowdefn_list COMMA * windowdefn
          windowdefn ::= * nm AS LP window RP

                            ID shift-reduce 403    nm ::= ID|INDEXED|JOIN_KW
                       INDEXED shift-reduce 403    nm ::= ID|INDEXED|JOIN_KW
                        STRING shift-reduce 404    nm ::= STRING
                       JOIN_KW shift-reduce 403    nm ::= ID|INDEXED|JOIN_KW
                            nm shift        665    
                    windowdefn shift-reduce 358    windowdefn_list ::= windowdefn_list COMMA windowdefn

State 249:
     (30) scanpt ::= *
          cmd ::= createkw trigger_decl BEGIN trigger_cmd_list * END
          trigger_cmd_list ::= trigger_cmd_list * trigger_cmd SEMI
          trigger_cmd ::= * UPDATE orconf xfullname tridxby SET setlist from where_opt scanpt
          trigger_cmd ::= * scanpt insert_cmd INTO xfullname idlist_opt select upsert scanpt
          trigger_cmd ::= * DELETE FROM xfullname tridxby where_opt scanpt
          trigger_cmd ::= * scanpt select scanpt

                           END shift-reduce 260    cmd ::= createkw trigger_decl BEGIN trigger_cmd_list END
                        DELETE shift        588    
                        UPDATE shift        416    
                        scanpt shift        6      
                   trigger_cmd shift        559    
                     {default} reduce       30     scanpt ::=

State 250:
     (26) typetoken ::= *
          typetoken ::= * typename
          typetoken ::= * typename LP signed RP
          typetoken ::= * typename LP signed COMMA signed RP
          typename ::= * ID|STRING
          typename ::= * typename ID|STRING
          procretcols ::= nm * typetoken
          procretcols ::= nm * TABLE LP procretcols RP KEY LP nm EQ nm RP

                         TABLE shift        572    
                            ID shift-reduce 406    typename ::= ID|STRING
                        STRING shift-reduce 406    typename ::= ID|STRING
                     typetoken shift-reduce 313    procretcols ::= nm typetoken
                      typename shift        491    
                     {default} reduce       26     typetoken ::=

State 251:
     (26) typetoken ::= *
          typetoken ::= * typename
          typetoken ::= * typename LP signed RP
          typetoken ::= * typename LP signed COMMA signed RP
          typename ::= * ID|STRING
          typename ::= * typename ID|STRING
          procretcols ::= procretcols COMMA nm * typetoken
          procretcols ::= procretcols COMMA nm * TABLE LP procretcols RP KEY LP nm EQ nm RP

                         TABLE shift        573    
                            ID shift-reduce 406    typename ::= ID|STRING
                        STRING shift-reduce 406    typename ::= ID|STRING
                     typetoken shift-reduce 314    procretcols ::= procretcols COMMA nm typetoken
                      typename shift        491    
                     {default} reduce       26     typetoken ::=

State 252:
          window ::= nm PARTITION BY nexprlist orderby_opt * frame_opt
    (365) frame_opt ::= *
          frame_opt ::= * range_or_rows frame_bound_s frame_exclude_opt
          frame_opt ::= * range_or_rows BETWEEN frame_bound_s AND frame_bound_e frame_exclude_opt
          range_or_rows ::= * RANGE|ROWS|GROUPS

                          ROWS shift-reduce 368    range_or_rows ::= RANGE|ROWS|GROUPS
                         RANGE shift-reduce 368    range_or_rows ::= RANGE|ROWS|GROUPS
                        GROUPS shift-reduce 368    range_or_rows ::= RANGE|ROWS|GROUPS
                     frame_opt shift-reduce 361    window ::= nm PARTITION BY nexprlist orderby_opt frame_opt
                 range_or_rows shift        8      
                     {default} reduce       365    frame_opt ::=

State 253:
          window ::= PARTITION BY nexprlist orderby_opt * frame_opt
    (365) frame_opt ::= *
          frame_opt ::= * range_or_rows frame_bound_s frame_exclude_opt
          frame_opt ::= * range_or_rows BETWEEN frame_bound_s AND frame_bound_e frame_exclude_opt
          range_or_rows ::= * RANGE|ROWS|GROUPS

                          ROWS shift-reduce 368    range_or_rows ::= RANGE|ROWS|GROUPS
                         RANGE shift-reduce 368    range_or_rows ::= RANGE|ROWS|GROUPS
                        GROUPS shift-reduce 368    range_or_rows ::= RANGE|ROWS|GROUPS
                     frame_opt shift-reduce 360    window ::= PARTITION BY nexprlist orderby_opt frame_opt
                 range_or_rows shift        8      
                     {default} reduce       365    frame_opt ::=

State 254:
     (26) typetoken ::= *
          typetoken ::= * typename
          typetoken ::= * typename LP signed RP
          typetoken ::= * typename LP signed COMMA signed RP
          typename ::= * ID|STRING
          typename ::= * typename ID|STRING
          alter_add ::= ALTER TABLE fullname ADD kwcolumn_opt nm * typetoken

                            ID shift-reduce 406    typename ::= ID|STRING
                        STRING shift-reduce 406    typename ::= ID|STRING
                     typetoken shift-reduce 334    alter_add ::= ALTER TABLE fullname ADD kwcolumn_opt nm typetoken
                      typename shift        491    
                     {default} reduce       26     typetoken ::=

State 255:
    (131) indexed_opt ::= *
          indexed_opt ::= * indexed_by
          indexed_by ::= * INDEXED BY nm
          indexed_by ::= * NOT INDEXED
          cmd ::= with UPDATE orconf xfullname * indexed_opt SET setlist from where_opt_ret

                           NOT shift        647    
                       INDEXED shift        648    
                    indexed_by shift        551      /* because indexed_by==indexed_opt */
                   indexed_opt shift        551    
                     {default} reduce       131    indexed_opt ::=

State 256:
    (131) indexed_opt ::= *
          indexed_opt ::= * indexed_by
          indexed_by ::= * INDEXED BY nm
          indexed_by ::= * NOT INDEXED
          cmd ::= with DELETE FROM xfullname * indexed_opt where_opt_ret

                           NOT shift        647    
                       INDEXED shift        648    
                    indexed_by shift        360      /* because indexed_by==indexed_opt */
                   indexed_opt shift        360    
                     {default} reduce       131    indexed_opt ::=

State 257:
     (26) typetoken ::= *
          typetoken ::= * typename
          typetoken ::= * typename LP signed RP
          typetoken ::= * typename LP signed COMMA signed RP
          typename ::= * ID|STRING
          typename ::= * typename ID|STRING
          procparams ::= nm * typetoken

                            ID shift-reduce 406    typename ::= ID|STRING
                        STRING shift-reduce 406    typename ::= ID|STRING
                     typetoken shift-reduce 304    procparams ::= nm typetoken
                      typename shift        491    
                     {default} reduce       26     typetoken ::=

State 258:
     (26) typetoken ::= *
          typetoken ::= * typename
          typetoken ::= * typename LP signed RP
          typetoken ::= * typename LP signed COMMA signed RP
          typename ::= * ID|STRING
          typename ::= * typename ID|STRING
          procparams ::= procparams COMMA nm * typetoken

                            ID shift-reduce 406    typename ::= ID|STRING
                        STRING shift-reduce 406    typename ::= ID|STRING
                     typetoken shift-reduce 305    procparams ::= procparams COMMA nm typetoken
                      typename shift        491    
                     {default} reduce       26     typetoken ::=

State 259:
     (26) typetoken ::= *
          typetoken ::= * typename
          typetoken ::= * typename LP signed RP
          typetoken ::= * typename LP signed COMMA signed RP
          typename ::= * ID|STRING
          typename ::= * typename ID|STRING
          proc_cmd ::= DECLARE nm * typetoken
          proc_cmd ::= DECLARE nm * typetoken DEFAULT expr

                            ID shift-reduce 406    typename ::= ID|STRING
                        STRING shift-reduce 406    typename ::= ID|STRING
                     typetoken shift        584    
                      typename shift        491    
                     {default} reduce       26     typetoken ::=

State 260:
          columnname ::= nm * typetoken
     (26) typetoken ::= *
          typetoken ::= * typename
          typetoken ::= * typename LP signed RP
          typetoken ::= * typename LP signed COMMA signed RP
          typename ::= * ID|STRING
          typename ::= * typename ID|STRING

                            ID shift-reduce 406    typename ::= ID|STRING
                        STRING shift-reduce 406    typename ::= ID|STRING
                     typetoken shift-reduce 25     columnname ::= nm typetoken
                      typename shift        491    
                     {default} reduce       26     typetoken ::=

State 261:
     (26) typetoken ::= *
          typetoken ::= * typename
          typetoken ::= * typename LP signed RP
          typetoken ::= * typename LP signed COMMA signed RP
          typename ::= * ID|STRING
          typename ::= * typename ID|STRING
          expr ::= CAST LP expr AS * typetoken RP

                            ID shift-reduce 406    typename ::= ID|STRING
                        STRING shift-reduce 406    typename ::= ID|STRING
                     typetoken shift        684    
                      typename shift        491    
                     {default} reduce       26     typetoken ::=

State 262:
          oneselect ::= SELECT distinct selcollist from where_opt groupby_opt having_opt * orderby_opt limit_opt
          oneselect ::= SELECT distinct selcollist from where_opt groupby_opt having_opt * window_clause orderby_opt limit_opt
    (134) orderby_opt ::= *
          orderby_opt ::= * ORDER BY sortlist
          window_clause ::= * WINDOW windowdefn_list

                         ORDER shift        668    
                        WINDOW shift        188    
                   orderby_opt shift        457    
                 window_clause shift        453    
                     {default} reduce       134    orderby_opt ::=

State 263:
          cmd ::= create_vtab LP * vtabarglist RP
          vtabarglist ::= * vtabarg
          vtabarglist ::= * vtabarglist COMMA vtabarg
    (345) vtabarg ::= *
          vtabarg ::= * vtabarg vtabargtoken

                   vtabarglist shift        492    
                       vtabarg shift        214    
                     {default} reduce       345    vtabarg ::=

State 264:
          sclp ::= * selcollist COMMA
    (101) sclp ::= *
          selcollist ::= * sclp scanpt expr scanpt as
          selcollist ::= * sclp scanpt STAR
          selcollist ::= * sclp scanpt nm DOT STAR
          where_opt_ret ::= RETURNING * selcollist

                    selcollist shift        552    
                          sclp shift        482    
                     {default} reduce       101    sclp ::=

State 265:
          sclp ::= * selcollist COMMA
    (101) sclp ::= *
          selcollist ::= * sclp scanpt expr scanpt as
          selcollist ::= * sclp scanpt STAR
          selcollist ::= * sclp scanpt nm DOT STAR
          where_opt_ret ::= WHERE expr RETURNING * selcollist

                    selcollist shift        553    
                          sclp shift        482    
                     {default} reduce       101    sclp ::=

State 266:
          sclp ::= * selcollist COMMA
    (101) sclp ::= *
          selcollist ::= * sclp scanpt expr scanpt as
          selcollist ::= * sclp scanpt STAR
          selcollist ::= * sclp scanpt nm DOT STAR
          returning ::= RETURNING * selcollist

                    selcollist shift        592    
                          sclp shift        482    
                     {default} reduce       101    sclp ::=

State 267:
          sclp ::= * selcollist COMMA
    (101) sclp ::= *
          selcollist ::= * sclp scanpt expr scanpt as
          selcollist ::= * sclp scanpt STAR
          selcollist ::= * sclp scanpt nm DOT STAR
          upsert ::= RETURNING * selcollist

                    selcollist shift        596    
                          sclp shift        482    
                     {default} reduce       101    sclp ::=

State 268:
          from ::= FROM * seltablist
          stl_prefix ::= * seltablist joinop
    (110) stl_prefix ::= *
          seltablist ::= * stl_prefix nm dbnm as on_using
          seltablist ::= * stl_prefix nm dbnm as indexed_by on_using
          seltablist ::= * stl_prefix nm dbnm LP exprlist RP as on_using
          seltablist ::= * stl_prefix LP select RP as on_using
          seltablist ::= * stl_prefix LP seltablist RP as on_using

                    seltablist shift        349    
                    stl_prefix shift        278    
                     {default} reduce       110    stl_prefix ::=

State 269:
          oneselect ::= SELECT distinct * selcollist from where_opt groupby_opt having_opt orderby_opt limit_opt
          oneselect ::= SELECT distinct * selcollist from where_opt groupby_opt having_opt window_clause orderby_opt limit_opt
          sclp ::= * selcollist COMMA
    (101) sclp ::= *
          selcollist ::= * sclp scanpt expr scanpt as
          selcollist ::= * sclp scanpt STAR
          selcollist ::= * sclp scanpt nm DOT STAR

                    selcollist shift        383    
                          sclp shift        482    
                     {default} reduce       101    sclp ::=

State 270:
          ccons ::= DEFAULT scantok * term
          ccons ::= DEFAULT scantok * ID|INDEXED
          term ::= * NULL|FLOAT|BLOB
          term ::= * STRING
          term ::= * INTEGER
          term ::= * CTIME_KW
          term ::= * QNUMBER

                            ID shift-reduce 37     ccons ::= DEFAULT scantok ID|INDEXED
                      CTIME_KW shift-reduce 195    term ::= CTIME_KW
                       INDEXED shift-reduce 37     ccons ::= DEFAULT scantok ID|INDEXED
                        STRING shift-reduce 184    term ::= STRING
                          NULL shift-reduce 183    term ::= NULL|FLOAT|BLOB
                         FLOAT shift-reduce 183    term ::= NULL|FLOAT|BLOB
                          BLOB shift-reduce 183    term ::= NULL|FLOAT|BLOB
                       INTEGER shift-reduce 185    term ::= INTEGER
                       QNUMBER shift-reduce 387    term ::= QNUMBER
                          term shift-reduce 33     ccons ::= DEFAULT scantok term

State 271:
          ccons ::= DEFAULT MINUS scantok * term
          term ::= * NULL|FLOAT|BLOB
          term ::= * STRING
          term ::= * INTEGER
          term ::= * CTIME_KW
          term ::= * QNUMBER

                      CTIME_KW shift-reduce 195    term ::= CTIME_KW
                        STRING shift-reduce 184    term ::= STRING
                          NULL shift-reduce 183    term ::= NULL|FLOAT|BLOB
                         FLOAT shift-reduce 183    term ::= NULL|FLOAT|BLOB
                          BLOB shift-reduce 183    term ::= NULL|FLOAT|BLOB
                       INTEGER shift-reduce 185    term ::= INTEGER
                       QNUMBER shift-reduce 387    term ::= QNUMBER
                          term shift-reduce 36     ccons ::= DEFAULT MINUS scantok term

State 272:
          ccons ::= DEFAULT PLUS scantok * term
          term ::= * NULL|FLOAT|BLOB
          term ::= * STRING
          term ::= * INTEGER
          term ::= * CTIME_KW
          term ::= * QNUMBER

                      CTIME_KW shift-reduce 195    term ::= CTIME_KW
                        STRING shift-reduce 184    term ::= STRING
                          NULL shift-reduce 183    term ::= NULL|FLOAT|BLOB
                         FLOAT shift-reduce 183    term ::= NULL|FLOAT|BLOB
                          BLOB shift-reduce 183    term ::= NULL|FLOAT|BLOB
                       INTEGER shift-reduce 185    term ::= INTEGER
                       QNUMBER shift-reduce 387    term ::= QNUMBER
                          term shift-reduce 35     ccons ::= DEFAULT PLUS scantok term

State 273:
          nm ::= * ID|INDEXED|JOIN_KW
          nm ::= * STRING
          procreturns ::= procreturns RETURNS * TABLE LP procretcols RP
          procreturns ::= procreturns RETURNS * NOTHING
          procreturns ::= procreturns RETURNS * nm

                         TABLE shift        574    
                            ID shift-reduce 403    nm ::= ID|INDEXED|JOIN_KW
                       INDEXED shift-reduce 403    nm ::= ID|INDEXED|JOIN_KW
                        STRING shift-reduce 404    nm ::= STRING
                       JOIN_KW shift-reduce 403    nm ::= ID|INDEXED|JOIN_KW
                       NOTHING shift-reduce 311    procreturns ::= procreturns RETURNS NOTHING
                            nm shift-reduce 312    procreturns ::= procreturns RETURNS nm

State 274:
          nm ::= * ID|INDEXED|JOIN_KW
          nm ::= * STRING
          setlist ::= setlist COMMA * nm EQ expr
          setlist ::= setlist COMMA * LP idlist RP EQ expr

                            LP shift        237    
                            ID shift-reduce 403    nm ::= ID|INDEXED|JOIN_KW
                       INDEXED shift-reduce 403    nm ::= ID|INDEXED|JOIN_KW
                        STRING shift-reduce 404    nm ::= STRING
                       JOIN_KW shift-reduce 403    nm ::= ID|INDEXED|JOIN_KW
                            nm shift        601    

State 275:
          conslist ::= conslist tconscomma * tcons
          tcons ::= * CONSTRAINT nm
          tcons ::= * PRIMARY KEY LP sortlist autoinc RP onconf
          tcons ::= * UNIQUE LP sortlist RP onconf
          tcons ::= * CHECK LP expr RP onconf
          tcons ::= * FOREIGN KEY LP eidlist RP REFERENCES nm eidlist_opt refargs defer_subclause_opt

                    CONSTRAINT shift        318    
                       PRIMARY shift        626    
                        UNIQUE shift        623    
                         CHECK shift        622    
                       FOREIGN shift        621    
                         tcons shift-reduce 415    conslist ::= conslist tconscomma tcons

State 276:
          nm ::= * ID|INDEXED|JOIN_KW
          nm ::= * STRING
          over_clause ::= OVER * LP window RP
          over_clause ::= OVER * nm

                            LP shift        51     
                            ID shift-reduce 403    nm ::= ID|INDEXED|JOIN_KW
                       INDEXED shift-reduce 403    nm ::= ID|INDEXED|JOIN_KW
                        STRING shift-reduce 404    nm ::= STRING
                       JOIN_KW shift-reduce 403    nm ::= ID|INDEXED|JOIN_KW
                            nm shift-reduce 385    over_clause ::= OVER nm

State 277:
          nm ::= * ID|INDEXED|JOIN_KW
          nm ::= * STRING
          selcollist ::= sclp scanpt nm DOT * STAR
          expr ::= nm DOT * nm
          expr ::= nm DOT * nm DOT nm

                            ID shift-reduce 403    nm ::= ID|INDEXED|JOIN_KW
                          STAR shift-reduce 104    selcollist ::= sclp scanpt nm DOT STAR
                       INDEXED shift-reduce 403    nm ::= ID|INDEXED|JOIN_KW
                        STRING shift-reduce 404    nm ::= STRING
                       JOIN_KW shift-reduce 403    nm ::= ID|INDEXED|JOIN_KW
                            nm shift        690    

State 278:
          nm ::= * ID|INDEXED|JOIN_KW
          nm ::= * STRING
          seltablist ::= stl_prefix * nm dbnm as on_using
          seltablist ::= stl_prefix * nm dbnm as indexed_by on_using
          seltablist ::= stl_prefix * nm dbnm LP exprlist RP as on_using
          seltablist ::= stl_prefix * LP select RP as on_using
          seltablist ::= stl_prefix * LP seltablist RP as on_using

                            LP shift        5      
                            ID shift-reduce 403    nm ::= ID|INDEXED|JOIN_KW
                       INDEXED shift-reduce 403    nm ::= ID|INDEXED|JOIN_KW
                        STRING shift-reduce 404    nm ::= STRING
                       JOIN_KW shift-reduce 403    nm ::= ID|INDEXED|JOIN_KW
                            nm shift        447    

State 279:
          nm ::= * ID|INDEXED|JOIN_KW
          nm ::= * STRING
          joinop ::= JOIN_KW nm * JOIN
          joinop ::= JOIN_KW nm * nm JOIN

                            ID shift-reduce 403    nm ::= ID|INDEXED|JOIN_KW
                       INDEXED shift-reduce 403    nm ::= ID|INDEXED|JOIN_KW
                        STRING shift-reduce 404    nm ::= STRING
                       JOIN_KW shift-reduce 403    nm ::= ID|INDEXED|JOIN_KW
                          JOIN shift-reduce 126    joinop ::= JOIN_KW nm JOIN
                            nm shift        650    

State 280:
          nm ::= * ID|INDEXED|JOIN_KW
          nm ::= * STRING
          joinop ::= JOIN_KW * JOIN
          joinop ::= JOIN_KW * nm JOIN
          joinop ::= JOIN_KW * nm nm JOIN

                            ID shift-reduce 403    nm ::= ID|INDEXED|JOIN_KW
                       INDEXED shift-reduce 403    nm ::= ID|INDEXED|JOIN_KW
                        STRING shift-reduce 404    nm ::= STRING
                       JOIN_KW shift-reduce 403    nm ::= ID|INDEXED|JOIN_KW
                          JOIN shift-reduce 125    joinop ::= JOIN_KW JOIN
                            nm shift        279    

State 281:
          nm ::= * ID|INDEXED|JOIN_KW
          nm ::= * STRING
          expr ::= expr in_op * LP exprlist RP
          expr ::= expr in_op * LP select RP
          expr ::= expr in_op * nm dbnm paren_exprlist

                            LP shift        3      
                            ID shift-reduce 403    nm ::= ID|INDEXED|JOIN_KW
                       INDEXED shift-reduce 403    nm ::= ID|INDEXED|JOIN_KW
                        STRING shift-reduce 404    nm ::= STRING
                       JOIN_KW shift-reduce 403    nm ::= ID|INDEXED|JOIN_KW
                            nm shift        455    

State 282:
          nm ::= * ID|INDEXED|JOIN_KW
          nm ::= * STRING
          cmd ::= ALTER TABLE fullname ALTER kwcolumn_opt * nm DROP NOT NULL
          cmd ::= ALTER TABLE fullname ALTER kwcolumn_opt * nm SET NOT NULL onconf

                            ID shift-reduce 403    nm ::= ID|INDEXED|JOIN_KW
                       INDEXED shift-reduce 403    nm ::= ID|INDEXED|JOIN_KW
                        STRING shift-reduce 404    nm ::= STRING
                       JOIN_KW shift-reduce 403    nm ::= ID|INDEXED|JOIN_KW
                            nm shift        493    

State 283:
          nm ::= * ID|INDEXED|JOIN_KW
          nm ::= * STRING
          cmd ::= ALTER TABLE fullname DROP CONSTRAINT * nm

                            ID shift-reduce 403    nm ::= ID|INDEXED|JOIN_KW
                       INDEXED shift-reduce 403    nm ::= ID|INDEXED|JOIN_KW
                        STRING shift-reduce 404    nm ::= STRING
                       JOIN_KW shift-reduce 403    nm ::= ID|INDEXED|JOIN_KW
                            nm shift-reduce 337    cmd ::= ALTER TABLE fullname DROP CONSTRAINT nm

State 284:
          nm ::= * ID|INDEXED|JOIN_KW
          nm ::= * STRING
          cmd ::= ALTER TABLE fullname DROP kwcolumn_opt * nm

                            ID shift-reduce 403    nm ::= ID|INDEXED|JOIN_KW
                       INDEXED shift-reduce 403    nm ::= ID|INDEXED|JOIN_KW
                        STRING shift-reduce 404    nm ::= STRING
                       JOIN_KW shift-reduce 403    nm ::= ID|INDEXED|JOIN_KW
                            nm shift-reduce 335    cmd ::= ALTER TABLE fullname DROP kwcolumn_opt nm

State 285:
          nm ::= * ID|INDEXED|JOIN_KW
          nm ::= * STRING
          cmd ::= ALTER TABLE fullname ADD CONSTRAINT * nm CHECK LP expr RP onconf

                            ID shift-reduce 403    nm ::= ID|INDEXED|JOIN_KW
                       INDEXED shift-reduce 403    nm ::= ID|INDEXED|JOIN_KW
                        STRING shift-reduce 404    nm ::= STRING
                       JOIN_KW shift-reduce 403    nm ::= ID|INDEXED|JOIN_KW
                            nm shift        540    

State 286:
          nm ::= * ID|INDEXED|JOIN_KW
          nm ::= * STRING
          alter_add ::= ALTER TABLE fullname ADD kwcolumn_opt * nm typetoken

                            ID shift-reduce 403    nm ::= ID|INDEXED|JOIN_KW
                       INDEXED shift-reduce 403    nm ::= ID|INDEXED|JOIN_KW
                        STRING shift-reduce 404    nm ::= STRING
                       JOIN_KW shift-reduce 403    nm ::= ID|INDEXED|JOIN_KW
                            nm shift        254    

State 287:
          nm ::= * ID|INDEXED|JOIN_KW
          nm ::= * STRING
          cmd ::= ALTER TABLE fullname RENAME kwcolumn_opt nm TO * nm

                            ID shift-reduce 403    nm ::= ID|INDEXED|JOIN_KW
                       INDEXED shift-reduce 403    nm ::= ID|INDEXED|JOIN_KW
                        STRING shift-reduce 404    nm ::= STRING
                       JOIN_KW shift-reduce 403    nm ::= ID|INDEXED|JOIN_KW
                            nm shift-reduce 336    cmd ::= ALTER TABLE fullname RENAME kwcolumn_opt nm TO nm

State 288:
          nm ::= * ID|INDEXED|JOIN_KW
          nm ::= * STRING
          cmd ::= ALTER TABLE fullname RENAME kwcolumn_opt * nm TO nm

                            ID shift-reduce 403    nm ::= ID|INDEXED|JOIN_KW
                       INDEXED shift-reduce 403    nm ::= ID|INDEXED|JOIN_KW
                        STRING shift-reduce 404    nm ::= STRING
                       JOIN_KW shift-reduce 403    nm ::= ID|INDEXED|JOIN_KW
                            nm shift        541    

State 289:
          nm ::= * ID|INDEXED|JOIN_KW
          nm ::= * STRING
          cmd ::= ALTER TABLE fullname RENAME TO * nm

                            ID shift-reduce 403    nm ::= ID|INDEXED|JOIN_KW
                       INDEXED shift-reduce 403    nm ::= ID|INDEXED|JOIN_KW
                        STRING shift-reduce 404    nm ::= STRING
                       JOIN_KW shift-reduce 403    nm ::= ID|INDEXED|JOIN_KW
                            nm shift-reduce 332    cmd ::= ALTER TABLE fullname RENAME TO nm

State 290:
          nm ::= * ID|INDEXED|JOIN_KW
          nm ::= * STRING
    (330) cmd ::= ANALYZE *
          cmd ::= ANALYZE * nm dbnm

                            ID shift-reduce 403    nm ::= ID|INDEXED|JOIN_KW
                       INDEXED shift-reduce 403    nm ::= ID|INDEXED|JOIN_KW
                        STRING shift-reduce 404    nm ::= STRING
                       JOIN_KW shift-reduce 403    nm ::= ID|INDEXED|JOIN_KW
                            nm shift        390    
                     {default} reduce       330    cmd ::= ANALYZE

State 291:
          nm ::= * ID|INDEXED|JOIN_KW
          nm ::= * STRING
    (328) cmd ::= REINDEX *
          cmd ::= REINDEX * nm dbnm

                            ID shift-reduce 403    nm ::= ID|INDEXED|JOIN_KW
                       INDEXED shift-reduce 403    nm ::= ID|INDEXED|JOIN_KW
                        STRING shift-reduce 404    nm ::= STRING
                       JOIN_KW shift-reduce 403    nm ::= ID|INDEXED|JOIN_KW
                            nm shift        391    
                     {default} reduce       328    cmd ::= REINDEX

State 292:
          nm ::= * ID|INDEXED|JOIN_KW
          nm ::= * STRING
          projlist ::= projlist COMMA * nm

                            ID shift-reduce 403    nm ::= ID|INDEXED|JOIN_KW
                       INDEXED shift-reduce 403    nm ::= ID|INDEXED|JOIN_KW
                        STRING shift-reduce 404    nm ::= STRING
                       JOIN_KW shift-reduce 403    nm ::= ID|INDEXED|JOIN_KW
                            nm shift-reduce 321    projlist ::= projlist COMMA nm

State 293:
          nm ::= * ID|INDEXED|JOIN_KW
          nm ::= * STRING
          cmd ::= PRAGMA * nm dbnm
          cmd ::= PRAGMA * nm dbnm EQ nmnum
          cmd ::= PRAGMA * nm dbnm LP nmnum RP
          cmd ::= PRAGMA * nm dbnm EQ minus_num
          cmd ::= PRAGMA * nm dbnm LP minus_num RP

                            ID shift-reduce 403    nm ::= ID|INDEXED|JOIN_KW
                       INDEXED shift-reduce 403    nm ::= ID|INDEXED|JOIN_KW
                        STRING shift-reduce 404    nm ::= STRING
                       JOIN_KW shift-reduce 403    nm ::= ID|INDEXED|JOIN_KW
                            nm shift        394    

State 294:
          cmd ::= with * DELETE FROM xfullname indexed_opt where_opt_ret
          cmd ::= with * UPDATE orconf xfullname indexed_opt SET setlist from where_opt_ret
          cmd ::= with * insert_cmd INTO xfullname idlist_opt select upsert
          cmd ::= with * insert_cmd INTO xfullname idlist_opt DEFAULT VALUES returning
          insert_cmd ::= * INSERT orconf
          insert_cmd ::= * REPLACE

                       REPLACE shift-reduce 174    insert_cmd ::= REPLACE
                        INSERT shift        414    
                        DELETE shift        554    
                        UPDATE shift        398    
                    insert_cmd shift        550    

State 295:
          nm ::= * ID|INDEXED|JOIN_KW
          nm ::= * STRING
          create_vtab ::= createkw VIRTUAL TABLE ifnotexists nm dbnm USING * nm

                            ID shift-reduce 403    nm ::= ID|INDEXED|JOIN_KW
                       INDEXED shift-reduce 403    nm ::= ID|INDEXED|JOIN_KW
                        STRING shift-reduce 404    nm ::= STRING
                       JOIN_KW shift-reduce 403    nm ::= ID|INDEXED|JOIN_KW
                            nm shift-reduce 344    create_vtab ::= createkw VIRTUAL TABLE ifnotexists nm dbnm USING nm

State 296:
          nm ::= * ID|INDEXED|JOIN_KW
          nm ::= * STRING
          create_vtab ::= createkw VIRTUAL TABLE ifnotexists * nm dbnm USING nm

                            ID shift-reduce 403    nm ::= ID|INDEXED|JOIN_KW
                       INDEXED shift-reduce 403    nm ::= ID|INDEXED|JOIN_KW
                        STRING shift-reduce 404    nm ::= STRING
                       JOIN_KW shift-reduce 403    nm ::= ID|INDEXED|JOIN_KW
                            nm shift        404    

State 297:
          nm ::= * ID|INDEXED|JOIN_KW
          nm ::= * STRING
          cmd ::= createkw uniqueflag INDEX ifnotexists nm dbnm ON * nm LP sortlist RP where_opt

                            ID shift-reduce 403    nm ::= ID|INDEXED|JOIN_KW
                       INDEXED shift-reduce 403    nm ::= ID|INDEXED|JOIN_KW
                        STRING shift-reduce 404    nm ::= STRING
                       JOIN_KW shift-reduce 403    nm ::= ID|INDEXED|JOIN_KW
                            nm shift        561    

State 298:
          nm ::= * ID|INDEXED|JOIN_KW
          nm ::= * STRING
          cmd ::= createkw uniqueflag INDEX ifnotexists * nm dbnm ON nm LP sortlist RP where_opt

                            ID shift-reduce 403    nm ::= ID|INDEXED|JOIN_KW
                       INDEXED shift-reduce 403    nm ::= ID|INDEXED|JOIN_KW
                        STRING shift-reduce 404    nm ::= STRING
                       JOIN_KW shift-reduce 403    nm ::= ID|INDEXED|JOIN_KW
                            nm shift        407    

State 299:
          nm ::= * ID|INDEXED|JOIN_KW
          nm ::= * STRING
          procparams ::= procparams COMMA * nm typetoken

                            ID shift-reduce 403    nm ::= ID|INDEXED|JOIN_KW
                       INDEXED shift-reduce 403    nm ::= ID|INDEXED|JOIN_KW
                        STRING shift-reduce 404    nm ::= STRING
                       JOIN_KW shift-reduce 403    nm ::= ID|INDEXED|JOIN_KW
                            nm shift        258    

State 300:
          nm ::= * ID|INDEXED|JOIN_KW
          nm ::= * STRING
          procretcols ::= procretcols COMMA nm TABLE LP procretcols RP KEY LP nm EQ * nm RP

                            ID shift-reduce 403    nm ::= ID|INDEXED|JOIN_KW
                       INDEXED shift-reduce 403    nm ::= ID|INDEXED|JOIN_KW
                        STRING shift-reduce 404    nm ::= STRING
                       JOIN_KW shift-reduce 403    nm ::= ID|INDEXED|JOIN_KW
                            nm shift        564    

State 301:
          nm ::= * ID|INDEXED|JOIN_KW
          nm ::= * STRING
          procretcols ::= procretcols COMMA nm TABLE LP procretcols RP KEY LP * nm EQ nm RP

                            ID shift-reduce 403    nm ::= ID|INDEXED|JOIN_KW
                       INDEXED shift-reduce 403    nm ::= ID|INDEXED|JOIN_KW
                        STRING shift-reduce 404    nm ::= STRING
                       JOIN_KW shift-reduce 403    nm ::= ID|INDEXED|JOIN_KW
                            nm shift        565    

State 302:
          nm ::= * ID|INDEXED|JOIN_KW
          nm ::= * STRING
          procretcols ::= nm TABLE LP procretcols RP KEY LP nm EQ * nm RP

                            ID shift-reduce 403    nm ::= ID|INDEXED|JOIN_KW
                       INDEXED shift-reduce 403    nm ::= ID|INDEXED|JOIN_KW
                        STRING shift-reduce 404    nm ::= STRING
                       JOIN_KW shift-reduce 403    nm ::= ID|INDEXED|JOIN_KW
                            nm shift        568    

State 303:
          nm ::= * ID|INDEXED|JOIN_KW
          nm ::= * STRING
          procretcols ::= nm TABLE LP procretcols RP KEY LP * nm EQ nm RP

                            ID shift-reduce 403    nm ::= ID|INDEXED|JOIN_KW
                       INDEXED shift-reduce 403    nm ::= ID|INDEXED|JOIN_KW
                        STRING shift-reduce 404    nm ::= STRING
                       JOIN_KW shift-reduce 403    nm ::= ID|INDEXED|JOIN_KW
                            nm shift        569    

State 304:
          nm ::= * ID|INDEXED|JOIN_KW
          nm ::= * STRING
          procretcols ::= procretcols COMMA * nm typetoken
          procretcols ::= procretcols COMMA * nm TABLE LP procretcols RP KEY LP nm EQ nm RP

                            ID shift-reduce 403    nm ::= ID|INDEXED|JOIN_KW
                       INDEXED shift-reduce 403    nm ::= ID|INDEXED|JOIN_KW
                        STRING shift-reduce 404    nm ::= STRING
                       JOIN_KW shift-reduce 403    nm ::= ID|INDEXED|JOIN_KW
                            nm shift        251    

State 305:
          raisetype ::= * ROLLBACK
          raisetype ::= * ABORT
          raisetype ::= * FAIL
          proc_cmd ::= RAISE LP * IGNORE RP
          proc_cmd ::= RAISE LP * raisetype COMMA expr RP

                      ROLLBACK shift-reduce 280    raisetype ::= ROLLBACK
                         ABORT shift-reduce 281    raisetype ::= ABORT
                          FAIL shift-reduce 282    raisetype ::= FAIL
                        IGNORE shift        577    
                     raisetype shift        576    

State 306:
          nm ::= * ID|INDEXED|JOIN_KW
          nm ::= * STRING
          proc_cmd ::= SET * nm EQ expr

                            ID shift-reduce 403    nm ::= ID|INDEXED|JOIN_KW
                       INDEXED shift-reduce 403    nm ::= ID|INDEXED|JOIN_KW
                        STRING shift-reduce 404    nm ::= STRING
                       JOIN_KW shift-reduce 403    nm ::= ID|INDEXED|JOIN_KW
                            nm shift        583    

State 307:
          nm ::= * ID|INDEXED|JOIN_KW
          nm ::= * STRING
          proc_cmd ::= DECLARE * nm typetoken
          proc_cmd ::= DECLARE * nm typetoken DEFAULT expr

                            ID shift-reduce 403    nm ::= ID|INDEXED|JOIN_KW
                       INDEXED shift-reduce 403    nm ::= ID|INDEXED|JOIN_KW
                        STRING shift-reduce 404    nm ::= STRING
                       JOIN_KW shift-reduce 403    nm ::= ID|INDEXED|JOIN_KW
                            nm shift        259    

State 308:
          nm ::= * ID|INDEXED|JOIN_KW
          nm ::= * STRING
          tridxby ::= INDEXED BY * nm

                            ID shift-reduce 403    nm ::= ID|INDEXED|JOIN_KW
                       INDEXED shift-reduce 403    nm ::= ID|INDEXED|JOIN_KW
                        STRING shift-reduce 404    nm ::= STRING
                       JOIN_KW shift-reduce 403    nm ::= ID|INDEXED|JOIN_KW
                            nm shift-reduce 272    tridxby ::= INDEXED BY nm

State 309:
          nm ::= * ID|INDEXED|JOIN_KW
          nm ::= * STRING
          xfullname ::= nm AS * nm

                            ID shift-reduce 403    nm ::= ID|INDEXED|JOIN_KW
                       INDEXED shift-reduce 403    nm ::= ID|INDEXED|JOIN_KW
                        STRING shift-reduce 404    nm ::= STRING
                       JOIN_KW shift-reduce 403    nm ::= ID|INDEXED|JOIN_KW
                            nm shift-reduce 122    xfullname ::= nm AS nm

State 310:
          nm ::= * ID|INDEXED|JOIN_KW
          nm ::= * STRING
          xfullname ::= nm DOT nm AS * nm

                            ID shift-reduce 403    nm ::= ID|INDEXED|JOIN_KW
                       INDEXED shift-reduce 403    nm ::= ID|INDEXED|JOIN_KW
                        STRING shift-reduce 404    nm ::= STRING
                       JOIN_KW shift-reduce 403    nm ::= ID|INDEXED|JOIN_KW
                            nm shift-reduce 123    xfullname ::= nm DOT nm AS nm

State 311:
          nm ::= * ID|INDEXED|JOIN_KW
          nm ::= * STRING
          xfullname ::= nm DOT * nm
          xfullname ::= nm DOT * nm AS nm

                            ID shift-reduce 403    nm ::= ID|INDEXED|JOIN_KW
                       INDEXED shift-reduce 403    nm ::= ID|INDEXED|JOIN_KW
                        STRING shift-reduce 404    nm ::= STRING
                       JOIN_KW shift-reduce 403    nm ::= ID|INDEXED|JOIN_KW
                            nm shift        605    

State 312:
          nm ::= * ID|INDEXED|JOIN_KW
          nm ::= * STRING
          cmd ::= createkw temp PROCEDURE ifnotexists * nm dbnm LP procparams RP procreturns procsecurity BEGIN proc_cmd_list END

                            ID shift-reduce 403    nm ::= ID|INDEXED|JOIN_KW
                       INDEXED shift-reduce 403    nm ::= ID|INDEXED|JOIN_KW
                        STRING shift-reduce 404    nm ::= STRING
                       JOIN_KW shift-reduce 403    nm ::= ID|INDEXED|JOIN_KW
                            nm shift        417    

State 313:
          nm ::= * ID|INDEXED|JOIN_KW
          nm ::= * STRING
          fullname ::= nm DOT * nm

                            ID shift-reduce 403    nm ::= ID|INDEXED|JOIN_KW
                       INDEXED shift-reduce 403    nm ::= ID|INDEXED|JOIN_KW
                        STRING shift-reduce 404    nm ::= STRING
                       JOIN_KW shift-reduce 403    nm ::= ID|INDEXED|JOIN_KW
                            nm shift-reduce 119    fullname ::= nm DOT nm

State 314:
          nm ::= * ID|INDEXED|JOIN_KW
          nm ::= * STRING
          trigger_decl ::= temp TRIGGER ifnotexists * nm dbnm trigger_time trigger_event ON fullname foreach_clause when_clause

                            ID shift-reduce 403    nm ::= ID|INDEXED|JOIN_KW
                       INDEXED shift-reduce 403    nm ::= ID|INDEXED|JOIN_KW
                        STRING shift-reduce 404    nm ::= STRING
                       JOIN_KW shift-reduce 403    nm ::= ID|INDEXED|JOIN_KW
                            nm shift        421    

State 315:
          nm ::= * ID|INDEXED|JOIN_KW
          nm ::= * STRING
          cmd ::= createkw temp VIEW ifnotexists * nm dbnm eidlist_opt AS select

                            ID shift-reduce 403    nm ::= ID|INDEXED|JOIN_KW
                       INDEXED shift-reduce 403    nm ::= ID|INDEXED|JOIN_KW
                        STRING shift-reduce 404    nm ::= STRING
                       JOIN_KW shift-reduce 403    nm ::= ID|INDEXED|JOIN_KW
                            nm shift        424    

State 316:
          create_table ::= createkw temp TABLE ifnotexists * nm dbnm
          nm ::= * ID|INDEXED|JOIN_KW
          nm ::= * STRING

                            ID shift-reduce 403    nm ::= ID|INDEXED|JOIN_KW
                       INDEXED shift-reduce 403    nm ::= ID|INDEXED|JOIN_KW
                        STRING shift-reduce 404    nm ::= STRING
                       JOIN_KW shift-reduce 403    nm ::= ID|INDEXED|JOIN_KW
                            nm shift        426    

State 317:
          nm ::= * ID|INDEXED|JOIN_KW
          nm ::= * STRING
          tcons ::= FOREIGN KEY LP eidlist RP REFERENCES * nm eidlist_opt refargs defer_subclause_opt

                            ID shift-reduce 403    nm ::= ID|INDEXED|JOIN_KW
                       INDEXED shift-reduce 403    nm ::= ID|INDEXED|JOIN_KW
                        STRING shift-reduce 404    nm ::= STRING
                       JOIN_KW shift-reduce 403    nm ::= ID|INDEXED|JOIN_KW
                            nm shift        428    

State 318:
          nm ::= * ID|INDEXED|JOIN_KW
          nm ::= * STRING
          tcons ::= CONSTRAINT * nm

                            ID shift-reduce 403    nm ::= ID|INDEXED|JOIN_KW
                       INDEXED shift-reduce 403    nm ::= ID|INDEXED|JOIN_KW
                        STRING shift-reduce 404    nm ::= STRING
                       JOIN_KW shift-reduce 403    nm ::= ID|INDEXED|JOIN_KW
                            nm shift-reduce 67     tcons ::= CONSTRAINT nm

State 319:
          refarg ::= ON UPDATE * refact
          refact ::= * SET NULL
          refact ::= * SET DEFAULT
          refact ::= * CASCADE
          refact ::= * RESTRICT
          refact ::= * NO ACTION

                       CASCADE shift-reduce 57     refact ::= CASCADE
                            NO shift        630    
                      RESTRICT shift-reduce 58     refact ::= RESTRICT
                           SET shift        513    
                        refact shift-reduce 54     refarg ::= ON UPDATE refact

State 320:
          refarg ::= ON DELETE * refact
          refact ::= * SET NULL
          refact ::= * SET DEFAULT
          refact ::= * CASCADE
          refact ::= * RESTRICT
          refact ::= * NO ACTION

                       CASCADE shift-reduce 57     refact ::= CASCADE
                            NO shift        630    
                      RESTRICT shift-reduce 58     refact ::= RESTRICT
                           SET shift        513    
                        refact shift-reduce 53     refarg ::= ON DELETE refact

State 321:
          refarg ::= ON INSERT * refact
          refact ::= * SET NULL
          refact ::= * SET DEFAULT
          refact ::= * CASCADE
          refact ::= * RESTRICT
          refact ::= * NO ACTION

                       CASCADE shift-reduce 57     refact ::= CASCADE
                            NO shift        630    
                      RESTRICT shift-reduce 58     refact ::= RESTRICT
                           SET shift        513    
                        refact shift-reduce 52     refarg ::= ON INSERT refact

State 322:
          nm ::= * ID|INDEXED|JOIN_KW
          nm ::= * STRING
          refarg ::= MATCH * nm

                            ID shift-reduce 403    nm ::= ID|INDEXED|JOIN_KW
                       INDEXED shift-reduce 403    nm ::= ID|INDEXED|JOIN_KW
                        STRING shift-reduce 404    nm ::= STRING
                       JOIN_KW shift-reduce 403    nm ::= ID|INDEXED|JOIN_KW
                            nm shift-reduce 51     refarg ::= MATCH nm

State 323:
          nm ::= * ID|INDEXED|JOIN_KW
          nm ::= * STRING
          ccons ::= REFERENCES * nm eidlist_opt refargs

                            ID shift-reduce 403    nm ::= ID|INDEXED|JOIN_KW
                       INDEXED shift-reduce 403    nm ::= ID|INDEXED|JOIN_KW
                        STRING shift-reduce 404    nm ::= STRING
                       JOIN_KW shift-reduce 403    nm ::= ID|INDEXED|JOIN_KW
                            nm shift        435    

State 324:
          nm ::= * ID|INDEXED|JOIN_KW
          nm ::= * STRING
          eidlist ::= eidlist COMMA * nm collate sortorder

                            ID shift-reduce 403    nm ::= ID|INDEXED|JOIN_KW
                       INDEXED shift-reduce 403    nm ::= ID|INDEXED|JOIN_KW
                        STRING shift-reduce 404    nm ::= STRING
                       JOIN_KW shift-reduce 403    nm ::= ID|INDEXED|JOIN_KW
                            nm shift        445    

State 325:
          stl_prefix ::= seltablist * joinop
          seltablist ::= stl_prefix LP seltablist * RP as on_using
          joinop ::= * COMMA|JOIN
          joinop ::= * JOIN_KW JOIN
          joinop ::= * JOIN_KW nm JOIN
          joinop ::= * JOIN_KW nm nm JOIN

                            RP shift        347    
                         COMMA shift-reduce 124    joinop ::= COMMA|JOIN
                       JOIN_KW shift        280    
                          JOIN shift-reduce 124    joinop ::= COMMA|JOIN
                        joinop shift-reduce 109    stl_prefix ::= seltablist joinop

State 326:
          nm ::= * ID|INDEXED|JOIN_KW
          nm ::= * STRING
          indexed_by ::= INDEXED BY * nm

                            ID shift-reduce 403    nm ::= ID|INDEXED|JOIN_KW
                       INDEXED shift-reduce 403    nm ::= ID|INDEXED|JOIN_KW
                        STRING shift-reduce 404    nm ::= STRING
                       JOIN_KW shift-reduce 403    nm ::= ID|INDEXED|JOIN_KW
                            nm shift-reduce 132    indexed_by ::= INDEXED BY nm

State 327:
          nm ::= * ID|INDEXED|JOIN_KW
          nm ::= * STRING
          idlist ::= idlist COMMA * nm

                            ID shift-reduce 403    nm ::= ID|INDEXED|JOIN_KW
                       INDEXED shift-reduce 403    nm ::= ID|INDEXED|JOIN_KW
                        STRING shift-reduce 404    nm ::= STRING
                       JOIN_KW shift-reduce 403    nm ::= ID|INDEXED|JOIN_KW
                            nm shift-reduce 177    idlist ::= idlist COMMA nm

State 328:
          nm ::= * ID|INDEXED|JOIN_KW
          nm ::= * STRING
          as ::= AS * nm

                            ID shift-reduce 403    nm ::= ID|INDEXED|JOIN_KW
                       INDEXED shift-reduce 403    nm ::= ID|INDEXED|JOIN_KW
                        STRING shift-reduce 404    nm ::= STRING
                       JOIN_KW shift-reduce 403    nm ::= ID|INDEXED|JOIN_KW
                            nm shift-reduce 105    as ::= AS nm

State 329:
          as ::= * AS nm
          as ::= * ID|STRING
    (106) as ::= *
          seltablist ::= stl_prefix nm dbnm * as on_using
          seltablist ::= stl_prefix nm dbnm * as indexed_by on_using
          seltablist ::= stl_prefix nm dbnm * LP exprlist RP as on_using

                            LP shift        13     
                            AS shift        328    
                            ID shift-reduce 423    as ::= ID|STRING
                        STRING shift-reduce 423    as ::= ID|STRING
                            as shift        245    
                     {default} reduce       106    as ::=

State 330:
          frame_exclude_opt ::= EXCLUDE * frame_exclude
          frame_exclude ::= * NO OTHERS
          frame_exclude ::= * CURRENT ROW
          frame_exclude ::= * GROUP|TIES

                            NO shift        661    
                       CURRENT shift        660    
                          TIES shift-reduce 379    frame_exclude ::= GROUP|TIES
                         GROUP shift-reduce 379    frame_exclude ::= GROUP|TIES
                 frame_exclude shift-reduce 376    frame_exclude_opt ::= EXCLUDE frame_exclude

State 331:
          nm ::= * ID|INDEXED|JOIN_KW
          nm ::= * STRING
          dbnm ::= DOT * nm

                            ID shift-reduce 403    nm ::= ID|INDEXED|JOIN_KW
                       INDEXED shift-reduce 403    nm ::= ID|INDEXED|JOIN_KW
                        STRING shift-reduce 404    nm ::= STRING
                       JOIN_KW shift-reduce 403    nm ::= ID|INDEXED|JOIN_KW
                            nm shift-reduce 117    dbnm ::= DOT nm

State 332:
          expr ::= RAISE LP * IGNORE RP
          expr ::= RAISE LP * raisetype COMMA expr RP
          raisetype ::= * ROLLBACK
          raisetype ::= * ABORT
          raisetype ::= * FAIL

                      ROLLBACK shift-reduce 280    raisetype ::= ROLLBACK
                         ABORT shift-reduce 281    raisetype ::= ABORT
                          FAIL shift-reduce 282    raisetype ::= FAIL
                        IGNORE shift        679    
                     raisetype shift        678    

State 333:
          nm ::= * ID|INDEXED|JOIN_KW
          nm ::= * STRING
          expr ::= nm DOT nm DOT * nm

                            ID shift-reduce 403    nm ::= ID|INDEXED|JOIN_KW
                       INDEXED shift-reduce 403    nm ::= ID|INDEXED|JOIN_KW
                        STRING shift-reduce 404    nm ::= STRING
                       JOIN_KW shift-reduce 403    nm ::= ID|INDEXED|JOIN_KW
                            nm shift-reduce 182    expr ::= nm DOT nm DOT nm

State 334:
          nm ::= * ID|INDEXED|JOIN_KW
          nm ::= * STRING
          expr ::= nm DOT * nm
          expr ::= nm DOT * nm DOT nm

                            ID shift-reduce 403    nm ::= ID|INDEXED|JOIN_KW
                       INDEXED shift-reduce 403    nm ::= ID|INDEXED|JOIN_KW
                        STRING shift-reduce 404    nm ::= STRING
                       JOIN_KW shift-reduce 403    nm ::= ID|INDEXED|JOIN_KW
                            nm shift        690    

State 335:
          nm ::= * ID|INDEXED|JOIN_KW
          nm ::= * STRING
          ccons ::= CONSTRAINT * nm

                            ID shift-reduce 403    nm ::= ID|INDEXED|JOIN_KW
                       INDEXED shift-reduce 403    nm ::= ID|INDEXED|JOIN_KW
                        STRING shift-reduce 404    nm ::= STRING
                       JOIN_KW shift-reduce 403    nm ::= ID|INDEXED|JOIN_KW
                            nm shift-reduce 32     ccons ::= CONSTRAINT nm

State 336:
          table_option ::= WITHOUT * nm
          nm ::= * ID|INDEXED|JOIN_KW
          nm ::= * STRING

                            ID shift-reduce 403    nm ::= ID|INDEXED|JOIN_KW
                       INDEXED shift-reduce 403    nm ::= ID|INDEXED|JOIN_KW
                        STRING shift-reduce 404    nm ::= STRING
                       JOIN_KW shift-reduce 403    nm ::= ID|INDEXED|JOIN_KW
                            nm shift-reduce 23     table_option ::= WITHOUT nm

State 337:
          cmd ::= RELEASE savepoint_opt * nm
          nm ::= * ID|INDEXED|JOIN_KW
          nm ::= * STRING

                            ID shift-reduce 403    nm ::= ID|INDEXED|JOIN_KW
                       INDEXED shift-reduce 403    nm ::= ID|INDEXED|JOIN_KW
                        STRING shift-reduce 404    nm ::= STRING
                       JOIN_KW shift-reduce 403    nm ::= ID|INDEXED|JOIN_KW
                            nm shift-reduce 11     cmd ::= RELEASE savepoint_opt nm

State 338:
          cmd ::= SAVEPOINT * nm
          nm ::= * ID|INDEXED|JOIN_KW
          nm ::= * STRING

                            ID shift-reduce 403    nm ::= ID|INDEXED|JOIN_KW
                       INDEXED shift-reduce 403    nm ::= ID|INDEXED|JOIN_KW
                        STRING shift-reduce 404    nm ::= STRING
                       JOIN_KW shift-reduce 403    nm ::= ID|INDEXED|JOIN_KW
                            nm shift-reduce 10     cmd ::= SAVEPOINT nm

State 339:
          cmd ::= ROLLBACK trans_opt TO savepoint_opt * nm
          nm ::= * ID|INDEXED|JOIN_KW
          nm ::= * STRING

                            ID shift-reduce 403    nm ::= ID|INDEXED|JOIN_KW
                       INDEXED shift-reduce 403    nm ::= ID|INDEXED|JOIN_KW
                        STRING shift-reduce 404    nm ::= STRING
                       JOIN_KW shift-reduce 403    nm ::= ID|INDEXED|JOIN_KW
                            nm shift-reduce 12     cmd ::= ROLLBACK trans_opt TO savepoint_opt nm

State 340:
    (395) trans_opt ::= TRANSACTION *
          trans_opt ::= TRANSACTION * nm
          nm ::= * ID|INDEXED|JOIN_KW
          nm ::= * STRING

                            ID shift-reduce 403    nm ::= ID|INDEXED|JOIN_KW
                       INDEXED shift-reduce 403    nm ::= ID|INDEXED|JOIN_KW
                        STRING shift-reduce 404    nm ::= STRING
                       JOIN_KW shift-reduce 403    nm ::= ID|INDEXED|JOIN_KW
                            nm shift-reduce 396    trans_opt ::= TRANSACTION nm
                     {default} reduce       395    trans_opt ::= TRANSACTION

State 341:
          alter_add ::= ALTER TABLE fullname ADD * kwcolumn_opt nm typetoken
          cmd ::= ALTER TABLE fullname ADD * CONSTRAINT nm CHECK LP expr RP onconf
          cmd ::= ALTER TABLE fullname ADD * CHECK LP expr RP onconf
    (442) kwcolumn_opt ::= *
          kwcolumn_opt ::= * COLUMNKW

                      COLUMNKW shift-reduce 443    kwcolumn_opt ::= COLUMNKW
                    CONSTRAINT shift        285    
                         CHECK shift        538    
                  kwcolumn_opt shift        286    
                     {default} reduce       442    kwcolumn_opt ::=

State 342:
          trigger_decl ::= temp TRIGGER ifnotexists nm dbnm trigger_time * trigger_event ON fullname foreach_clause when_clause
          trigger_event ::= * DELETE|INSERT
          trigger_event ::= * UPDATE
          trigger_event ::= * UPDATE OF idlist

                        INSERT shift-reduce 265    trigger_event ::= DELETE|INSERT
                        DELETE shift-reduce 265    trigger_event ::= DELETE|INSERT
                        UPDATE shift        610    
                 trigger_event shift        614    

State 343:
          trigger_decl ::= temp TRIGGER ifnotexists nm dbnm * trigger_time trigger_event ON fullname foreach_clause when_clause
          trigger_time ::= * BEFORE|AFTER
          trigger_time ::= * INSTEAD OF
    (264) trigger_time ::= *

                         AFTER shift-reduce 262    trigger_time ::= BEFORE|AFTER
                        BEFORE shift-reduce 262    trigger_time ::= BEFORE|AFTER
                       INSTEAD shift        608    
                  trigger_time shift        342    
                     {default} reduce       264    trigger_time ::=

State 344:
     (86) select ::= WITH RECURSIVE wqlist selectnowith *
          selectnowith ::= selectnowith * multiselect_op oneselect
          multiselect_op ::= * UNION
          multiselect_op ::= * UNION ALL
          multiselect_op ::= * EXCEPT|INTERSECT

                         UNION shift        689    
                        EXCEPT shift-reduce 91     multiselect_op ::= EXCEPT|INTERSECT
                     INTERSECT shift-reduce 91     multiselect_op ::= EXCEPT|INTERSECT
                multiselect_op shift        197    
                     {default} reduce       86     select ::= WITH RECURSIVE wqlist selectnowith

State 345:
          selcollist ::= sclp scanpt expr scanpt * as
          as ::= * AS nm
          as ::= * ID|STRING
    (106) as ::= *

                            AS shift        328    
                            ID shift-reduce 423    as ::= ID|STRING
                        STRING shift-reduce 423    as ::= ID|STRING
                            as shift-reduce 102    selcollist ::= sclp scanpt expr scanpt as
                     {default} reduce       106    as ::=

State 346:
          as ::= * AS nm
          as ::= * ID|STRING
    (106) as ::= *
          seltablist ::= stl_prefix LP select RP * as on_using

                            AS shift        328    
                            ID shift-reduce 423    as ::= ID|STRING
                        STRING shift-reduce 423    as ::= ID|STRING
                            as shift        376    
                     {default} reduce       106    as ::=

State 347:
          as ::= * AS nm
          as ::= * ID|STRING
    (106) as ::= *
          seltablist ::= stl_prefix LP seltablist RP * as on_using

                            AS shift        328    
                            ID shift-reduce 423    as ::= ID|STRING
                        STRING shift-reduce 423    as ::= ID|STRING
                            as shift        377    
                     {default} reduce       106    as ::=

State 348:
          as ::= * AS nm
          as ::= * ID|STRING
    (106) as ::= *
          seltablist ::= stl_prefix nm dbnm LP exprlist RP * as on_using

                            AS shift        328    
                            ID shift-reduce 423    as ::= ID|STRING
                        STRING shift-reduce 423    as ::= ID|STRING
                            as shift        378    
                     {default} reduce       106    as ::=

State 349:
    (108) from ::= FROM seltablist *
          stl_prefix ::= seltablist * joinop
          joinop ::= * COMMA|JOIN
          joinop ::= * JOIN_KW JOIN
          joinop ::= * JOIN_KW nm JOIN
          joinop ::= * JOIN_KW nm nm JOIN

                         COMMA shift-reduce 124    joinop ::= COMMA|JOIN
                       JOIN_KW shift        280    
                          JOIN shift-reduce 124    joinop ::= COMMA|JOIN
                        joinop shift-reduce 109    stl_prefix ::= seltablist joinop
                     {default} reduce       108    from ::= FROM seltablist

State 350:
     (87) select ::= selectnowith *
          selectnowith ::= selectnowith * multiselect_op oneselect
          multiselect_op ::= * UNION
          multiselect_op ::= * UNION ALL
          multiselect_op ::= * EXCEPT|INTERSECT

                         UNION shift        689    
                        EXCEPT shift-reduce 91     multiselect_op ::= EXCEPT|INTERSECT
                     INTERSECT shift-reduce 91     multiselect_op ::= EXCEPT|INTERSECT
                multiselect_op shift        197    
                     {default} reduce       87     select ::= selectnowith

State 351:
     (85) select ::= WITH wqlist selectnowith *
          selectnowith ::= selectnowith * multiselect_op oneselect
          multiselect_op ::= * UNION
          multiselect_op ::= * UNION ALL
          multiselect_op ::= * EXCEPT|INTERSECT

                         UNION shift        689    
                        EXCEPT shift-reduce 91     multiselect_op ::= EXCEPT|INTERSECT
                     INTERSECT shift-reduce 91     multiselect_op ::= EXCEPT|INTERSECT
                multiselect_op shift        197    
                     {default} reduce       85     select ::= WITH wqlist selectnowith

State 352:
          distinct ::= * DISTINCT
          distinct ::= * ALL
    (100) distinct ::= *
          expr ::= ID|INDEXED|JOIN_KW LP * distinct exprlist RP
          expr ::= ID|INDEXED|JOIN_KW LP * distinct exprlist ORDER BY sortlist RP
          expr ::= ID|INDEXED|JOIN_KW LP * STAR RP
          expr ::= ID|INDEXED|JOIN_KW LP * distinct exprlist RP filter_over
          expr ::= ID|INDEXED|JOIN_KW LP * distinct exprlist ORDER BY sortlist RP filter_over
          expr ::= ID|INDEXED|JOIN_KW LP * STAR RP filter_over

                          STAR shift        634    
                           ALL shift-reduce 99     distinct ::= ALL
                      DISTINCT shift-reduce 98     distinct ::= DISTINCT
                      distinct shift        15     
                     {default} reduce       100    distinct ::=

State 353:
     (31) scantok ::= *
          ccons ::= DEFAULT * scantok term
          ccons ::= DEFAULT * LP expr RP
          ccons ::= DEFAULT * PLUS scantok term
          ccons ::= DEFAULT * MINUS scantok term
          ccons ::= DEFAULT * scantok ID|INDEXED

                            LP shift        168    
                          PLUS shift        481    
                         MINUS shift        480    
                       scantok shift        270    
                     {default} reduce       31     scantok ::=

State 354:
          cmd ::= BEGIN * transtype trans_opt
      (4) transtype ::= *
          transtype ::= * DEFERRED
          transtype ::= * IMMEDIATE
          transtype ::= * EXCLUSIVE

                      DEFERRED shift-reduce 5      transtype ::= DEFERRED
                     IMMEDIATE shift-reduce 6      transtype ::= IMMEDIATE
                     EXCLUSIVE shift-reduce 7      transtype ::= EXCLUSIVE
                     transtype shift        466    
                     {default} reduce       4      transtype ::=

State 355:
          cmd ::= ALTER TABLE fullname DROP * kwcolumn_opt nm
          cmd ::= ALTER TABLE fullname DROP * CONSTRAINT nm
    (442) kwcolumn_opt ::= *
          kwcolumn_opt ::= * COLUMNKW

                      COLUMNKW shift-reduce 443    kwcolumn_opt ::= COLUMNKW
                    CONSTRAINT shift        283    
                  kwcolumn_opt shift        284    
                     {default} reduce       442    kwcolumn_opt ::=

State 356:
          cmd ::= ALTER TABLE fullname RENAME * TO nm
          cmd ::= ALTER TABLE fullname RENAME * kwcolumn_opt nm TO nm
    (442) kwcolumn_opt ::= *
          kwcolumn_opt ::= * COLUMNKW

                            TO shift        289    
                      COLUMNKW shift-reduce 443    kwcolumn_opt ::= COLUMNKW
                  kwcolumn_opt shift        288    
                     {default} reduce       442    kwcolumn_opt ::=

State 357:
          cmd ::= with insert_cmd INTO xfullname idlist_opt select * upsert
    (166) upsert ::= *
          upsert ::= * RETURNING selcollist
          upsert ::= * ON CONFLICT LP sortlist RP where_opt DO UPDATE SET setlist where_opt upsert
          upsert ::= * ON CONFLICT LP sortlist RP where_opt DO NOTHING upsert
          upsert ::= * ON CONFLICT DO NOTHING returning
          upsert ::= * ON CONFLICT DO UPDATE SET setlist where_opt returning

                            ON shift        595    
                     RETURNING shift        267    
                        upsert shift-reduce 164    cmd ::= with insert_cmd INTO xfullname idlist_opt select upsert
                     {default} reduce       166    upsert ::=

State 358:
    (155) where_opt_ret ::= *
          where_opt_ret ::= * WHERE expr
          where_opt_ret ::= * RETURNING selcollist
          where_opt_ret ::= * WHERE expr RETURNING selcollist
          cmd ::= with UPDATE orconf xfullname indexed_opt SET setlist from * where_opt_ret

                         WHERE shift        118    
                     RETURNING shift        264    
                 where_opt_ret shift-reduce 159    cmd ::= with UPDATE orconf xfullname indexed_opt SET setlist from where_opt_ret
                     {default} reduce       155    where_opt_ret ::=

State 359:
    (107) from ::= *
          from ::= * FROM seltablist
          cmd ::= with UPDATE orconf xfullname indexed_opt SET setlist * from where_opt_ret
          setlist ::= setlist * COMMA nm EQ expr
          setlist ::= setlist * COMMA LP idlist RP EQ expr

                         COMMA shift        274    
                          FROM shift        268    
                          from shift        358    
                     {default} reduce       107    from ::=

State 360:
          cmd ::= with DELETE FROM xfullname indexed_opt * where_opt_ret
    (155) where_opt_ret ::= *
          where_opt_ret ::= * WHERE expr
          where_opt_ret ::= * RETURNING selcollist
          where_opt_ret ::= * WHERE expr RETURNING selcollist

                         WHERE shift        118    
                     RETURNING shift        264    
                 where_opt_ret shift-reduce 152    cmd ::= with DELETE FROM xfullname indexed_opt where_opt_ret
                     {default} reduce       155    where_opt_ret ::=

State 361:
    (438) tridxby ::= *
          tridxby ::= * INDEXED BY nm
          tridxby ::= * NOT INDEXED
          trigger_cmd ::= DELETE FROM xfullname * tridxby where_opt scanpt

                           NOT shift        603    
                       INDEXED shift        604    
                       tridxby shift        409    
                     {default} reduce       438    tridxby ::=

State 362:
    (153) where_opt ::= *
          where_opt ::= * WHERE expr
          setlist ::= setlist * COMMA nm EQ expr
          setlist ::= setlist * COMMA LP idlist RP EQ expr
          upsert ::= ON CONFLICT DO UPDATE SET setlist * where_opt returning

                         COMMA shift        274    
                         WHERE shift        136    
                     where_opt shift        410    
                     {default} reduce       153    where_opt ::=

State 363:
    (166) upsert ::= *
          upsert ::= * RETURNING selcollist
          upsert ::= * ON CONFLICT LP sortlist RP where_opt DO UPDATE SET setlist where_opt upsert
          upsert ::= * ON CONFLICT LP sortlist RP where_opt DO NOTHING upsert
          upsert ::= ON CONFLICT LP sortlist RP where_opt DO NOTHING * upsert
          upsert ::= * ON CONFLICT DO NOTHING returning
          upsert ::= * ON CONFLICT DO UPDATE SET setlist where_opt returning

                            ON shift        595    
                     RETURNING shift        267    
                        upsert shift-reduce 169    upsert ::= ON CONFLICT LP sortlist RP where_opt DO NOTHING upsert
                     {default} reduce       166    upsert ::=

State 364:
    (166) upsert ::= *
          upsert ::= * RETURNING selcollist
          upsert ::= * ON CONFLICT LP sortlist RP where_opt DO UPDATE SET setlist where_opt upsert
          upsert ::= ON CONFLICT LP sortlist RP where_opt DO UPDATE SET setlist where_opt * upsert
          upsert ::= * ON CONFLICT LP sortlist RP where_opt DO NOTHING upsert
          upsert ::= * ON CONFLICT DO NOTHING returning
          upsert ::= * ON CONFLICT DO UPDATE SET setlist where_opt returning

                            ON shift        595    
                     RETURNING shift        267    
                        upsert shift-reduce 168    upsert ::= ON CONFLICT LP sortlist RP where_opt DO UPDATE SET setlist where_opt upsert
                     {default} reduce       166    upsert ::=

State 365:
    (153) where_opt ::= *
          where_opt ::= * WHERE expr
          setlist ::= setlist * COMMA nm EQ expr
          setlist ::= setlist * COMMA LP idlist RP EQ expr
          upsert ::= ON CONFLICT LP sortlist RP where_opt DO UPDATE SET setlist * where_opt upsert

                         COMMA shift        274    
                         WHERE shift        136    
                     where_opt shift        364    
                     {default} reduce       153    where_opt ::=

State 366:
    (166) upsert ::= *
          upsert ::= * RETURNING selcollist
          upsert ::= * ON CONFLICT LP sortlist RP where_opt DO UPDATE SET setlist where_opt upsert
          upsert ::= * ON CONFLICT LP sortlist RP where_opt DO NOTHING upsert
          upsert ::= * ON CONFLICT DO NOTHING returning
          upsert ::= * ON CONFLICT DO UPDATE SET setlist where_opt returning
          trigger_cmd ::= scanpt insert_cmd INTO xfullname idlist_opt select * upsert scanpt

                            ON shift        595    
                     RETURNING shift        267    
                        upsert shift        474    
                     {default} reduce       166    upsert ::=

State 367:
    (107) from ::= *
          from ::= * FROM seltablist
          setlist ::= setlist * COMMA nm EQ expr
          setlist ::= setlist * COMMA LP idlist RP EQ expr
          trigger_cmd ::= UPDATE orconf xfullname tridxby SET setlist * from where_opt scanpt

                         COMMA shift        274    
                          FROM shift        268    
                          from shift        415    
                     {default} reduce       107    from ::=

State 368:
    (438) tridxby ::= *
          tridxby ::= * INDEXED BY nm
          tridxby ::= * NOT INDEXED
          trigger_cmd ::= UPDATE orconf xfullname * tridxby SET setlist from where_opt scanpt

                           NOT shift        603    
                       INDEXED shift        604    
                       tridxby shift        602    
                     {default} reduce       438    tridxby ::=

State 369:
          cmd ::= createkw temp PROCEDURE ifnotexists nm dbnm LP procparams RP procreturns * procsecurity BEGIN proc_cmd_list END
    (306) procsecurity ::= *
          procsecurity ::= * SECURITY INVOKER
          procsecurity ::= * SECURITY DEFINER
          procreturns ::= procreturns * RETURNS TABLE LP procretcols RP
          procreturns ::= procreturns * RETURNS NOTHING
          procreturns ::= procreturns * RETURNS nm

                      SECURITY shift        500    
                       RETURNS shift        273    
                  procsecurity shift        606    
                     {default} reduce       306    procsecurity ::=

State 370:
     (47) autoinc ::= *
          autoinc ::= * AUTOINCR
          tcons ::= PRIMARY KEY LP sortlist * autoinc RP onconf
          sortlist ::= sortlist * COMMA expr sortorder nulls

                         COMMA shift        138    
                      AUTOINCR shift-reduce 48     autoinc ::= AUTOINCR
                       autoinc shift        624    
                     {default} reduce       47     autoinc ::=

State 371:
    (414) conslist_opt ::= COMMA conslist *
          conslist ::= conslist * tconscomma tcons
          tconscomma ::= * COMMA
    (417) tconscomma ::= *

                            RP reduce       414    conslist_opt ::= COMMA conslist
                         COMMA shift-reduce 66     tconscomma ::= COMMA
                    tconscomma shift        275    
                     {default} reduce       417    tconscomma ::=

State 372:
     (42) ccons ::= REFERENCES nm eidlist_opt refargs *
          refargs ::= refargs * refarg
          refarg ::= * MATCH nm
          refarg ::= * ON INSERT refact
          refarg ::= * ON DELETE refact
          refarg ::= * ON UPDATE refact

                         MATCH shift        322    
                            ON shift        490    
                        refarg shift-reduce 50     refargs ::= refargs refarg
                     {default} reduce       42     ccons ::= REFERENCES nm eidlist_opt refargs

State 373:
          ccons ::= PRIMARY KEY * sortorder onconf autoinc
          sortorder ::= * ASC
          sortorder ::= * DESC
    (140) sortorder ::= *

                           ASC shift-reduce 138    sortorder ::= ASC
                          DESC shift-reduce 139    sortorder ::= DESC
                     sortorder shift        438    
                     {default} reduce       140    sortorder ::=

State 374:
          sortorder ::= * ASC
          sortorder ::= * DESC
    (140) sortorder ::= *
          eidlist ::= nm collate * sortorder

                           ASC shift-reduce 138    sortorder ::= ASC
                          DESC shift-reduce 139    sortorder ::= DESC
                     sortorder shift-reduce 245    eidlist ::= nm collate sortorder
                     {default} reduce       140    sortorder ::=

State 375:
          sortorder ::= * ASC
          sortorder ::= * DESC
    (140) sortorder ::= *
          eidlist ::= eidlist COMMA nm collate * sortorder

                           ASC shift-reduce 138    sortorder ::= ASC
                          DESC shift-reduce 139    sortorder ::= DESC
                     sortorder shift-reduce 244    eidlist ::= eidlist COMMA nm collate sortorder
                     {default} reduce       140    sortorder ::=

State 376:
          seltablist ::= stl_prefix LP select RP as * on_using
          on_using ::= * ON expr
          on_using ::= * USING LP idlist RP
    (130) on_using ::= *

                            ON shift        135    
                         USING shift        649    
                      on_using shift-reduce 114    seltablist ::= stl_prefix LP select RP as on_using
                     {default} reduce       130    on_using ::=

State 377:
          seltablist ::= stl_prefix LP seltablist RP as * on_using
          on_using ::= * ON expr
          on_using ::= * USING LP idlist RP
    (130) on_using ::= *

                            ON shift        135    
                         USING shift        649    
                      on_using shift-reduce 115    seltablist ::= stl_prefix LP seltablist RP as on_using
                     {default} reduce       130    on_using ::=

State 378:
          seltablist ::= stl_prefix nm dbnm LP exprlist RP as * on_using
          on_using ::= * ON expr
          on_using ::= * USING LP idlist RP
    (130) on_using ::= *

                            ON shift        135    
                         USING shift        649    
                      on_using shift-reduce 113    seltablist ::= stl_prefix nm dbnm LP exprlist RP as on_using
                     {default} reduce       130    on_using ::=

State 379:
          seltablist ::= stl_prefix nm dbnm as indexed_by * on_using
          on_using ::= * ON expr
          on_using ::= * USING LP idlist RP
    (130) on_using ::= *

                            ON shift        135    
                         USING shift        649    
                      on_using shift-reduce 112    seltablist ::= stl_prefix nm dbnm as indexed_by on_using
                     {default} reduce       130    on_using ::=

State 380:
    (134) orderby_opt ::= *
          orderby_opt ::= * ORDER BY sortlist
          nexprlist ::= nexprlist * COMMA expr
          window ::= nm PARTITION BY nexprlist * orderby_opt frame_opt

                         COMMA shift        152    
                         ORDER shift        668    
                   orderby_opt shift        252    
                     {default} reduce       134    orderby_opt ::=

State 381:
    (134) orderby_opt ::= *
          orderby_opt ::= * ORDER BY sortlist
          nexprlist ::= nexprlist * COMMA expr
          window ::= PARTITION BY nexprlist * orderby_opt frame_opt

                         COMMA shift        152    
                         ORDER shift        668    
                   orderby_opt shift        253    
                     {default} reduce       134    orderby_opt ::=

State 382:
          expr ::= CASE case_operand case_exprlist * case_else END
          case_exprlist ::= case_exprlist * WHEN expr THEN expr
          case_else ::= * ELSE expr
    (232) case_else ::= *

                          WHEN shift        147    
                          ELSE shift        144    
                     case_else shift        681    
                     {default} reduce       232    case_else ::=

State 383:
          oneselect ::= SELECT distinct selcollist * from where_opt groupby_opt having_opt orderby_opt limit_opt
          oneselect ::= SELECT distinct selcollist * from where_opt groupby_opt having_opt window_clause orderby_opt limit_opt
          sclp ::= selcollist * COMMA
    (107) from ::= *
          from ::= * FROM seltablist

                         COMMA shift-reduce 422    sclp ::= selcollist COMMA
                          FROM shift        268    
                          from shift        460    
                     {default} reduce       107    from ::=

State 384:
          oneselect ::= SELECT * distinct selcollist from where_opt groupby_opt having_opt orderby_opt limit_opt
          oneselect ::= SELECT * distinct selcollist from where_opt groupby_opt having_opt window_clause orderby_opt limit_opt
          distinct ::= * DISTINCT
          distinct ::= * ALL
    (100) distinct ::= *

                           ALL shift-reduce 99     distinct ::= ALL
                      DISTINCT shift-reduce 98     distinct ::= DISTINCT
                      distinct shift        269    
                     {default} reduce       100    distinct ::=

State 385:
          cmd ::= create_table * create_table_args
          create_table_args ::= * LP columnlist conslist_opt RP table_option_set
          create_table_args ::= * AS select

                            LP shift        191    
                            AS shift        19     
             create_table_args shift-reduce 399    cmd ::= create_table create_table_args

State 386:
     (73) onconf ::= *
          onconf ::= * ON CONFLICT resolvetype
          cmd ::= ALTER TABLE fullname ALTER kwcolumn_opt nm SET NOT NULL * onconf

                            ON shift        633    
                        onconf shift-reduce 339    cmd ::= ALTER TABLE fullname ALTER kwcolumn_opt nm SET NOT NULL onconf
                     {default} reduce       73     onconf ::=

State 387:
          cmd ::= ALTER TABLE fullname ALTER * kwcolumn_opt nm DROP NOT NULL
          cmd ::= ALTER TABLE fullname ALTER * kwcolumn_opt nm SET NOT NULL onconf
    (442) kwcolumn_opt ::= *
          kwcolumn_opt ::= * COLUMNKW

                      COLUMNKW shift-reduce 443    kwcolumn_opt ::= COLUMNKW
                  kwcolumn_opt shift        282    
                     {default} reduce       442    kwcolumn_opt ::=

State 388:
     (73) onconf ::= *
          onconf ::= * ON CONFLICT resolvetype
          cmd ::= ALTER TABLE fullname ADD CHECK LP expr RP * onconf

                            ON shift        633    
                        onconf shift-reduce 341    cmd ::= ALTER TABLE fullname ADD CHECK LP expr RP onconf
                     {default} reduce       73     onconf ::=

State 389:
     (73) onconf ::= *
          onconf ::= * ON CONFLICT resolvetype
          cmd ::= ALTER TABLE fullname ADD CONSTRAINT nm CHECK LP expr RP * onconf

                            ON shift        633    
                        onconf shift-reduce 340    cmd ::= ALTER TABLE fullname ADD CONSTRAINT nm CHECK LP expr RP onconf
                     {default} reduce       73     onconf ::=

State 390:
    (116) dbnm ::= *
          dbnm ::= * DOT nm
          cmd ::= ANALYZE nm * dbnm

                           DOT shift        331    
                          dbnm shift-reduce 331    cmd ::= ANALYZE nm dbnm
                     {default} reduce       116    dbnm ::=

State 391:
    (116) dbnm ::= *
          dbnm ::= * DOT nm
          cmd ::= REINDEX nm * dbnm

                           DOT shift        331    
                          dbnm shift-reduce 329    cmd ::= REINDEX nm dbnm
                     {default} reduce       116    dbnm ::=

State 392:
          cmd ::= DETACH * database_kw_opt expr
          database_kw_opt ::= * DATABASE
    (441) database_kw_opt ::= *

                      DATABASE shift-reduce 440    database_kw_opt ::= DATABASE
               database_kw_opt shift        113    
                     {default} reduce       441    database_kw_opt ::=

State 393:
          cmd ::= ATTACH * database_kw_opt expr AS expr key_opt
          database_kw_opt ::= * DATABASE
    (441) database_kw_opt ::= *

                      DATABASE shift-reduce 440    database_kw_opt ::= DATABASE
               database_kw_opt shift        116    
                     {default} reduce       441    database_kw_opt ::=

State 394:
    (116) dbnm ::= *
          dbnm ::= * DOT nm
          cmd ::= PRAGMA nm * dbnm
          cmd ::= PRAGMA nm * dbnm EQ nmnum
          cmd ::= PRAGMA nm * dbnm LP nmnum RP
          cmd ::= PRAGMA nm * dbnm EQ minus_num
          cmd ::= PRAGMA nm * dbnm LP minus_num RP

                           DOT shift        331    
                          dbnm shift        495    
                     {default} reduce       116    dbnm ::=

State 395:
          cmd ::= VACUUM nm * vinto
          vinto ::= * INTO expr
    (252) vinto ::= *

                          INTO shift        117    
                         vinto shift-reduce 250    cmd ::= VACUUM nm vinto
                     {default} reduce       252    vinto ::=

State 396:
          cmd ::= with insert_cmd INTO xfullname idlist_opt DEFAULT VALUES * returning
          returning ::= * RETURNING selcollist
    (425) returning ::= *

                     RETURNING shift        266    
                     returning shift-reduce 165    cmd ::= with insert_cmd INTO xfullname idlist_opt DEFAULT VALUES returning
                     {default} reduce       425    returning ::=

State 397:
          cmd ::= with insert_cmd INTO xfullname * idlist_opt select upsert
          cmd ::= with insert_cmd INTO xfullname * idlist_opt DEFAULT VALUES returning
    (175) idlist_opt ::= *
          idlist_opt ::= * LP idlist RP

                            LP shift        234    
                    idlist_opt shift        16     
                     {default} reduce       175    idlist_opt ::=

State 398:
     (75) orconf ::= *
          orconf ::= * OR resolvetype
          cmd ::= with UPDATE * orconf xfullname indexed_opt SET setlist from where_opt_ret

                            OR shift        210    
                        orconf shift        221    
                     {default} reduce       75     orconf ::=

State 399:
          ifexists ::= * IF EXISTS
     (81) ifexists ::= *
          cmd ::= DROP PROCEDURE * ifexists fullname

                            IF shift        555    
                      ifexists shift        223    
                     {default} reduce       81     ifexists ::=

State 400:
          ifexists ::= * IF EXISTS
     (81) ifexists ::= *
          cmd ::= DROP TRIGGER * ifexists fullname

                            IF shift        555    
                      ifexists shift        224    
                     {default} reduce       81     ifexists ::=

State 401:
          ifexists ::= * IF EXISTS
     (81) ifexists ::= *
          cmd ::= DROP INDEX * ifexists fullname

                            IF shift        555    
                      ifexists shift        225    
                     {default} reduce       81     ifexists ::=

State 402:
          ifexists ::= * IF EXISTS
     (81) ifexists ::= *
          cmd ::= DROP VIEW * ifexists fullname

                            IF shift        555    
                      ifexists shift        226    
                     {default} reduce       81     ifexists ::=

State 403:
          cmd ::= DROP TABLE * ifexists fullname
          ifexists ::= * IF EXISTS
     (81) ifexists ::= *

                            IF shift        555    
                      ifexists shift        227    
                     {default} reduce       81     ifexists ::=

State 404:
    (116) dbnm ::= *
          dbnm ::= * DOT nm
          create_vtab ::= createkw VIRTUAL TABLE ifnotexists nm * dbnm USING nm

                           DOT shift        331    
                          dbnm shift        556    
                     {default} reduce       116    dbnm ::=

State 405:
     (15) ifnotexists ::= *
          ifnotexists ::= * IF NOT EXISTS
          create_vtab ::= createkw VIRTUAL TABLE * ifnotexists nm dbnm USING nm

                            IF shift        617    
                   ifnotexists shift        296    
                     {default} reduce       15     ifnotexists ::=

State 406:
    (153) where_opt ::= *
          where_opt ::= * WHERE expr
          cmd ::= createkw uniqueflag INDEX ifnotexists nm dbnm ON nm LP sortlist RP * where_opt

                         WHERE shift        136    
                     where_opt shift-reduce 239    cmd ::= createkw uniqueflag INDEX ifnotexists nm dbnm ON nm LP sortlist RP where_opt
                     {default} reduce       153    where_opt ::=

State 407:
    (116) dbnm ::= *
          dbnm ::= * DOT nm
          cmd ::= createkw uniqueflag INDEX ifnotexists nm * dbnm ON nm LP sortlist RP where_opt

                           DOT shift        331    
                          dbnm shift        562    
                     {default} reduce       116    dbnm ::=

State 408:
     (15) ifnotexists ::= *
          ifnotexists ::= * IF NOT EXISTS
          cmd ::= createkw uniqueflag INDEX * ifnotexists nm dbnm ON nm LP sortlist RP where_opt

                            IF shift        617    
                   ifnotexists shift        298    
                     {default} reduce       15     ifnotexists ::=

State 409:
    (153) where_opt ::= *
          where_opt ::= * WHERE expr
          trigger_cmd ::= DELETE FROM xfullname tridxby * where_opt scanpt

                         WHERE shift        136    
                     where_opt shift        472    
                     {default} reduce       153    where_opt ::=

State 410:
          upsert ::= ON CONFLICT DO UPDATE SET setlist where_opt * returning
          returning ::= * RETURNING selcollist
    (425) returning ::= *

                     RETURNING shift        266    
                     returning shift-reduce 171    upsert ::= ON CONFLICT DO UPDATE SET setlist where_opt returning
                     {default} reduce       425    returning ::=

State 411:
          upsert ::= ON CONFLICT DO NOTHING * returning
          returning ::= * RETURNING selcollist
    (425) returning ::= *

                     RETURNING shift        266    
                     returning shift-reduce 170    upsert ::= ON CONFLICT DO NOTHING returning
                     {default} reduce       425    returning ::=

State 412:
    (153) where_opt ::= *
          where_opt ::= * WHERE expr
          upsert ::= ON CONFLICT LP sortlist RP * where_opt DO UPDATE SET setlist where_opt upsert
          upsert ::= ON CONFLICT LP sortlist RP * where_opt DO NOTHING upsert

                         WHERE shift        136    
                     where_opt shift        594    
                     {default} reduce       153    where_opt ::=

State 413:
    (175) idlist_opt ::= *
          idlist_opt ::= * LP idlist RP
          trigger_cmd ::= scanpt insert_cmd INTO xfullname * idlist_opt select upsert scanpt

                            LP shift        234    
                    idlist_opt shift        17     
                     {default} reduce       175    idlist_opt ::=

State 414:
     (75) orconf ::= *
          orconf ::= * OR resolvetype
          insert_cmd ::= INSERT * orconf

                            OR shift        210    
                        orconf shift-reduce 173    insert_cmd ::= INSERT orconf
                     {default} reduce       75     orconf ::=

State 415:
    (153) where_opt ::= *
          where_opt ::= * WHERE expr
          trigger_cmd ::= UPDATE orconf xfullname tridxby SET setlist from * where_opt scanpt

                         WHERE shift        136    
                     where_opt shift        475    
                     {default} reduce       153    where_opt ::=

State 416:
     (75) orconf ::= *
          orconf ::= * OR resolvetype
          trigger_cmd ::= UPDATE * orconf xfullname tridxby SET setlist from where_opt scanpt

                            OR shift        210    
                        orconf shift        238    
                     {default} reduce       75     orconf ::=

State 417:
    (116) dbnm ::= *
          dbnm ::= * DOT nm
          cmd ::= createkw temp PROCEDURE ifnotexists nm * dbnm LP procparams RP procreturns procsecurity BEGIN proc_cmd_list END

                           DOT shift        331    
                          dbnm shift        607    
                     {default} reduce       116    dbnm ::=

State 418:
     (15) ifnotexists ::= *
          ifnotexists ::= * IF NOT EXISTS
          cmd ::= createkw temp PROCEDURE * ifnotexists nm dbnm LP procparams RP procreturns procsecurity BEGIN proc_cmd_list END

                            IF shift        617    
                   ifnotexists shift        312    
                     {default} reduce       15     ifnotexists ::=

State 419:
          trigger_decl ::= temp TRIGGER ifnotexists nm dbnm trigger_time trigger_event ON fullname foreach_clause * when_clause
    (268) when_clause ::= *
          when_clause ::= * WHEN expr

                          WHEN shift        129    
                   when_clause shift-reduce 261    trigger_decl ::= temp TRIGGER ifnotexists nm dbnm trigger_time trigger_event ON fullname foreach_clause when_clause
                     {default} reduce       268    when_clause ::=

State 420:
          trigger_decl ::= temp TRIGGER ifnotexists nm dbnm trigger_time trigger_event ON fullname * foreach_clause when_clause
    (436) foreach_clause ::= *
          foreach_clause ::= * FOR EACH ROW

                           FOR shift        612    
                foreach_clause shift        419    
                     {default} reduce       436    foreach_clause ::=

State 421:
    (116) dbnm ::= *
          dbnm ::= * DOT nm
          trigger_decl ::= temp TRIGGER ifnotexists nm * dbnm trigger_time trigger_event ON fullname foreach_clause when_clause

                           DOT shift        331    
                          dbnm shift        343    
                     {default} reduce       116    dbnm ::=

State 422:
     (15) ifnotexists ::= *
          ifnotexists ::= * IF NOT EXISTS
          trigger_decl ::= temp TRIGGER * ifnotexists nm dbnm trigger_time trigger_event ON fullname foreach_clause when_clause

                            IF shift        617    
                   ifnotexists shift        314    
                     {default} reduce       15     ifnotexists ::=

State 423:
          cmd ::= createkw temp VIEW ifnotexists nm dbnm * eidlist_opt AS select
    (242) eidlist_opt ::= *
          eidlist_opt ::= * LP eidlist RP

                            LP shift        243    
                   eidlist_opt shift        615    
                     {default} reduce       242    eidlist_opt ::=

State 424:
          cmd ::= createkw temp VIEW ifnotexists nm * dbnm eidlist_opt AS select
    (116) dbnm ::= *
          dbnm ::= * DOT nm

                           DOT shift        331    
                          dbnm shift        423    
                     {default} reduce       116    dbnm ::=

State 425:
     (15) ifnotexists ::= *
          ifnotexists ::= * IF NOT EXISTS
          cmd ::= createkw temp VIEW * ifnotexists nm dbnm eidlist_opt AS select

                            IF shift        617    
                   ifnotexists shift        315    
                     {default} reduce       15     ifnotexists ::=

State 426:
          create_table ::= createkw temp TABLE ifnotexists nm * dbnm
    (116) dbnm ::= *
          dbnm ::= * DOT nm

                           DOT shift        331    
                          dbnm shift-reduce 13     create_table ::= createkw temp TABLE ifnotexists nm dbnm
                     {default} reduce       116    dbnm ::=

State 427:
          create_table ::= createkw temp TABLE * ifnotexists nm dbnm
     (15) ifnotexists ::= *
          ifnotexists ::= * IF NOT EXISTS

                            IF shift        617    
                   ifnotexists shift        316    
                     {default} reduce       15     ifnotexists ::=

State 428:
          tcons ::= FOREIGN KEY LP eidlist RP REFERENCES nm * eidlist_opt refargs defer_subclause_opt
    (242) eidlist_opt ::= *
          eidlist_opt ::= * LP eidlist RP

                            LP shift        243    
                   eidlist_opt shift        478    
                     {default} reduce       242    eidlist_opt ::=

State 429:
          tcons ::= CHECK LP expr RP * onconf
     (73) onconf ::= *
          onconf ::= * ON CONFLICT resolvetype

                            ON shift        633    
                        onconf shift-reduce 70     tcons ::= CHECK LP expr RP onconf
                     {default} reduce       73     onconf ::=

State 430:
          tcons ::= UNIQUE LP sortlist RP * onconf
     (73) onconf ::= *
          onconf ::= * ON CONFLICT resolvetype

                            ON shift        633    
                        onconf shift-reduce 69     tcons ::= UNIQUE LP sortlist RP onconf
                     {default} reduce       73     onconf ::=

State 431:
          tcons ::= PRIMARY KEY LP sortlist autoinc RP * onconf
     (73) onconf ::= *
          onconf ::= * ON CONFLICT resolvetype

                            ON shift        633    
                        onconf shift-reduce 68     tcons ::= PRIMARY KEY LP sortlist autoinc RP onconf
                     {default} reduce       73     onconf ::=

State 432:
          defer_subclause ::= DEFERRABLE * init_deferred_pred_opt
     (62) init_deferred_pred_opt ::= *
          init_deferred_pred_opt ::= * INITIALLY DEFERRED
          init_deferred_pred_opt ::= * INITIALLY IMMEDIATE

                     INITIALLY shift        514    
        init_deferred_pred_opt shift-reduce 61     defer_subclause ::= DEFERRABLE init_deferred_pred_opt
                     {default} reduce       62     init_deferred_pred_opt ::=

State 433:
          ccons ::= AS * generated
          generated ::= * LP expr RP
          generated ::= * LP expr RP ID

                            LP shift        131    
                     generated shift-reduce 413    ccons ::= AS generated

State 434:
          ccons ::= GENERATED ALWAYS AS * generated
          generated ::= * LP expr RP
          generated ::= * LP expr RP ID

                            LP shift        131    
                     generated shift-reduce 412    ccons ::= GENERATED ALWAYS AS generated

State 435:
          ccons ::= REFERENCES nm * eidlist_opt refargs
    (242) eidlist_opt ::= *
          eidlist_opt ::= * LP eidlist RP

                            LP shift        243    
                   eidlist_opt shift        479    
                     {default} reduce       242    eidlist_opt ::=

State 436:
          ccons ::= UNIQUE * onconf
     (73) onconf ::= *
          onconf ::= * ON CONFLICT resolvetype

                            ON shift        633    
                        onconf shift-reduce 40     ccons ::= UNIQUE onconf
                     {default} reduce       73     onconf ::=

State 437:
          ccons ::= PRIMARY KEY sortorder onconf * autoinc
     (47) autoinc ::= *
          autoinc ::= * AUTOINCR

                      AUTOINCR shift-reduce 48     autoinc ::= AUTOINCR
                       autoinc shift-reduce 39     ccons ::= PRIMARY KEY sortorder onconf autoinc
                     {default} reduce       47     autoinc ::=

State 438:
          ccons ::= PRIMARY KEY sortorder * onconf autoinc
     (73) onconf ::= *
          onconf ::= * ON CONFLICT resolvetype

                            ON shift        633    
                        onconf shift        437    
                     {default} reduce       73     onconf ::=

State 439:
          defer_subclause ::= NOT DEFERRABLE * init_deferred_pred_opt
     (62) init_deferred_pred_opt ::= *
          init_deferred_pred_opt ::= * INITIALLY DEFERRED
          init_deferred_pred_opt ::= * INITIALLY IMMEDIATE

                     INITIALLY shift        514    
        init_deferred_pred_opt shift-reduce 60     defer_subclause ::= NOT DEFERRABLE init_deferred_pred_opt
                     {default} reduce       62     init_deferred_pred_opt ::=

State 440:
          ccons ::= NOT NULL * onconf
     (73) onconf ::= *
          onconf ::= * ON CONFLICT resolvetype

                            ON shift        633    
                        onconf shift-reduce 38     ccons ::= NOT NULL onconf
                     {default} reduce       73     onconf ::=

State 441:
          ccons ::= NULL * onconf
     (73) onconf ::= *
          onconf ::= * ON CONFLICT resolvetype

                            ON shift        633    
                        onconf shift-reduce 411    ccons ::= NULL onconf
                     {default} reduce       73     onconf ::=

State 442:
          filter_over ::= filter_clause * over_clause
    (383) filter_over ::= filter_clause *
          over_clause ::= * OVER LP window RP
          over_clause ::= * OVER nm

                          OVER shift        276    
                   over_clause shift-reduce 381    filter_over ::= filter_clause over_clause
                     {default} reduce       383    filter_over ::= filter_clause

State 443:
          wqas ::= * AS
          wqas ::= * AS MATERIALIZED
          wqas ::= * AS NOT MATERIALIZED
          wqitem ::= withnm eidlist_opt * wqas LP select RP

                            AS shift        518    
                          wqas shift        642    

State 444:
          eidlist ::= nm * collate sortorder
    (246) collate ::= *
          collate ::= * COLLATE ID|STRING

                       COLLATE shift        519    
                       collate shift        374    
                     {default} reduce       246    collate ::=

State 445:
          eidlist ::= eidlist COMMA nm * collate sortorder
    (246) collate ::= *
          collate ::= * COLLATE ID|STRING

                       COLLATE shift        519    
                       collate shift        375    
                     {default} reduce       246    collate ::=

State 446:
    (242) eidlist_opt ::= *
          eidlist_opt ::= * LP eidlist RP
          wqitem ::= withnm * eidlist_opt wqas LP select RP

                            LP shift        243    
                   eidlist_opt shift        443    
                     {default} reduce       242    eidlist_opt ::=

State 447:
          seltablist ::= stl_prefix nm * dbnm as on_using
          seltablist ::= stl_prefix nm * dbnm as indexed_by on_using
          seltablist ::= stl_prefix nm * dbnm LP exprlist RP as on_using
    (116) dbnm ::= *
          dbnm ::= * DOT nm

                           DOT shift        331    
                          dbnm shift        329    
                     {default} reduce       116    dbnm ::=

State 448:
          frame_opt ::= range_or_rows BETWEEN frame_bound_s AND frame_bound_e * frame_exclude_opt
    (375) frame_exclude_opt ::= *
          frame_exclude_opt ::= * EXCLUDE frame_exclude

                       EXCLUDE shift        330    
             frame_exclude_opt shift-reduce 367    frame_opt ::= range_or_rows BETWEEN frame_bound_s AND frame_bound_e frame_exclude_opt
                     {default} reduce       375    frame_exclude_opt ::=

State 449:
          frame_opt ::= range_or_rows frame_bound_s * frame_exclude_opt
    (375) frame_exclude_opt ::= *
          frame_exclude_opt ::= * EXCLUDE frame_exclude

                       EXCLUDE shift        330    
             frame_exclude_opt shift-reduce 366    frame_opt ::= range_or_rows frame_bound_s frame_exclude_opt
                     {default} reduce       375    frame_exclude_opt ::=

State 450:
          sortlist ::= expr sortorder * nulls
          nulls ::= * NULLS FIRST
          nulls ::= * NULLS LAST
    (143) nulls ::= *

                         NULLS shift        522    
                         nulls shift-reduce 137    sortlist ::= expr sortorder nulls
                     {default} reduce       143    nulls ::=

State 451:
          sortlist ::= sortlist COMMA expr sortorder * nulls
          nulls ::= * NULLS FIRST
          nulls ::= * NULLS LAST
    (143) nulls ::= *

                         NULLS shift        522    
                         nulls shift-reduce 136    sortlist ::= sortlist COMMA expr sortorder nulls
                     {default} reduce       143    nulls ::=

State 452:
          oneselect ::= SELECT distinct selcollist from where_opt groupby_opt having_opt window_clause orderby_opt * limit_opt
    (148) limit_opt ::= *
          limit_opt ::= * LIMIT expr
          limit_opt ::= * LIMIT expr OFFSET expr
          limit_opt ::= * LIMIT expr COMMA expr

                         LIMIT shift        167    
                     limit_opt shift-reduce 93     oneselect ::= SELECT distinct selcollist from where_opt groupby_opt having_opt window_clause orderby_opt limit_opt
                     {default} reduce       148    limit_opt ::=

State 453:
          oneselect ::= SELECT distinct selcollist from where_opt groupby_opt having_opt window_clause * orderby_opt limit_opt
    (134) orderby_opt ::= *
          orderby_opt ::= * ORDER BY sortlist

                         ORDER shift        668    
                   orderby_opt shift        452    
                     {default} reduce       134    orderby_opt ::=

State 454:
          expr ::= expr in_op nm dbnm * paren_exprlist
    (237) paren_exprlist ::= *
          paren_exprlist ::= * LP exprlist RP

                            LP shift        14     
                paren_exprlist shift-reduce 226    expr ::= expr in_op nm dbnm paren_exprlist
                     {default} reduce       237    paren_exprlist ::=

State 455:
    (116) dbnm ::= *
          dbnm ::= * DOT nm
          expr ::= expr in_op nm * dbnm paren_exprlist

                           DOT shift        331    
                          dbnm shift        454    
                     {default} reduce       116    dbnm ::=

State 456:
          expr ::= CASE case_operand * case_exprlist case_else END
          case_exprlist ::= * case_exprlist WHEN expr THEN expr
          case_exprlist ::= * WHEN expr THEN expr

                          WHEN shift        143    
                 case_exprlist shift        382    

State 457:
          oneselect ::= SELECT distinct selcollist from where_opt groupby_opt having_opt orderby_opt * limit_opt
    (148) limit_opt ::= *
          limit_opt ::= * LIMIT expr
          limit_opt ::= * LIMIT expr OFFSET expr
          limit_opt ::= * LIMIT expr COMMA expr

                         LIMIT shift        167    
                     limit_opt shift-reduce 92     oneselect ::= SELECT distinct selcollist from where_opt groupby_opt having_opt orderby_opt limit_opt
                     {default} reduce       148    limit_opt ::=

State 458:
          oneselect ::= SELECT distinct selcollist from where_opt groupby_opt * having_opt orderby_opt limit_opt
          oneselect ::= SELECT distinct selcollist from where_opt groupby_opt * having_opt window_clause orderby_opt limit_opt
    (146) having_opt ::= *
          having_opt ::= * HAVING expr

                        HAVING shift        137    
                    having_opt shift        262    
                     {default} reduce       146    having_opt ::=

State 459:
          oneselect ::= SELECT distinct selcollist from where_opt * groupby_opt having_opt orderby_opt limit_opt
          oneselect ::= SELECT distinct selcollist from where_opt * groupby_opt having_opt window_clause orderby_opt limit_opt
    (144) groupby_opt ::= *
          groupby_opt ::= * GROUP BY nexprlist

                         GROUP shift        652    
                   groupby_opt shift        458    
                     {default} reduce       144    groupby_opt ::=

State 460:
          oneselect ::= SELECT distinct selcollist from * where_opt groupby_opt having_opt orderby_opt limit_opt
          oneselect ::= SELECT distinct selcollist from * where_opt groupby_opt having_opt window_clause orderby_opt limit_opt
    (153) where_opt ::= *
          where_opt ::= * WHERE expr

                         WHERE shift        136    
                     where_opt shift        459    
                     {default} reduce       153    where_opt ::=

State 461:
          create_table_args ::= LP columnlist * conslist_opt RP table_option_set
          columnlist ::= columnlist * COMMA columnname carglist
     (65) conslist_opt ::= *
          conslist_opt ::= * COMMA conslist

                         COMMA shift        53     
                  conslist_opt shift        694    
                     {default} reduce       65     conslist_opt ::=

State 462:
          savepoint_opt ::= * SAVEPOINT
    (398) savepoint_opt ::= *
          cmd ::= RELEASE * savepoint_opt nm

                     SAVEPOINT shift-reduce 397    savepoint_opt ::= SAVEPOINT
                 savepoint_opt shift        337    
                     {default} reduce       398    savepoint_opt ::=

State 463:
          savepoint_opt ::= * SAVEPOINT
    (398) savepoint_opt ::= *
          cmd ::= ROLLBACK trans_opt TO * savepoint_opt nm

                     SAVEPOINT shift-reduce 397    savepoint_opt ::= SAVEPOINT
                 savepoint_opt shift        339    
                     {default} reduce       398    savepoint_opt ::=

State 464:
    (394) trans_opt ::= *
          trans_opt ::= * TRANSACTION
          trans_opt ::= * TRANSACTION nm
          cmd ::= ROLLBACK * trans_opt
          cmd ::= ROLLBACK * trans_opt TO savepoint_opt nm

                   TRANSACTION shift        340    
                     trans_opt shift        695    
                     {default} reduce       394    trans_opt ::=

State 465:
    (394) trans_opt ::= *
          trans_opt ::= * TRANSACTION
          trans_opt ::= * TRANSACTION nm
          cmd ::= COMMIT|END * trans_opt

                   TRANSACTION shift        340    
                     trans_opt shift-reduce 8      cmd ::= COMMIT|END trans_opt
                     {default} reduce       394    trans_opt ::=

State 466:
          cmd ::= BEGIN transtype * trans_opt
    (394) trans_opt ::= *
          trans_opt ::= * TRANSACTION
          trans_opt ::= * TRANSACTION nm

                   TRANSACTION shift        340    
                     trans_opt shift-reduce 3      cmd ::= BEGIN transtype trans_opt
                     {default} reduce       394    trans_opt ::=

State 467:
    (447) anylist ::= *
          anylist ::= * anylist LP anylist RP
          anylist ::= anylist LP * anylist RP
          anylist ::= * anylist ANY

                       anylist shift        488    
                     {default} reduce       447    anylist ::=

State 468:
          vtabargtoken ::= lp * anylist RP
    (447) anylist ::= *
          anylist ::= * anylist LP anylist RP
          anylist ::= * anylist ANY

                       anylist shift        489    
                     {default} reduce       447    anylist ::=

State 469:
          vtabarglist ::= vtabarglist COMMA * vtabarg
    (345) vtabarg ::= *
          vtabarg ::= * vtabarg vtabargtoken

                       vtabarg shift        215    
                     {default} reduce       345    vtabarg ::=

State 470:
          carglist ::= * carglist ccons
    (410) carglist ::= *
          cmd ::= alter_add * carglist

                      carglist shift        202    
                     {default} reduce       410    carglist ::=

State 471:
     (30) scanpt ::= *
          trigger_cmd ::= scanpt select * scanpt

                        scanpt shift-reduce 277    trigger_cmd ::= scanpt select scanpt
                     {default} reduce       30     scanpt ::=

State 472:
     (30) scanpt ::= *
          trigger_cmd ::= DELETE FROM xfullname tridxby where_opt * scanpt

                        scanpt shift-reduce 276    trigger_cmd ::= DELETE FROM xfullname tridxby where_opt scanpt
                     {default} reduce       30     scanpt ::=

State 473:
     (30) scanpt ::= *
          trigger_cmd ::= scanpt select * scanpt
          proc_cmd ::= scanpt select * scanpt INTO idlist

                        scanpt shift        590    
                     {default} reduce       30     scanpt ::=

State 474:
     (30) scanpt ::= *
          trigger_cmd ::= scanpt insert_cmd INTO xfullname idlist_opt select upsert * scanpt

                        scanpt shift-reduce 275    trigger_cmd ::= scanpt insert_cmd INTO xfullname idlist_opt select upsert scanpt
                     {default} reduce       30     scanpt ::=

State 475:
     (30) scanpt ::= *
          trigger_cmd ::= UPDATE orconf xfullname tridxby SET setlist from where_opt * scanpt

                        scanpt shift-reduce 274    trigger_cmd ::= UPDATE orconf xfullname tridxby SET setlist from where_opt scanpt
                     {default} reduce       30     scanpt ::=

State 476:
          cmd ::= createkw temp PROCEDURE ifnotexists nm dbnm LP procparams RP * procreturns procsecurity BEGIN proc_cmd_list END
    (309) procreturns ::= *
          procreturns ::= * procreturns RETURNS TABLE LP procretcols RP
          procreturns ::= * procreturns RETURNS NOTHING
          procreturns ::= * procreturns RETURNS nm

                   procreturns shift        369    
                     {default} reduce       309    procreturns ::=

State 477:
          columnlist ::= columnname * carglist
          carglist ::= * carglist ccons
    (410) carglist ::= *

                      carglist shift        203    
                     {default} reduce       410    carglist ::=

State 478:
     (49) refargs ::= *
          refargs ::= * refargs refarg
          tcons ::= FOREIGN KEY LP eidlist RP REFERENCES nm eidlist_opt * refargs defer_subclause_opt

                       refargs shift        186    
                     {default} reduce       49     refargs ::=

State 479:
          ccons ::= REFERENCES nm eidlist_opt * refargs
     (49) refargs ::= *
          refargs ::= * refargs refarg

                       refargs shift        372    
                     {default} reduce       49     refargs ::=

State 480:
     (31) scantok ::= *
          ccons ::= DEFAULT MINUS * scantok term

                       scantok shift        271    
                     {default} reduce       31     scantok ::=

State 481:
     (31) scantok ::= *
          ccons ::= DEFAULT PLUS * scantok term

                       scantok shift        272    
                     {default} reduce       31     scantok ::=

State 482:
     (30) scanpt ::= *
          selcollist ::= sclp * scanpt expr scanpt as
          selcollist ::= sclp * scanpt STAR
          selcollist ::= sclp * scanpt nm DOT STAR

                        scanpt shift        108    
                     {default} reduce       30     scanpt ::=

State 483:
          columnlist ::= columnlist COMMA columnname * carglist
          carglist ::= * carglist ccons
    (410) carglist ::= *

                      carglist shift        204    
                     {default} reduce       410    carglist ::=

State 484:
          cmd ::= DROP * TABLE ifexists fullname
          cmd ::= DROP * VIEW ifexists fullname
          cmd ::= DROP * INDEX ifexists fullname
          cmd ::= DROP * TRIGGER ifexists fullname
          cmd ::= DROP * PROCEDURE ifexists fullname

                         TABLE shift        403    
                       TRIGGER shift        400    
                          VIEW shift        402    
                     PROCEDURE shift        399    
                         INDEX shift        401    

State 485:
          likeop ::= NOT * LIKE_KW|MATCH
          expr ::= expr NOT * NULL
          between_op ::= NOT * BETWEEN
          in_op ::= NOT * IN

                         MATCH shift-reduce 205    likeop ::= NOT LIKE_KW|MATCH
                       LIKE_KW shift-reduce 205    likeop ::= NOT LIKE_KW|MATCH
                       BETWEEN shift-reduce 219    between_op ::= NOT BETWEEN
                            IN shift-reduce 222    in_op ::= NOT IN
                          NULL shift-reduce 209    expr ::= expr NOT NULL

State 486:
          cmd ::= ALTER TABLE fullname * RENAME TO nm
          alter_add ::= ALTER TABLE fullname * ADD kwcolumn_opt nm typetoken
          cmd ::= ALTER TABLE fullname * DROP kwcolumn_opt nm
          cmd ::= ALTER TABLE fullname * RENAME kwcolumn_opt nm TO nm
          cmd ::= ALTER TABLE fullname * DROP CONSTRAINT nm
          cmd ::= ALTER TABLE fullname * ALTER kwcolumn_opt nm DROP NOT NULL
          cmd ::= ALTER TABLE fullname * ALTER kwcolumn_opt nm SET NOT NULL onconf
          cmd ::= ALTER TABLE fullname * ADD CONSTRAINT nm CHECK LP expr RP onconf
          cmd ::= ALTER TABLE fullname * ADD CHECK LP expr RP onconf

                        RENAME shift        356    
                          DROP shift        355    
                         ALTER shift        387    
                           ADD shift        341    

State 487:
          create_table ::= createkw temp * TABLE ifnotexists nm dbnm
          cmd ::= createkw temp * VIEW ifnotexists nm dbnm eidlist_opt AS select
          trigger_decl ::= temp * TRIGGER ifnotexists nm dbnm trigger_time trigger_event ON fullname foreach_clause when_clause
          cmd ::= createkw temp * PROCEDURE ifnotexists nm dbnm LP procparams RP procreturns procsecurity BEGIN proc_cmd_list END

                         TABLE shift        427    
                       TRIGGER shift        422    
                          VIEW shift        425    
                     PROCEDURE shift        418    

State 488:
          anylist ::= anylist * LP anylist RP
          anylist ::= anylist LP anylist * RP
          anylist ::= anylist * ANY

                            LP shift        467    
                            RP shift-reduce 448    anylist ::= anylist LP anylist RP
                           ANY shift-reduce 449    anylist ::= anylist ANY

State 489:
          vtabargtoken ::= lp anylist * RP
          anylist ::= anylist * LP anylist RP
          anylist ::= anylist * ANY

                            LP shift        467    
                            RP shift-reduce 347    vtabargtoken ::= lp anylist RP
                           ANY shift-reduce 449    anylist ::= anylist ANY

State 490:
          refarg ::= ON * INSERT refact
          refarg ::= ON * DELETE refact
          refarg ::= ON * UPDATE refact

                        INSERT shift        321    
                        DELETE shift        320    
                        UPDATE shift        319    

State 491:
    (405) typetoken ::= typename *
          typetoken ::= typename * LP signed RP
          typetoken ::= typename * LP signed COMMA signed RP
          typename ::= typename * ID|STRING

                            LP shift        190    
                            ID shift-reduce 29     typename ::= typename ID|STRING
                        STRING shift-reduce 29     typename ::= typename ID|STRING
                     {default} reduce       405    typetoken ::= typename

State 492:
          cmd ::= create_vtab LP vtabarglist * RP
          vtabarglist ::= vtabarglist * COMMA vtabarg

                            RP shift-reduce 343    cmd ::= create_vtab LP vtabarglist RP
                         COMMA shift        469    

State 493:
          cmd ::= ALTER TABLE fullname ALTER kwcolumn_opt nm * DROP NOT NULL
          cmd ::= ALTER TABLE fullname ALTER kwcolumn_opt nm * SET NOT NULL onconf

                           SET shift        535    
                          DROP shift        537    

State 494:
          cmd ::= CALL fullname * LP exprlist RP
    (319) cmd ::= CALL fullname *
          cmd ::= CALL fullname * LP exprlist RP RETURNING projlist
          cmd ::= CALL fullname * RETURNING projlist

                            LP shift        11     
                     RETURNING shift        217    
                     {default} reduce       319    cmd ::= CALL fullname

State 495:
    (253) cmd ::= PRAGMA nm dbnm *
          cmd ::= PRAGMA nm dbnm * EQ nmnum
          cmd ::= PRAGMA nm dbnm * LP nmnum RP
          cmd ::= PRAGMA nm dbnm * EQ minus_num
          cmd ::= PRAGMA nm dbnm * LP minus_num RP

                            LP shift        43     
                            EQ shift        44     
                     {default} reduce       253    cmd ::= PRAGMA nm dbnm

State 496:
          sortlist ::= sortlist * COMMA expr sortorder nulls
          cmd ::= createkw uniqueflag INDEX ifnotexists nm dbnm ON nm LP sortlist * RP where_opt

                            RP shift        406    
                         COMMA shift        138    

State 497:
          procretcols ::= procretcols * COMMA nm typetoken
          procretcols ::= procretcols * COMMA nm TABLE LP procretcols RP KEY LP nm EQ nm RP
          procretcols ::= procretcols COMMA nm TABLE LP procretcols * RP KEY LP nm EQ nm RP

                            RP shift        567    
                         COMMA shift        304    

State 498:
          procretcols ::= procretcols * COMMA nm typetoken
          procretcols ::= nm TABLE LP procretcols * RP KEY LP nm EQ nm RP
          procretcols ::= procretcols * COMMA nm TABLE LP procretcols RP KEY LP nm EQ nm RP

                            RP shift        571    
                         COMMA shift        304    

State 499:
          procreturns ::= procreturns RETURNS TABLE LP procretcols * RP
          procretcols ::= procretcols * COMMA nm typetoken
          procretcols ::= procretcols * COMMA nm TABLE LP procretcols RP KEY LP nm EQ nm RP

                            RP shift-reduce 310    procreturns ::= procreturns RETURNS TABLE LP procretcols RP
                         COMMA shift        304    

State 500:
          procsecurity ::= SECURITY * INVOKER
          procsecurity ::= SECURITY * DEFINER

                       DEFINER shift-reduce 308    procsecurity ::= SECURITY DEFINER
                       INVOKER shift-reduce 307    procsecurity ::= SECURITY INVOKER

State 501:
          upsert ::= ON CONFLICT DO * NOTHING returning
          upsert ::= ON CONFLICT DO * UPDATE SET setlist where_opt returning

                        UPDATE shift        591    
                       NOTHING shift        411    

State 502:
          upsert ::= ON CONFLICT LP sortlist RP where_opt DO * UPDATE SET setlist where_opt upsert
          upsert ::= ON CONFLICT LP sortlist RP where_opt DO * NOTHING upsert

                        UPDATE shift        593    
                       NOTHING shift        363    

State 503:
          sortlist ::= sortlist * COMMA expr sortorder nulls
          upsert ::= ON CONFLICT LP sortlist * RP where_opt DO UPDATE SET setlist where_opt upsert
          upsert ::= ON CONFLICT LP sortlist * RP where_opt DO NOTHING upsert

                            RP shift        412    
                         COMMA shift        138    

State 504:
          upsert ::= ON CONFLICT * LP sortlist RP where_opt DO UPDATE SET setlist where_opt upsert
          upsert ::= ON CONFLICT * LP sortlist RP where_opt DO NOTHING upsert
          upsert ::= ON CONFLICT * DO NOTHING returning
          upsert ::= ON CONFLICT * DO UPDATE SET setlist where_opt returning

                            LP shift        27     
                            DO shift        501    

State 505:
          idlist_opt ::= LP idlist * RP
          idlist ::= idlist * COMMA nm

                            RP shift-reduce 176    idlist_opt ::= LP idlist RP
                         COMMA shift        327    

State 506:
          setlist ::= LP idlist * RP EQ expr
          idlist ::= idlist * COMMA nm

                            RP shift        598    
                         COMMA shift        327    

State 507:
          setlist ::= setlist COMMA LP idlist * RP EQ expr
          idlist ::= idlist * COMMA nm

                            RP shift        600    
                         COMMA shift        327    

State 508:
    (120) xfullname ::= nm *
          xfullname ::= nm * DOT nm
          xfullname ::= nm * AS nm
          xfullname ::= nm * DOT nm AS nm

                            AS shift        309    
                           DOT shift        311    
                     {default} reduce       120    xfullname ::= nm

State 509:
          cmd ::= createkw temp PROCEDURE ifnotexists nm dbnm LP procparams * RP procreturns procsecurity BEGIN proc_cmd_list END
          procparams ::= procparams * COMMA nm typetoken

                            RP shift        476    
                         COMMA shift        299    

State 510:
          tcons ::= FOREIGN KEY LP eidlist * RP REFERENCES nm eidlist_opt refargs defer_subclause_opt
          eidlist ::= eidlist * COMMA nm collate sortorder

                            RP shift        619    
                         COMMA shift        324    

State 511:
          tcons ::= UNIQUE LP sortlist * RP onconf
          sortlist ::= sortlist * COMMA expr sortorder nulls

                            RP shift        430    
                         COMMA shift        138    

State 512:
          ccons ::= COLLATE * ID|STRING

                            ID shift-reduce 44     ccons ::= COLLATE ID|STRING
                        STRING shift-reduce 44     ccons ::= COLLATE ID|STRING

State 513:
          refact ::= SET * NULL
          refact ::= SET * DEFAULT

                       DEFAULT shift-reduce 56     refact ::= SET DEFAULT
                          NULL shift-reduce 55     refact ::= SET NULL

State 514:
          init_deferred_pred_opt ::= INITIALLY * DEFERRED
          init_deferred_pred_opt ::= INITIALLY * IMMEDIATE

                      DEFERRED shift-reduce 63     init_deferred_pred_opt ::= INITIALLY DEFERRED
                     IMMEDIATE shift-reduce 64     init_deferred_pred_opt ::= INITIALLY IMMEDIATE

State 515:
          ccons ::= NOT * NULL onconf
          defer_subclause ::= NOT * DEFERRABLE init_deferred_pred_opt

                          NULL shift        440    
                    DEFERRABLE shift        439    

State 516:
          sortlist ::= sortlist * COMMA expr sortorder nulls
          expr ::= ID|INDEXED|JOIN_KW LP distinct exprlist ORDER BY sortlist * RP
          expr ::= ID|INDEXED|JOIN_KW LP distinct exprlist ORDER BY sortlist * RP filter_over

                            RP shift        195    
                         COMMA shift        138    

State 517:
          expr ::= ID|INDEXED|JOIN_KW LP distinct exprlist * RP
          expr ::= ID|INDEXED|JOIN_KW LP distinct exprlist * ORDER BY sortlist RP
          expr ::= ID|INDEXED|JOIN_KW LP distinct exprlist * RP filter_over
          expr ::= ID|INDEXED|JOIN_KW LP distinct exprlist * ORDER BY sortlist RP filter_over

                            RP shift        196    
                         ORDER shift        635    

State 518:
    (351) wqas ::= AS *
          wqas ::= AS * MATERIALIZED
          wqas ::= AS * NOT MATERIALIZED

                           NOT shift        643    
                  MATERIALIZED shift-reduce 352    wqas ::= AS MATERIALIZED
                     {default} reduce       351    wqas ::= AS

State 519:
          collate ::= COLLATE * ID|STRING

                            ID shift-reduce 247    collate ::= COLLATE ID|STRING
                        STRING shift-reduce 247    collate ::= COLLATE ID|STRING

State 520:
          eidlist_opt ::= LP eidlist * RP
          eidlist ::= eidlist * COMMA nm collate sortorder

                            RP shift-reduce 243    eidlist_opt ::= LP eidlist RP
                         COMMA shift        324    

State 521:
          on_using ::= USING LP idlist * RP
          idlist ::= idlist * COMMA nm

                            RP shift-reduce 129    on_using ::= USING LP idlist RP
                         COMMA shift        327    

State 522:
          nulls ::= NULLS * FIRST
          nulls ::= NULLS * LAST

                         FIRST shift-reduce 141    nulls ::= NULLS FIRST
                          LAST shift-reduce 142    nulls ::= NULLS LAST

State 523:
          mvalues ::= mvalues COMMA LP nexprlist * RP
          nexprlist ::= nexprlist * COMMA expr

                            RP shift-reduce 97     mvalues ::= mvalues COMMA LP nexprlist RP
                         COMMA shift        152    

State 524:
          values ::= VALUES LP nexprlist * RP
          nexprlist ::= nexprlist * COMMA expr

                            RP shift-reduce 94     values ::= VALUES LP nexprlist RP
                         COMMA shift        152    

State 525:
          minus_num ::= MINUS * INTEGER|FLOAT

                         FLOAT shift-reduce 259    minus_num ::= MINUS INTEGER|FLOAT
                       INTEGER shift-reduce 259    minus_num ::= MINUS INTEGER|FLOAT

State 526:
          plus_num ::= PLUS * INTEGER|FLOAT

                         FLOAT shift-reduce 258    plus_num ::= PLUS INTEGER|FLOAT
                       INTEGER shift-reduce 258    plus_num ::= PLUS INTEGER|FLOAT

State 527:
          typetoken ::= typename LP signed * RP
          typetoken ::= typename LP signed * COMMA signed RP

                            RP shift-reduce 27     typetoken ::= typename LP signed RP
                         COMMA shift        189    

State 528:
          mvalues ::= values COMMA LP nexprlist * RP
          nexprlist ::= nexprlist * COMMA expr

                            RP shift-reduce 96     mvalues ::= values COMMA LP nexprlist RP
                         COMMA shift        152    

State 529:
          expr ::= expr COLLATE * ID|STRING

                            ID shift-reduce 187    expr ::= expr COLLATE ID|STRING
                        STRING shift-reduce 187    expr ::= expr COLLATE ID|STRING

State 530:
    (403) nm ::= ID|INDEXED|JOIN_KW *
    (180) expr ::= ID|INDEXED|JOIN_KW *
          expr ::= ID|INDEXED|JOIN_KW * LP distinct exprlist RP
          expr ::= ID|INDEXED|JOIN_KW * LP distinct exprlist ORDER BY sortlist RP
          expr ::= ID|INDEXED|JOIN_KW * LP STAR RP
          expr ::= ID|INDEXED|JOIN_KW * LP distinct exprlist RP filter_over
          expr ::= ID|INDEXED|JOIN_KW * LP distinct exprlist ORDER BY sortlist RP filter_over
          expr ::= ID|INDEXED|JOIN_KW * LP STAR RP filter_over

                            LP shift        352    
                           DOT reduce       403    nm ::= ID|INDEXED|JOIN_KW
                     {default} reduce       180    expr ::= ID|INDEXED|JOIN_KW

State 531:
          explain ::= EXPLAIN QUERY * PLAN

                          PLAN shift-reduce 1      explain ::= EXPLAIN QUERY PLAN

State 532:
      (0) explain ::= EXPLAIN *
          explain ::= EXPLAIN * QUERY PLAN

                         QUERY shift        531    
                     {default} reduce       0      explain ::= EXPLAIN

State 533:
    (342) cmd ::= create_vtab *
          cmd ::= create_vtab * LP vtabarglist RP

                            LP shift        263    
                     {default} reduce       342    cmd ::= create_vtab

State 534:
          cmd ::= ALTER TABLE fullname ALTER kwcolumn_opt nm SET NOT * NULL onconf

                          NULL shift        386    

State 535:
          cmd ::= ALTER TABLE fullname ALTER kwcolumn_opt nm SET * NOT NULL onconf

                           NOT shift        534    

State 536:
          cmd ::= ALTER TABLE fullname ALTER kwcolumn_opt nm DROP NOT * NULL

                          NULL shift-reduce 338    cmd ::= ALTER TABLE fullname ALTER kwcolumn_opt nm DROP NOT NULL

State 537:
          cmd ::= ALTER TABLE fullname ALTER kwcolumn_opt nm DROP * NOT NULL

                           NOT shift        536    

State 538:
          cmd ::= ALTER TABLE fullname ADD CHECK * LP expr RP onconf

                            LP shift        111    

State 539:
          cmd ::= ALTER TABLE fullname ADD CONSTRAINT nm CHECK * LP expr RP onconf

                            LP shift        112    

State 540:
          cmd ::= ALTER TABLE fullname ADD CONSTRAINT nm * CHECK LP expr RP onconf

                         CHECK shift        539    

State 541:
          cmd ::= ALTER TABLE fullname RENAME kwcolumn_opt nm * TO nm

                            TO shift        287    

State 542:
          cmd ::= ALTER * TABLE fullname RENAME TO nm
          alter_add ::= ALTER * TABLE fullname ADD kwcolumn_opt nm typetoken
          cmd ::= ALTER * TABLE fullname DROP kwcolumn_opt nm
          cmd ::= ALTER * TABLE fullname RENAME kwcolumn_opt nm TO nm
          cmd ::= ALTER * TABLE fullname DROP CONSTRAINT nm
          cmd ::= ALTER * TABLE fullname ALTER kwcolumn_opt nm DROP NOT NULL
          cmd ::= ALTER * TABLE fullname ALTER kwcolumn_opt nm SET NOT NULL onconf
          cmd ::= ALTER * TABLE fullname ADD CONSTRAINT nm CHECK LP expr RP onconf
          cmd ::= ALTER * TABLE fullname ADD CHECK LP expr RP onconf

                         TABLE shift        216    

State 543:
          projlist ::= projlist * COMMA nm
    (323) cmd ::= CALL fullname RETURNING projlist *

                         COMMA shift        292    
                     {default} reduce       323    cmd ::= CALL fullname RETURNING projlist

State 544:
          projlist ::= projlist * COMMA nm
    (322) cmd ::= CALL fullname LP exprlist RP RETURNING projlist *

                         COMMA shift        292    
                     {default} reduce       322    cmd ::= CALL fullname LP exprlist RP RETURNING projlist

State 545:
    (318) cmd ::= CALL fullname LP exprlist RP *
          cmd ::= CALL fullname LP exprlist RP * RETURNING projlist

                     RETURNING shift        218    
                     {default} reduce       318    cmd ::= CALL fullname LP exprlist RP

State 546:
          cmd ::= CALL fullname LP exprlist * RP
          cmd ::= CALL fullname LP exprlist * RP RETURNING projlist

                            RP shift        545    

State 547:
          cmd ::= PRAGMA nm dbnm LP minus_num * RP

                            RP shift-reduce 257    cmd ::= PRAGMA nm dbnm LP minus_num RP

State 548:
          cmd ::= PRAGMA nm dbnm LP nmnum * RP

                            RP shift-reduce 255    cmd ::= PRAGMA nm dbnm LP nmnum RP

State 549:
          cmd ::= with insert_cmd INTO xfullname idlist_opt DEFAULT * VALUES returning

                        VALUES shift        396    

State 550:
          cmd ::= with insert_cmd * INTO xfullname idlist_opt select upsert
          cmd ::= with insert_cmd * INTO xfullname idlist_opt DEFAULT VALUES returning

                          INTO shift        220    

State 551:
          cmd ::= with UPDATE orconf xfullname indexed_opt * SET setlist from where_opt_ret

                           SET shift        206    

State 552:
          sclp ::= selcollist * COMMA
    (157) where_opt_ret ::= RETURNING selcollist *

                         COMMA shift-reduce 422    sclp ::= selcollist COMMA
                     {default} reduce       157    where_opt_ret ::= RETURNING selcollist

State 553:
          sclp ::= selcollist * COMMA
    (158) where_opt_ret ::= WHERE expr RETURNING selcollist *

                         COMMA shift-reduce 422    sclp ::= selcollist COMMA
                     {default} reduce       158    where_opt_ret ::= WHERE expr RETURNING selcollist

State 554:
          cmd ::= with DELETE * FROM xfullname indexed_opt where_opt_ret

                          FROM shift        222    

State 555:
          ifexists ::= IF * EXISTS

                        EXISTS shift-reduce 80     ifexists ::= IF EXISTS

State 556:
          create_vtab ::= createkw VIRTUAL TABLE ifnotexists nm dbnm * USING nm

                         USING shift        295    

State 557:
          create_vtab ::= createkw VIRTUAL * TABLE ifnotexists nm dbnm USING nm

                         TABLE shift        405    

State 558:
          trigger_cmd_list ::= trigger_cmd * SEMI

                          SEMI shift-reduce 271    trigger_cmd_list ::= trigger_cmd SEMI

State 559:
          trigger_cmd_list ::= trigger_cmd_list trigger_cmd * SEMI

                          SEMI shift-reduce 270    trigger_cmd_list ::= trigger_cmd_list trigger_cmd SEMI

State 560:
          cmd ::= createkw trigger_decl * BEGIN trigger_cmd_list END

                         BEGIN shift        193    

State 561:
          cmd ::= createkw uniqueflag INDEX ifnotexists nm dbnm ON nm * LP sortlist RP where_opt

                            LP shift        26     

State 562:
          cmd ::= createkw uniqueflag INDEX ifnotexists nm dbnm * ON nm LP sortlist RP where_opt

                            ON shift        297    

State 563:
          cmd ::= createkw uniqueflag * INDEX ifnotexists nm dbnm ON nm LP sortlist RP where_opt

                         INDEX shift        408    

State 564:
          procretcols ::= procretcols COMMA nm TABLE LP procretcols RP KEY LP nm EQ nm * RP

                            RP shift-reduce 316    procretcols ::= procretcols COMMA nm TABLE LP procretcols RP KEY LP nm EQ nm RP

State 565:
          procretcols ::= procretcols COMMA nm TABLE LP procretcols RP KEY LP nm * EQ nm RP

                            EQ shift        300    

State 566:
          procretcols ::= procretcols COMMA nm TABLE LP procretcols RP KEY * LP nm EQ nm RP

                            LP shift        301    

State 567:
          procretcols ::= procretcols COMMA nm TABLE LP procretcols RP * KEY LP nm EQ nm RP

                           KEY shift        566    

State 568:
          procretcols ::= nm TABLE LP procretcols RP KEY LP nm EQ nm * RP

                            RP shift-reduce 315    procretcols ::= nm TABLE LP procretcols RP KEY LP nm EQ nm RP

State 569:
          procretcols ::= nm TABLE LP procretcols RP KEY LP nm * EQ nm RP

                            EQ shift        302    

State 570:
          procretcols ::= nm TABLE LP procretcols RP KEY * LP nm EQ nm RP

                            LP shift        303    

State 571:
          procretcols ::= nm TABLE LP procretcols RP * KEY LP nm EQ nm RP

                           KEY shift        570    

State 572:
          procretcols ::= nm TABLE * LP procretcols RP KEY LP nm EQ nm RP

                            LP shift        228    

State 573:
          procretcols ::= procretcols COMMA nm TABLE * LP procretcols RP KEY LP nm EQ nm RP

                            LP shift        229    

State 574:
          procreturns ::= procreturns RETURNS TABLE * LP procretcols RP

                            LP shift        230    

State 575:
          proc_cmd_list ::= proc_cmd * SEMI

                          SEMI shift-reduce 286    proc_cmd_list ::= proc_cmd SEMI

State 576:
          proc_cmd ::= RAISE LP raisetype * COMMA expr RP

                         COMMA shift        120    

State 577:
          proc_cmd ::= RAISE LP IGNORE * RP

                            RP shift-reduce 300    proc_cmd ::= RAISE LP IGNORE RP

State 578:
          proc_cmd ::= RAISE * LP IGNORE RP
          proc_cmd ::= RAISE * LP raisetype COMMA expr RP

                            LP shift        305    

State 579:
          proc_cmd ::= LOOP proc_cmd_list END * LOOP

                          LOOP shift-reduce 297    proc_cmd ::= LOOP proc_cmd_list END LOOP

State 580:
          proc_cmd ::= WHILE expr DO proc_cmd_list END * WHILE

                         WHILE shift-reduce 296    proc_cmd ::= WHILE expr DO proc_cmd_list END WHILE

State 581:
          proc_cmd ::= IF expr THEN proc_cmd_list proc_if_tail END * IF

                            IF shift-reduce 292    proc_cmd ::= IF expr THEN proc_cmd_list proc_if_tail END IF

State 582:
          proc_cmd ::= IF expr THEN proc_cmd_list proc_if_tail * END IF

                           END shift        581    

State 583:
          proc_cmd ::= SET nm * EQ expr

                            EQ shift        123    

State 584:
    (289) proc_cmd ::= DECLARE nm typetoken *
          proc_cmd ::= DECLARE nm typetoken * DEFAULT expr

                       DEFAULT shift        124    
                     {default} reduce       289    proc_cmd ::= DECLARE nm typetoken

State 585:
          proc_cmd ::= CALL fullname LP exprlist * RP

                            RP shift-reduce 287    proc_cmd ::= CALL fullname LP exprlist RP

State 586:
          proc_cmd ::= CALL fullname * LP exprlist RP
    (288) proc_cmd ::= CALL fullname *

                            LP shift        12     
                     {default} reduce       288    proc_cmd ::= CALL fullname

State 587:
          proc_cmd_list ::= proc_cmd_list proc_cmd * SEMI

                          SEMI shift-reduce 285    proc_cmd_list ::= proc_cmd_list proc_cmd SEMI

State 588:
          trigger_cmd ::= DELETE * FROM xfullname tridxby where_opt scanpt

                          FROM shift        232    

State 589:
          idlist ::= idlist * COMMA nm
    (302) proc_cmd ::= scanpt select scanpt INTO idlist *

                         COMMA shift        327    
                     {default} reduce       302    proc_cmd ::= scanpt select scanpt INTO idlist

State 590:
    (277) trigger_cmd ::= scanpt select scanpt *
          proc_cmd ::= scanpt select scanpt * INTO idlist

                          INTO shift        233    
                     {default} reduce       277    trigger_cmd ::= scanpt select scanpt

State 591:
          upsert ::= ON CONFLICT DO UPDATE * SET setlist where_opt returning

                           SET shift        207    

State 592:
          sclp ::= selcollist * COMMA
    (172) returning ::= RETURNING selcollist *

                         COMMA shift-reduce 422    sclp ::= selcollist COMMA
                     {default} reduce       172    returning ::= RETURNING selcollist

State 593:
          upsert ::= ON CONFLICT LP sortlist RP where_opt DO UPDATE * SET setlist where_opt upsert

                           SET shift        208    

State 594:
          upsert ::= ON CONFLICT LP sortlist RP where_opt * DO UPDATE SET setlist where_opt upsert
          upsert ::= ON CONFLICT LP sortlist RP where_opt * DO NOTHING upsert

                            DO shift        502    

State 595:
          upsert ::= ON * CONFLICT LP sortlist RP where_opt DO UPDATE SET setlist where_opt upsert
          upsert ::= ON * CONFLICT LP sortlist RP where_opt DO NOTHING upsert
          upsert ::= ON * CONFLICT DO NOTHING returning
          upsert ::= ON * CONFLICT DO UPDATE SET setlist where_opt returning

                      CONFLICT shift        504    

State 596:
          sclp ::= selcollist * COMMA
    (167) upsert ::= RETURNING selcollist *

                         COMMA shift-reduce 422    sclp ::= selcollist COMMA
                     {default} reduce       167    upsert ::= RETURNING selcollist

State 597:
          trigger_cmd ::= scanpt insert_cmd * INTO xfullname idlist_opt select upsert scanpt

                          INTO shift        235    

State 598:
          setlist ::= LP idlist RP * EQ expr

                            EQ shift        125    

State 599:
          setlist ::= nm * EQ expr

                            EQ shift        126    

State 600:
          setlist ::= setlist COMMA LP idlist RP * EQ expr

                            EQ shift        127    

State 601:
          setlist ::= setlist COMMA nm * EQ expr

                            EQ shift        128    

State 602:
          trigger_cmd ::= UPDATE orconf xfullname tridxby * SET setlist from where_opt scanpt

                           SET shift        209    

State 603:
          tridxby ::= NOT * INDEXED

                       INDEXED shift-reduce 273    tridxby ::= NOT INDEXED

State 604:
          tridxby ::= INDEXED * BY nm

                            BY shift        308    

State 605:
    (121) xfullname ::= nm DOT nm *
          xfullname ::= nm DOT nm * AS nm

                            AS shift        310    
                     {default} reduce       121    xfullname ::= nm DOT nm

State 606:
          cmd ::= createkw temp PROCEDURE ifnotexists nm dbnm LP procparams RP procreturns procsecurity * BEGIN proc_cmd_list END

                         BEGIN shift        50     

State 607:
          cmd ::= createkw temp PROCEDURE ifnotexists nm dbnm * LP procparams RP procreturns procsecurity BEGIN proc_cmd_list END

                            LP shift        239    

State 608:
          trigger_time ::= INSTEAD * OF

                            OF shift-reduce 263    trigger_time ::= INSTEAD OF

State 609:
          idlist ::= idlist * COMMA nm
    (267) trigger_event ::= UPDATE OF idlist *

                         COMMA shift        327    
                     {default} reduce       267    trigger_event ::= UPDATE OF idlist

State 610:
    (266) trigger_event ::= UPDATE *
          trigger_event ::= UPDATE * OF idlist

                            OF shift        240    
                     {default} reduce       266    trigger_event ::= UPDATE

State 611:
          foreach_clause ::= FOR EACH * ROW

                           ROW shift-reduce 437    foreach_clause ::= FOR EACH ROW

State 612:
          foreach_clause ::= FOR * EACH ROW

                          EACH shift        611    

State 613:
    (118) fullname ::= nm *
          fullname ::= nm * DOT nm

                           DOT shift        313    
                     {default} reduce       118    fullname ::= nm

State 614:
          trigger_decl ::= temp TRIGGER ifnotexists nm dbnm trigger_time trigger_event * ON fullname foreach_clause when_clause

                            ON shift        241    

State 615:
          cmd ::= createkw temp VIEW ifnotexists nm dbnm eidlist_opt * AS select

                            AS shift        18     

State 616:
          ifnotexists ::= IF NOT * EXISTS

                        EXISTS shift-reduce 16     ifnotexists ::= IF NOT EXISTS

State 617:
          ifnotexists ::= IF * NOT EXISTS

                           NOT shift        616    

State 618:
          defer_subclause ::= NOT * DEFERRABLE init_deferred_pred_opt

                    DEFERRABLE shift        439    

State 619:
          tcons ::= FOREIGN KEY LP eidlist RP * REFERENCES nm eidlist_opt refargs defer_subclause_opt

                    REFERENCES shift        317    

State 620:
          tcons ::= FOREIGN KEY * LP eidlist RP REFERENCES nm eidlist_opt refargs defer_subclause_opt

                            LP shift        242    

State 621:
          tcons ::= FOREIGN * KEY LP eidlist RP REFERENCES nm eidlist_opt refargs defer_subclause_opt

                           KEY shift        620    

State 622:
          tcons ::= CHECK * LP expr RP onconf

                            LP shift        130    

State 623:
          tcons ::= UNIQUE * LP sortlist RP onconf

                            LP shift        28     

State 624:
          tcons ::= PRIMARY KEY LP sortlist autoinc * RP onconf

                            RP shift        431    

State 625:
          tcons ::= PRIMARY KEY * LP sortlist autoinc RP onconf

                            LP shift        29     

State 626:
          tcons ::= PRIMARY * KEY LP sortlist autoinc RP onconf

                           KEY shift        625    

State 627:
     (45) generated ::= LP expr RP *
          generated ::= LP expr RP * ID

                            ID shift-reduce 46     generated ::= LP expr RP ID
                     {default} reduce       45     generated ::= LP expr RP

State 628:
          ccons ::= GENERATED ALWAYS * AS generated

                            AS shift        434    

State 629:
          ccons ::= GENERATED * ALWAYS AS generated

                        ALWAYS shift        628    

State 630:
          refact ::= NO * ACTION

                        ACTION shift-reduce 59     refact ::= NO ACTION

State 631:
          ccons ::= CHECK * LP expr RP

                            LP shift        132    

State 632:
          ccons ::= PRIMARY * KEY sortorder onconf autoinc

                           KEY shift        373    

State 633:
          onconf ::= ON * CONFLICT resolvetype

                      CONFLICT shift        211    

State 634:
          expr ::= ID|INDEXED|JOIN_KW LP STAR * RP
          expr ::= ID|INDEXED|JOIN_KW LP STAR * RP filter_over

                            RP shift        194    

State 635:
          expr ::= ID|INDEXED|JOIN_KW LP distinct exprlist ORDER * BY sortlist RP
          expr ::= ID|INDEXED|JOIN_KW LP distinct exprlist ORDER * BY sortlist RP filter_over

                            BY shift        30     

State 636:
          filter_clause ::= FILTER LP * WHERE expr RP

                         WHERE shift        133    

State 637:
          filter_clause ::= FILTER * LP WHERE expr RP

                            LP shift        636    

State 638:
          over_clause ::= OVER LP window * RP

                            RP shift-reduce 384    over_clause ::= OVER LP window RP

State 639:
          expr ::= LP select * RP

                            RP shift-reduce 224    expr ::= LP select RP

State 640:
          expr ::= LP nexprlist * COMMA expr RP
          nexprlist ::= nexprlist * COMMA expr

                         COMMA shift        134    

State 641:
          wqitem ::= withnm eidlist_opt wqas LP select * RP

                            RP shift-reduce 354    wqitem ::= withnm eidlist_opt wqas LP select RP

State 642:
          wqitem ::= withnm eidlist_opt wqas * LP select RP

                            LP shift        20     

State 643:
          wqas ::= AS NOT * MATERIALIZED

                  MATERIALIZED shift-reduce 353    wqas ::= AS NOT MATERIALIZED

State 644:
          selcollist ::= sclp scanpt nm * DOT STAR
          expr ::= nm * DOT nm
          expr ::= nm * DOT nm DOT nm

                           DOT shift        277    

State 645:
          seltablist ::= stl_prefix LP select * RP as on_using

                            RP shift        346    

State 646:
          seltablist ::= stl_prefix nm dbnm LP exprlist * RP as on_using

                            RP shift        348    

State 647:
          indexed_by ::= NOT * INDEXED

                       INDEXED shift-reduce 133    indexed_by ::= NOT INDEXED

State 648:
          indexed_by ::= INDEXED * BY nm

                            BY shift        326    

State 649:
          on_using ::= USING * LP idlist RP

                            LP shift        244    

State 650:
          joinop ::= JOIN_KW nm nm * JOIN

                          JOIN shift-reduce 127    joinop ::= JOIN_KW nm nm JOIN

State 651:
    (145) groupby_opt ::= GROUP BY nexprlist *
          nexprlist ::= nexprlist * COMMA expr

                         COMMA shift        152    
                     {default} reduce       145    groupby_opt ::= GROUP BY nexprlist

State 652:
          groupby_opt ::= GROUP * BY nexprlist

                            BY shift        31     

State 653:
          window ::= ORDER * BY sortlist frame_opt

                            BY shift        32     

State 654:
          window ::= nm ORDER * BY sortlist frame_opt

                            BY shift        33     

State 655:
          window ::= nm PARTITION * BY nexprlist orderby_opt frame_opt

                            BY shift        34     

State 656:
          frame_bound_s ::= UNBOUNDED * PRECEDING

                     PRECEDING shift-reduce 370    frame_bound_s ::= UNBOUNDED PRECEDING

State 657:
          frame_bound ::= CURRENT * ROW

                           ROW shift-reduce 374    frame_bound ::= CURRENT ROW

State 658:
          frame_bound_e ::= UNBOUNDED * FOLLOWING

                     FOLLOWING shift-reduce 372    frame_bound_e ::= UNBOUNDED FOLLOWING

State 659:
          frame_opt ::= range_or_rows BETWEEN frame_bound_s * AND frame_bound_e frame_exclude_opt

                           AND shift        9      

State 660:
          frame_exclude ::= CURRENT * ROW

                           ROW shift-reduce 378    frame_exclude ::= CURRENT ROW

State 661:
          frame_exclude ::= NO * OTHERS

                        OTHERS shift-reduce 377    frame_exclude ::= NO OTHERS

State 662:
          window ::= PARTITION * BY nexprlist orderby_opt frame_opt

                            BY shift        35     

State 663:
          windowdefn ::= nm AS LP window * RP

                            RP shift-reduce 359    windowdefn ::= nm AS LP window RP

State 664:
          windowdefn ::= nm AS * LP window RP

                            LP shift        52     

State 665:
          windowdefn ::= nm * AS LP window RP

                            AS shift        664    

State 666:
          windowdefn_list ::= windowdefn_list * COMMA windowdefn
    (380) window_clause ::= WINDOW windowdefn_list *

                         COMMA shift        248    
                     {default} reduce       380    window_clause ::= WINDOW windowdefn_list

State 667:
    (135) orderby_opt ::= ORDER BY sortlist *
          sortlist ::= sortlist * COMMA expr sortorder nulls

                         COMMA shift        138    
                     {default} reduce       135    orderby_opt ::= ORDER BY sortlist

State 668:
          orderby_opt ::= ORDER * BY sortlist

                            BY shift        36     

State 669:
          expr ::= expr IS DISTINCT * FROM expr

                          FROM shift        140    

State 670:
          expr ::= expr IS NOT DISTINCT * FROM expr

                          FROM shift        141    

State 671:
          paren_exprlist ::= LP exprlist * RP

                            RP shift-reduce 238    paren_exprlist ::= LP exprlist RP

State 672:
    (429) exprlist ::= nexprlist *
          nexprlist ::= nexprlist * COMMA expr

                         COMMA shift        152    
                     {default} reduce       429    exprlist ::= nexprlist

State 673:
          expr ::= expr in_op LP select * RP

                            RP shift-reduce 225    expr ::= expr in_op LP select RP

State 674:
          expr ::= expr in_op LP exprlist * RP

                            RP shift-reduce 223    expr ::= expr in_op LP exprlist RP

State 675:
          expr ::= EXISTS LP select * RP

                            RP shift-reduce 227    expr ::= EXISTS LP select RP

State 676:
          mvalues ::= mvalues COMMA * LP nexprlist RP

                            LP shift        37     

State 677:
     (95) oneselect ::= mvalues *
          mvalues ::= mvalues * COMMA LP nexprlist RP

                         COMMA shift        676    
                     {default} reduce       95     oneselect ::= mvalues

State 678:
          expr ::= RAISE LP raisetype * COMMA expr RP

                         COMMA shift        145    

State 679:
          expr ::= RAISE LP IGNORE * RP

                            RP shift-reduce 278    expr ::= RAISE LP IGNORE RP

State 680:
          expr ::= RAISE * LP IGNORE RP
          expr ::= RAISE * LP raisetype COMMA expr RP

                            LP shift        332    

State 681:
          expr ::= CASE case_operand case_exprlist case_else * END

                           END shift-reduce 228    expr ::= CASE case_operand case_exprlist case_else END

State 682:
          values ::= VALUES * LP nexprlist RP

                            LP shift        39     

State 683:
          expr ::= EXISTS * LP select RP

                            LP shift        21     

State 684:
          expr ::= CAST LP expr AS typetoken * RP

                            RP shift-reduce 188    expr ::= CAST LP expr AS typetoken RP

State 685:
          typetoken ::= typename LP signed COMMA signed * RP

                            RP shift-reduce 28     typetoken ::= typename LP signed COMMA signed RP

State 686:
          expr ::= CAST * LP expr AS typetoken RP

                            LP shift        151    

State 687:
          mvalues ::= values COMMA * LP nexprlist RP

                            LP shift        40     

State 688:
    (421) oneselect ::= values *
          mvalues ::= values * COMMA LP nexprlist RP

                         COMMA shift        687    
                     {default} reduce       421    oneselect ::= values

State 689:
     (89) multiselect_op ::= UNION *
          multiselect_op ::= UNION * ALL

                           ALL shift-reduce 90     multiselect_op ::= UNION ALL
                     {default} reduce       89     multiselect_op ::= UNION

State 690:
    (181) expr ::= nm DOT nm *
          expr ::= nm DOT nm * DOT nm

                           DOT shift        333    
                     {default} reduce       181    expr ::= nm DOT nm

State 691:
          expr ::= nm * DOT nm
          expr ::= nm * DOT nm DOT nm

                           DOT shift        334    

State 692:
    (404) nm ::= STRING *
    (184) term ::= STRING *

                           DOT reduce       404    nm ::= STRING
                     {default} reduce       184    term ::= STRING

State 693:
     (19) create_table_args ::= LP columnlist conslist_opt RP table_option_set *
          table_option_set ::= table_option_set * COMMA table_option

                         COMMA shift        213    
                     {default} reduce       19     create_table_args ::= LP columnlist conslist_opt RP table_option_set

State 694:
          create_table_args ::= LP columnlist conslist_opt * RP table_option_set

                            RP shift        184    

State 695:
      (9) cmd ::= ROLLBACK trans_opt *
          cmd ::= ROLLBACK trans_opt * TO savepoint_opt nm

                            TO shift        463    
                     {default} reduce       9      cmd ::= ROLLBACK trans_opt

State 696:
          ecmd ::= explain cmdx * SEMI

                          SEMI shift-reduce 393    ecmd ::= explain cmdx SEMI

State 697:
          ecmd ::= cmdx * SEMI

                          SEMI shift-reduce 392    ecmd ::= cmdx SEMI

----------------------------------------------------
Symbols:
The first-set of non-terminals is shown after the name.

    0: $:
    1: SEMI
    2: EXPLAIN
    3: QUERY
    4: PLAN
    5: BEGIN
    6: TRANSACTION
    7: DEFERRED
    8: IMMEDIATE
    9: EXCLUSIVE
   10: COMMIT
   11: END
   12: ROLLBACK
   13: SAVEPOINT
   14: RELEASE
   15: TO
   16: TABLE
   17: CREATE
   18: IF
   19: NOT (precedence=3)
   20: EXISTS
   21: TEMP
   22: LP
   23: RP
   24: AS
   25: COMMA
   26: WITHOUT
   27: ABORT
   28: ACTION
   29: AFTER
   30: ANALYZE
   31: ASC
   32: ATTACH
   33: BEFORE
   34: BY
   35: CASCADE
   36: CAST
   37: CONFLICT
   38: DATABASE
   39: DESC
   40: DETACH
   41: EACH
   42: FAIL
   43: OR (precedence=1)
   44: AND (precedence=2)
   45: IS (precedence=4)
   46: ISNOT
   47: MATCH (precedence=4)
   48: LIKE_KW (precedence=4)
   49: BETWEEN (precedence=4)
   50: IN (precedence=4)
   51: ISNULL (precedence=4)
   52: NOTNULL (precedence=4)
   53: NE (precedence=4)
   54: EQ (precedence=4)
   55: GT (precedence=5)
   56: LE (precedence=5)
   57: LT (precedence=5)
   58: GE (precedence=5)
   59: ESCAPE (precedence=6)
   60: ID
   61: COLUMNKW
   62: DO
   63: FOR
   64: IGNORE
   65: INITIALLY
   66: INSTEAD
   67: NO
   68: KEY
   69: OF
   70: OFFSET
   71: PRAGMA
   72: RAISE
   73: RECURSIVE
   74: REPLACE
   75: RESTRICT
   76: ROW
   77: ROWS
   78: TRIGGER
   79: VACUUM
   80: VIEW
   81: VIRTUAL
   82: WITH
   83: SECURITY
   84: DEFINER
   85: INVOKER
   86: NULLS
   87: FIRST
   88: LAST
   89: CALL
   90: PROCEDURE
   91: DECLARE
   92: ELSEIF
   93: LEAVE
   94: LOOP
   95: RETURN
   96: WHILE
   97: RETURNS
   98: CURRENT
   99: FOLLOWING
  100: PARTITION
  101: PRECEDING
  102: RANGE
  103: UNBOUNDED
  104: EXCLUDE
  105: GROUPS
  106: OTHERS
  107: TIES
  108: GENERATED
  109: ALWAYS
  110: MATERIALIZED
  111: REINDEX
  112: RENAME
  113: CTIME_KW
  114: ANY
  115: BITAND (precedence=7)
  116: BITOR (precedence=7)
  117: LSHIFT (precedence=7)
  118: RSHIFT (precedence=7)
  119: PLUS (precedence=8)
  120: MINUS (precedence=8)
  121: STAR (precedence=9)
  122: SLASH (precedence=9)
  123: REM (precedence=9)
  124: CONCAT (precedence=10)
  125: PTR (precedence=10)
  126: COLLATE (precedence=11)
  127: BITNOT (precedence=12)
  128: ON (precedence=13)
  129: INDEXED
  130: STRING
  131: JOIN_KW
  132: CONSTRAINT
  133: DEFAULT
  134: NULL
  135: PRIMARY
  136: UNIQUE
  137: CHECK
  138: REFERENCES
  139: AUTOINCR
  140: INSERT
  141: DELETE
  142: UPDATE
  143: SET
  144: DEFERRABLE
  145: FOREIGN
  146: DROP
  147: UNION
  148: ALL
  149: EXCEPT
  150: INTERSECT
  151: SELECT
  152: VALUES
  153: DISTINCT
  154: DOT
  155: FROM
  156: JOIN
  157: USING
  158: ORDER
  159: GROUP
  160: HAVING
  161: LIMIT
  162: WHERE
  163: RETURNING
  164: INTO
  165: NOTHING
  166: FLOAT
  167: BLOB
  168: INTEGER
  169: VARIABLE
  170: CASE
  171: WHEN
  172: THEN
  173: ELSE
  174: INDEX
  175: ALTER
  176: ADD
  177: WINDOW
  178: OVER
  179: FILTER
  180: COLUMN
  181: AGG_FUNCTION
  182: AGG_COLUMN
  183: TRUEFALSE
  184: FUNCTION
  185: UPLUS
  186: UMINUS
  187: TRUTH
  188: REGISTER
  189: VECTOR
  190: SELECT_COLUMN
  191: IF_NULL_ROW
  192: ASTERISK
  193: SPAN
  194: ERROR
  195: QNUMBER
  196: SPACE
  197: COMMENT
  198: ILLEGAL
  199: input: SEMI EXPLAIN BEGIN COMMIT END ROLLBACK SAVEPOINT RELEASE CREATE ANALYZE ATTACH DETACH PRAGMA REPLACE VACUUM WITH CALL REINDEX INSERT DELETE UPDATE DROP SELECT VALUES ALTER
  200: cmdlist: SEMI EXPLAIN BEGIN COMMIT END ROLLBACK SAVEPOINT RELEASE CREATE ANALYZE ATTACH DETACH PRAGMA REPLACE VACUUM WITH CALL REINDEX INSERT DELETE UPDATE DROP SELECT VALUES ALTER
  201: ecmd: SEMI EXPLAIN BEGIN COMMIT END ROLLBACK SAVEPOINT RELEASE CREATE ANALYZE ATTACH DETACH PRAGMA REPLACE VACUUM WITH CALL REINDEX INSERT DELETE UPDATE DROP SELECT VALUES ALTER
  202: cmdx: BEGIN COMMIT END ROLLBACK SAVEPOINT RELEASE CREATE ANALYZE ATTACH DETACH PRAGMA REPLACE VACUUM WITH CALL REINDEX INSERT DELETE UPDATE DROP SELECT VALUES ALTER
  203: explain: EXPLAIN
  204: cmd: BEGIN COMMIT END ROLLBACK SAVEPOINT RELEASE CREATE ANALYZE ATTACH DETACH PRAGMA REPLACE VACUUM WITH CALL REINDEX INSERT DELETE UPDATE DROP SELECT VALUES ALTER
  205: transtype: <lambda> DEFERRED IMMEDIATE EXCLUSIVE
  206: trans_opt: <lambda> TRANSACTION
  207: nm: ID INDEXED STRING JOIN_KW
  208: savepoint_opt: <lambda> SAVEPOINT
  209: create_table: CREATE
  210: create_table_args: LP AS
  211: createkw: CREATE
  212: temp: <lambda> TEMP
  213: ifnotexists: <lambda> IF
  214: dbnm: <lambda> DOT
  215: columnlist: ID INDEXED STRING JOIN_KW
  216: conslist_opt: <lambda> COMMA
  217: table_option_set: <lambda> COMMA WITHOUT ID INDEXED STRING JOIN_KW
  218: select: WITH SELECT VALUES
  219: table_option: WITHOUT ID INDEXED STRING JOIN_KW
  220: columnname: ID INDEXED STRING JOIN_KW
  221: carglist: <lambda> NOT AS GENERATED COLLATE CONSTRAINT DEFAULT NULL PRIMARY UNIQUE CHECK REFERENCES DEFERRABLE
  222: typetoken: <lambda> ID STRING
  223: typename: ID STRING
  224: signed: PLUS MINUS FLOAT INTEGER
  225: plus_num: PLUS FLOAT INTEGER
  226: minus_num: MINUS
  227: scanpt: <lambda>
  228: scantok: <lambda>
  229: ccons: NOT AS GENERATED COLLATE CONSTRAINT DEFAULT NULL PRIMARY UNIQUE CHECK REFERENCES DEFERRABLE
  230: term: CTIME_KW STRING NULL FLOAT BLOB INTEGER QNUMBER
  231: expr: NOT EXISTS LP CAST ID RAISE CTIME_KW PLUS MINUS BITNOT INDEXED STRING JOIN_KW NULL FLOAT BLOB INTEGER VARIABLE CASE QNUMBER
  232: onconf: <lambda> ON
  233: sortorder: <lambda> ASC DESC
  234: autoinc: <lambda> AUTOINCR
  235: eidlist_opt: <lambda> LP
  236: refargs: <lambda> MATCH ON
  237: defer_subclause: NOT DEFERRABLE
  238: generated: LP
  239: refarg: MATCH ON
  240: refact: CASCADE NO RESTRICT SET
  241: init_deferred_pred_opt: <lambda> INITIALLY
  242: conslist: CONSTRAINT PRIMARY UNIQUE CHECK FOREIGN
  243: tconscomma: <lambda> COMMA
  244: tcons: CONSTRAINT PRIMARY UNIQUE CHECK FOREIGN
  245: sortlist: NOT EXISTS LP CAST ID RAISE CTIME_KW PLUS MINUS BITNOT INDEXED STRING JOIN_KW NULL FLOAT BLOB INTEGER VARIABLE CASE QNUMBER
  246: eidlist: ID INDEXED STRING JOIN_KW
  247: defer_subclause_opt: <lambda> NOT DEFERRABLE
  248: orconf: <lambda> OR
  249: resolvetype: ROLLBACK ABORT FAIL IGNORE REPLACE
  250: raisetype: ROLLBACK ABORT FAIL
  251: ifexists: <lambda> IF
  252: fullname: ID INDEXED STRING JOIN_KW
  253: selectnowith: SELECT VALUES
  254: oneselect: SELECT VALUES
  255: wqlist: ID INDEXED STRING JOIN_KW
  256: multiselect_op: UNION EXCEPT INTERSECT
  257: distinct: <lambda> ALL DISTINCT
  258: selcollist: NOT EXISTS LP CAST ID RAISE CTIME_KW PLUS MINUS STAR BITNOT INDEXED STRING JOIN_KW NULL FLOAT BLOB INTEGER VARIABLE CASE QNUMBER
  259: from: <lambda> FROM
  260: where_opt: <lambda> WHERE
  261: groupby_opt: <lambda> GROUP
  262: having_opt: <lambda> HAVING
  263: orderby_opt: <lambda> ORDER
  264: limit_opt: <lambda> LIMIT
  265: window_clause: WINDOW
  266: values: VALUES
  267: nexprlist: NOT EXISTS LP CAST ID RAISE CTIME_KW PLUS MINUS BITNOT INDEXED STRING JOIN_KW NULL FLOAT BLOB INTEGER VARIABLE CASE QNUMBER
  268: mvalues: VALUES
  269: sclp: <lambda> NOT EXISTS LP CAST ID RAISE CTIME_KW PLUS MINUS STAR BITNOT INDEXED STRING JOIN_KW NULL FLOAT BLOB INTEGER VARIABLE CASE QNUMBER
  270: as: <lambda> AS ID STRING
  271: seltablist: LP ID INDEXED STRING JOIN_KW
  272: stl_prefix: <lambda> LP ID INDEXED STRING JOIN_KW
  273: joinop: COMMA JOIN_KW JOIN
  274: on_using: <lambda> ON USING
  275: indexed_by: NOT INDEXED
  276: exprlist: <lambda> NOT EXISTS LP CAST ID RAISE CTIME_KW PLUS MINUS BITNOT INDEXED STRING JOIN_KW NULL FLOAT BLOB INTEGER VARIABLE CASE QNUMBER
  277: xfullname: ID INDEXED STRING JOIN_KW
  278: idlist: ID INDEXED STRING JOIN_KW
  279: indexed_opt: <lambda> NOT INDEXED
  280: nulls: <lambda> NULLS
  281: with: <lambda> WITH
  282: where_opt_ret: <lambda> WHERE RETURNING
  283: setlist: LP ID INDEXED STRING JOIN_KW
  284: insert_cmd: REPLACE INSERT
  285: idlist_opt: <lambda> LP
  286: upsert: <lambda> ON RETURNING
  287: returning: <lambda> RETURNING
  288: filter_over: OVER FILTER
  289: likeop: NOT MATCH LIKE_KW
  290: between_op: NOT BETWEEN
  291: in_op: NOT IN
  292: paren_exprlist: <lambda> LP
  293: case_operand: <lambda> NOT EXISTS LP CAST ID RAISE CTIME_KW PLUS MINUS BITNOT INDEXED STRING JOIN_KW NULL FLOAT BLOB INTEGER VARIABLE CASE QNUMBER
  294: case_exprlist: WHEN
  295: case_else: <lambda> ELSE
  296: uniqueflag: <lambda> UNIQUE
  297: collate: <lambda> COLLATE
  298: vinto: <lambda> INTO
  299: nmnum: ID PLUS ON INDEXED STRING JOIN_KW DEFAULT DELETE FLOAT INTEGER
  300: trigger_decl: TEMP TRIGGER
  301: trigger_cmd_list: REPLACE WITH INSERT DELETE UPDATE SELECT VALUES
  302: trigger_time: <lambda> AFTER BEFORE INSTEAD
  303: trigger_event: INSERT DELETE UPDATE
  304: foreach_clause: <lambda> FOR
  305: when_clause: <lambda> WHEN
  306: trigger_cmd: REPLACE WITH INSERT DELETE UPDATE SELECT VALUES
  307: tridxby: <lambda> NOT INDEXED
  308: procparams: <lambda> COMMA ID INDEXED STRING JOIN_KW
  309: procreturns: <lambda> RETURNS
  310: procsecurity: <lambda> SECURITY
  311: proc_cmd_list: IF RAISE REPLACE WITH CALL DECLARE LEAVE LOOP RETURN WHILE INSERT DELETE UPDATE SET SELECT VALUES
  312: proc_cmd: IF RAISE REPLACE WITH CALL DECLARE LEAVE LOOP RETURN WHILE INSERT DELETE UPDATE SET SELECT VALUES
  313: proc_if_tail: <lambda> ELSEIF ELSE
  314: procretcols: ID INDEXED STRING JOIN_KW
  315: projlist: ID INDEXED STRING JOIN_KW
  316: database_kw_opt: <lambda> DATABASE
  317: key_opt: <lambda> KEY
  318: alter_add: ALTER
  319: kwcolumn_opt: <lambda> COLUMNKW
  320: create_vtab: CREATE
  321: vtabarglist: <lambda> LP COMMA ANY
  322: vtabarg: <lambda> LP ANY
  323: vtabargtoken: LP ANY
  324: lp: LP
  325: anylist: <lambda> LP ANY
  326: wqitem: ID INDEXED STRING JOIN_KW
  327: wqas: AS
  328: withnm: ID INDEXED STRING JOIN_KW
  329: windowdefn_list: ID INDEXED STRING JOIN_KW
  330: windowdefn: ID INDEXED STRING JOIN_KW
  331: window: <lambda> ID ROWS PARTITION RANGE GROUPS INDEXED STRING JOIN_KW ORDER
  332: frame_opt: <lambda> ROWS RANGE GROUPS
  333: part_opt:
  334: filter_clause: FILTER
  335: over_clause: OVER
  336: range_or_rows: ROWS RANGE GROUPS
  337: frame_bound: NOT EXISTS LP CAST ID RAISE CURRENT CTIME_KW PLUS MINUS BITNOT INDEXED STRING JOIN_KW NULL FLOAT BLOB INTEGER VARIABLE CASE QNUMBER
  338: frame_bound_s: NOT EXISTS LP CAST ID RAISE CURRENT UNBOUNDED CTIME_KW PLUS MINUS BITNOT INDEXED STRING JOIN_KW NULL FLOAT BLOB INTEGER VARIABLE CASE QNUMBER
  339: frame_bound_e: NOT EXISTS LP CAST ID RAISE CURRENT UNBOUNDED CTIME_KW PLUS MINUS BITNOT INDEXED STRING JOIN_KW NULL FLOAT BLOB INTEGER VARIABLE CASE QNUMBER
  340: frame_exclude_opt: <lambda> EXCLUDE
  341: frame_exclude: NO CURRENT TIES GROUP
----------------------------------------------------
Syntax-only Symbols:
The following symbols never carry semantic content.

$ SEMI EXPLAIN QUERY PLAN BEGIN TRANSACTION COMMIT SAVEPOINT RELEASE TO
TABLE IF EXISTS TEMP AS WITHOUT ABORT ACTION AFTER ANALYZE ASC ATTACH BEFORE
BY CASCADE CAST CONFLICT DATABASE DESC DETACH EACH FAIL AND IS ISNOT MATCH
LIKE_KW BETWEEN IN ISNULL NOTNULL NE EQ GT LE LT GE ESCAPE COLUMNKW DO FOR
IGNORE INITIALLY INSTEAD KEY OF OFFSET PRAGMA RAISE RECURSIVE REPLACE
RESTRICT ROW ROWS TRIGGER VACUUM VIEW VIRTUAL WITH SECURITY DEFINER INVOKER
NULLS FIRST LAST CALL PROCEDURE DECLARE ELSEIF LEAVE LOOP RETURN WHILE
RETURNS FOLLOWING PARTITION PRECEDING RANGE EXCLUDE GROUPS OTHERS TIES
GENERATED ALWAYS MATERIALIZED REINDEX RENAME BITAND BITOR LSHIFT RSHIFT
SLASH REM COLLATE INDEXED NULL PRIMARY UNIQUE REFERENCES AUTOINCR INSERT SET
DEFERRABLE FOREIGN DROP ALL EXCEPT INTERSECT SELECT VALUES DISTINCT DOT FROM
JOIN USING ORDER GROUP HAVING LIMIT WHERE RETURNING INTO NOTHING FLOAT BLOB
CASE WHEN THEN ELSE INDEX ALTER ADD WINDOW OVER FILTER COLUMN AGG_FUNCTION
AGG_COLUMN TRUEFALSE FUNCTION UPLUS UMINUS TRUTH REGISTER VECTOR
SELECT_COLUMN IF_NULL_ROW ASTERISK SPAN ERROR SPACE COMMENT ILLEGAL input
cmdlist ecmd cmdx explain cmd trans_opt savepoint_opt create_table
create_table_args columnlist columnname carglist signed ccons generated
conslist tconscomma tcons with returning foreach_clause tridxby
database_kw_opt kwcolumn_opt create_vtab vtabarglist vtabarg vtabargtoken lp
anylist part_opt
----------------------------------------------------
Rules:
   0: explain ::= EXPLAIN.
   1: explain ::= EXPLAIN QUERY PLAN.
   2: cmdx ::= cmd.
   3: cmd ::= BEGIN transtype trans_opt.
   4: transtype ::=.
   5: transtype ::= DEFERRED.
   6: transtype ::= IMMEDIATE.
   7: transtype ::= EXCLUSIVE.
   8: cmd ::= COMMIT|END trans_opt.
   9: cmd ::= ROLLBACK trans_opt.
  10: cmd ::= SAVEPOINT nm.
  11: cmd ::= RELEASE savepoint_opt nm.
  12: cmd ::= ROLLBACK trans_opt TO savepoint_opt nm.
  13: create_table ::= createkw temp TABLE ifnotexists nm dbnm.
  14: createkw ::= CREATE.
  15: ifnotexists ::=.
  16: ifnotexists ::= IF NOT EXISTS. [NOT precedence=3]
  17: temp ::= TEMP.
  18: temp ::=.
  19: create_table_args ::= LP columnlist conslist_opt RP table_option_set.
  20: create_table_args ::= AS select.
  21: table_option_set ::=.
  22: table_option_set ::= table_option_set COMMA table_option.
  23: table_option ::= WITHOUT nm.
  24: table_option ::= nm.
  25: columnname ::= nm typetoken.
  26: typetoken ::=.
  27: typetoken ::= typename LP signed RP.
  28: typetoken ::= typename LP signed COMMA signed RP.
  29: typename ::= typename ID|STRING.
  30: scanpt ::=.
  31: scantok ::=.
  32: ccons ::= CONSTRAINT nm.
  33: ccons ::= DEFAULT scantok term.
  34: ccons ::= DEFAULT LP expr RP.
  35: ccons ::= DEFAULT PLUS scantok term. [PLUS precedence=8]
  36: ccons ::= DEFAULT MINUS scantok term. [MINUS precedence=8]
  37: ccons ::= DEFAULT scantok ID|INDEXED.
  38: ccons ::= NOT NULL onconf. [NOT precedence=3]
  39: ccons ::= PRIMARY KEY sortorder onconf autoinc.
  40: ccons ::= UNIQUE onconf.
  41: ccons ::= CHECK LP expr RP.
  42: ccons ::= REFERENCES nm eidlist_opt refargs.
  43: ccons ::= defer_subclause.
  44: ccons ::= COLLATE ID|STRING. [COLLATE precedence=11]
  45: generated ::= LP expr RP.
  46: generated ::= LP expr RP ID.
  47: autoinc ::=.
  48: autoinc ::= AUTOINCR.
  49: refargs ::=.
  50: refargs ::= refargs refarg.
  51: refarg ::= MATCH nm. [MATCH precedence=4]
  52: refarg ::= ON INSERT refact. [ON precedence=13]
  53: refarg ::= ON DELETE refact. [ON precedence=13]
  54: refarg ::= ON UPDATE refact. [ON precedence=13]
  55: refact ::= SET NULL.
  56: refact ::= SET DEFAULT.
  57: refact ::= CASCADE.
  58: refact ::= RESTRICT.
  59: refact ::= NO ACTION.
  60: defer_subclause ::= NOT DEFERRABLE init_deferred_pred_opt. [NOT precedence=3]
  61: defer_subclause ::= DEFERRABLE init_deferred_pred_opt.
  62: init_deferred_pred_opt ::=.
  63: init_deferred_pred_opt ::= INITIALLY DEFERRED.
  64: init_deferred_pred_opt ::= INITIALLY IMMEDIATE.
  65: conslist_opt ::=.
  66: tconscomma ::= COMMA.
  67: tcons ::= CONSTRAINT nm.
  68: tcons ::= PRIMARY KEY LP sortlist autoinc RP onconf.
  69: tcons ::= UNIQUE LP sortlist RP onconf.
  70: tcons ::= CHECK LP expr RP onconf.
  71: tcons ::= FOREIGN KEY LP eidlist RP REFERENCES nm eidlist_opt refargs defer_subclause_opt.
  72: defer_subclause_opt ::=.
  73: onconf ::=.
  74: onconf ::= ON CONFLICT resolvetype. [ON precedence=13]
  75: orconf ::=.
  76: orconf ::= OR resolvetype. [OR precedence=1]
  77: resolvetype ::= IGNORE.
  78: resolvetype ::= REPLACE.
  79: cmd ::= DROP TABLE ifexists fullname.
  80: ifexists ::= IF EXISTS.
  81: ifexists ::=.
  82: cmd ::= createkw temp VIEW ifnotexists nm dbnm eidlist_opt AS select.
  83: cmd ::= DROP VIEW ifexists fullname.
  84: cmd ::= select.
  85: select ::= WITH wqlist selectnowith.
  86: select ::= WITH RECURSIVE wqlist selectnowith.
  87: select ::= selectnowith.
  88: selectnowith ::= selectnowith multiselect_op oneselect.
  89: multiselect_op ::= UNION.
  90: multiselect_op ::= UNION ALL.
  91: multiselect_op ::= EXCEPT|INTERSECT.
  92: oneselect ::= SELECT distinct selcollist from where_opt groupby_opt having_opt orderby_opt limit_opt.
  93: oneselect ::= SELECT distinct selcollist from where_opt groupby_opt having_opt window_clause orderby_opt limit_opt.
  94: values ::= VALUES LP nexprlist RP.
  95: oneselect ::= mvalues.
  96: mvalues ::= values COMMA LP nexprlist RP.
  97: mvalues ::= mvalues COMMA LP nexprlist RP.
  98: distinct ::= DISTINCT.
  99: distinct ::= ALL.
 100: distinct ::=.
 101: sclp ::=.
 102: selcollist ::= sclp scanpt expr scanpt as.
 103: selcollist ::= sclp scanpt STAR. [STAR precedence=9]
 104: selcollist ::= sclp scanpt nm DOT STAR. [STAR precedence=9]
 105: as ::= AS nm.
 106: as ::=.
 107: from ::=.
 108: from ::= FROM seltablist.
 109: stl_prefix ::= seltablist joinop.
 110: stl_prefix ::=.
 111: seltablist ::= stl_prefix nm dbnm as on_using.
 112: seltablist ::= stl_prefix nm dbnm as indexed_by on_using.
 113: seltablist ::= stl_prefix nm dbnm LP exprlist RP as on_using.
 114: seltablist ::= stl_prefix LP select RP as on_using.
 115: seltablist ::= stl_prefix LP seltablist RP as on_using.
 116: dbnm ::=.
 117: dbnm ::= DOT nm.
 118: fullname ::= nm.
 119: fullname ::= nm DOT nm.
 120: xfullname ::= nm.
 121: xfullname ::= nm DOT nm.
 122: xfullname ::= nm AS nm.
 123: xfullname ::= nm DOT nm AS nm.
 124: joinop ::= COMMA|JOIN.
 125: joinop ::= JOIN_KW JOIN.
 126: joinop ::= JOIN_KW nm JOIN.
 127: joinop ::= JOIN_KW nm nm JOIN.
 128: on_using ::= ON expr. [ON precedence=13]
 129: on_using ::= USING LP idlist RP.
 130: on_using ::=. [OR precedence=1]
 131: indexed_opt ::=.
 132: indexed_by ::= INDEXED BY nm.
 133: indexed_by ::= NOT INDEXED. [NOT precedence=3]
 134: orderby_opt ::=.
 135: orderby_opt ::= ORDER BY sortlist.
 136: sortlist ::= sortlist COMMA expr sortorder nulls.
 137: sortlist ::= expr sortorder nulls.
 138: sortorder ::= ASC.
 139: sortorder ::= DESC.
 140: sortorder ::=.
 141: nulls ::= NULLS FIRST.
 142: nulls ::= NULLS LAST.
 143: nulls ::=.
 144: groupby_opt ::=.
 145: groupby_opt ::= GROUP BY nexprlist.
 146: having_opt ::=.
 147: having_opt ::= HAVING expr.
 148: limit_opt ::=.
 149: limit_opt ::= LIMIT expr.
 150: limit_opt ::= LIMIT expr OFFSET expr.
 151: limit_opt ::= LIMIT expr COMMA expr.
 152: cmd ::= with DELETE FROM xfullname indexed_opt where_opt_ret.
 153: where_opt ::=.
 154: where_opt ::= WHERE expr.
 155: where_opt_ret ::=.
 156: where_opt_ret ::= WHERE expr.
 157: where_opt_ret ::= RETURNING selcollist.
 158: where_opt_ret ::= WHERE expr RETURNING selcollist.
 159: cmd ::= with UPDATE orconf xfullname indexed_opt SET setlist from where_opt_ret.
 160: setlist ::= setlist COMMA nm EQ expr. [EQ precedence=4]
 161: setlist ::= setlist COMMA LP idlist RP EQ expr. [EQ precedence=4]
 162: setlist ::= nm EQ expr. [EQ precedence=4]
 163: setlist ::= LP idlist RP EQ expr. [EQ precedence=4]
 164: cmd ::= with insert_cmd INTO xfullname idlist_opt select upsert.
 165: cmd ::= with insert_cmd INTO xfullname idlist_opt DEFAULT VALUES returning.
 166: upsert ::=.
 167: upsert ::= RETURNING selcollist.
 168: upsert ::= ON CONFLICT LP sortlist RP where_opt DO UPDATE SET setlist where_opt upsert. [ON precedence=13]
 169: upsert ::= ON CONFLICT LP sortlist RP where_opt DO NOTHING upsert. [ON precedence=13]
 170: upsert ::= ON CONFLICT DO NOTHING returning. [ON precedence=13]
 171: upsert ::= ON CONFLICT DO UPDATE SET setlist where_opt returning. [ON precedence=13]
 172: returning ::= RETURNING selcollist.
 173: insert_cmd ::= INSERT orconf.
 174: insert_cmd ::= REPLACE.
 175: idlist_opt ::=.
 176: idlist_opt ::= LP idlist RP.
 177: idlist ::= idlist COMMA nm.
 178: idlist ::= nm.
 179: expr ::= LP expr RP.
 180: expr ::= ID|INDEXED|JOIN_KW.
 181: expr ::= nm DOT nm.
 182: expr ::= nm DOT nm DOT nm.
 183: term ::= NULL|FLOAT|BLOB.
 184: term ::= STRING.
 185: term ::= INTEGER.
 186: expr ::= VARIABLE.
 187: expr ::= expr COLLATE ID|STRING. [COLLATE precedence=11]
 188: expr ::= CAST LP expr AS typetoken RP.
 189: expr ::= ID|INDEXED|JOIN_KW LP distinct exprlist RP.
 190: expr ::= ID|INDEXED|JOIN_KW LP distinct exprlist ORDER BY sortlist RP.
 191: expr ::= ID|INDEXED|JOIN_KW LP STAR RP. [STAR precedence=9]
 192: expr ::= ID|INDEXED|JOIN_KW LP distinct exprlist RP filter_over.
 193: expr ::= ID|INDEXED|JOIN_KW LP distinct exprlist ORDER BY sortlist RP filter_over.
 194: expr ::= ID|INDEXED|JOIN_KW LP STAR RP filter_over. [STAR precedence=9]
 195: term ::= CTIME_KW.
 196: expr ::= LP nexprlist COMMA expr RP.
 197: expr ::= expr AND expr. [AND precedence=2]
 198: expr ::= expr OR expr. [OR precedence=1]
 199: expr ::= expr LT|GT|GE|LE expr. [LT precedence=5]
 200: expr ::= expr EQ|NE expr. [EQ precedence=4]
 201: expr ::= expr BITAND|BITOR|LSHIFT|RSHIFT expr. [BITAND precedence=7]
 202: expr ::= expr PLUS|MINUS expr. [PLUS precedence=8]
 203: expr ::= expr STAR|SLASH|REM expr. [STAR precedence=9]
 204: expr ::= expr CONCAT expr. [CONCAT precedence=10]
 205: likeop ::= NOT LIKE_KW|MATCH. [NOT precedence=3]
 206: expr ::= expr likeop expr. [LIKE_KW precedence=4]
 207: expr ::= expr likeop expr ESCAPE expr. [LIKE_KW precedence=4]
 208: expr ::= expr ISNULL|NOTNULL. [ISNULL precedence=4]
 209: expr ::= expr NOT NULL. [NOT precedence=3]
 210: expr ::= expr IS expr. [IS precedence=4]
 211: expr ::= expr IS NOT expr. [IS precedence=4]
 212: expr ::= expr IS NOT DISTINCT FROM expr. [IS precedence=4]
 213: expr ::= expr IS DISTINCT FROM expr. [IS precedence=4]
 214: expr ::= NOT expr. [NOT precedence=3]
 215: expr ::= BITNOT expr. [BITNOT precedence=12]
 216: expr ::= PLUS|MINUS expr. [BITNOT precedence=12]
 217: expr ::= expr PTR expr. [PTR precedence=10]
 218: between_op ::= BETWEEN. [BETWEEN precedence=4]
 219: between_op ::= NOT BETWEEN. [NOT precedence=3]
 220: expr ::= expr between_op expr AND expr. [BETWEEN precedence=4]
 221: in_op ::= IN. [IN precedence=4]
 222: in_op ::= NOT IN. [NOT precedence=3]
 223: expr ::= expr in_op LP exprlist RP. [IN precedence=4]
 224: expr ::= LP select RP.
 225: expr ::= expr in_op LP select RP. [IN precedence=4]
 226: expr ::= expr in_op nm dbnm paren_exprlist. [IN precedence=4]
 227: expr ::= EXISTS LP select RP.
 228: expr ::= CASE case_operand case_exprlist case_else END.
 229: case_exprlist ::= case_exprlist WHEN expr THEN expr.
 230: case_exprlist ::= WHEN expr THEN expr.
 231: case_else ::= ELSE expr.
 232: case_else ::=.
 233: case_operand ::=.
 234: exprlist ::=.
 235: nexprlist ::= nexprlist COMMA expr.
 236: nexprlist ::= expr.
 237: paren_exprlist ::=.
 238: paren_exprlist ::= LP exprlist RP.
 239: cmd ::= createkw uniqueflag INDEX ifnotexists nm dbnm ON nm LP sortlist RP where_opt. [ON precedence=13]
 240: uniqueflag ::= UNIQUE.
 241: uniqueflag ::=.
 242: eidlist_opt ::=.
 243: eidlist_opt ::= LP eidlist RP.
 244: eidlist ::= eidlist COMMA nm collate sortorder.
 245: eidlist ::= nm collate sortorder.
 246: collate ::=.
 247: collate ::= COLLATE ID|STRING. [COLLATE precedence=11]
 248: cmd ::= DROP INDEX ifexists fullname.
 249: cmd ::= VACUUM vinto.
 250: cmd ::= VACUUM nm vinto.
 251: vinto ::= INTO expr.
 252: vinto ::=.
 253: cmd ::= PRAGMA nm dbnm.
 254: cmd ::= PRAGMA nm dbnm EQ nmnum. [EQ precedence=4]
 255: cmd ::= PRAGMA nm dbnm LP nmnum RP.
 256: cmd ::= PRAGMA nm dbnm EQ minus_num. [EQ precedence=4]
 257: cmd ::= PRAGMA nm dbnm LP minus_num RP.
 258: plus_num ::= PLUS INTEGER|FLOAT. [PLUS precedence=8]
 259: minus_num ::= MINUS INTEGER|FLOAT. [MINUS precedence=8]
 260: cmd ::= createkw trigger_decl BEGIN trigger_cmd_list END.
 261: trigger_decl ::= temp TRIGGER ifnotexists nm dbnm trigger_time trigger_event ON fullname foreach_clause when_clause. [ON precedence=13]
 262: trigger_time ::= BEFORE|AFTER.
 263: trigger_time ::= INSTEAD OF.
 264: trigger_time ::=.
 265: trigger_event ::= DELETE|INSERT.
 266: trigger_event ::= UPDATE.
 267: trigger_event ::= UPDATE OF idlist.
 268: when_clause ::=.
 269: when_clause ::= WHEN expr.
 270: trigger_cmd_list ::= trigger_cmd_list trigger_cmd SEMI.
 271: trigger_cmd_list ::= trigger_cmd SEMI.
 272: tridxby ::= INDEXED BY nm.
 273: tridxby ::= NOT INDEXED. [NOT precedence=3]
 274: trigger_cmd ::= UPDATE orconf xfullname tridxby SET setlist from where_opt scanpt.
 275: trigger_cmd ::= scanpt insert_cmd INTO xfullname idlist_opt select upsert scanpt.
 276: trigger_cmd ::= DELETE FROM xfullname tridxby where_opt scanpt.
 277: trigger_cmd ::= scanpt select scanpt.
 278: expr ::= RAISE LP IGNORE RP.
 279: expr ::= RAISE LP raisetype COMMA expr RP.
 280: raisetype ::= ROLLBACK.
 281: raisetype ::= ABORT.
 282: raisetype ::= FAIL.
 283: cmd ::= DROP TRIGGER ifexists fullname.
 284: cmd ::= createkw temp PROCEDURE ifnotexists nm dbnm LP procparams RP procreturns procsecurity BEGIN proc_cmd_list END.
 285: proc_cmd_list ::= proc_cmd_list proc_cmd SEMI.
 286: proc_cmd_list ::= proc_cmd SEMI.
 287: proc_cmd ::= CALL fullname LP exprlist RP.
 288: proc_cmd ::= CALL fullname.
 289: proc_cmd ::= DECLARE nm typetoken.
 290: proc_cmd ::= DECLARE nm typetoken DEFAULT expr.
 291: proc_cmd ::= SET nm EQ expr. [EQ precedence=4]
 292: proc_cmd ::= IF expr THEN proc_cmd_list proc_if_tail END IF.
 293: proc_if_tail ::=.
 294: proc_if_tail ::= ELSE proc_cmd_list.
 295: proc_if_tail ::= ELSEIF expr THEN proc_cmd_list proc_if_tail.
 296: proc_cmd ::= WHILE expr DO proc_cmd_list END WHILE.
 297: proc_cmd ::= LOOP proc_cmd_list END LOOP.
 298: proc_cmd ::= LEAVE.
 299: proc_cmd ::= RETURN.
 300: proc_cmd ::= RAISE LP IGNORE RP.
 301: proc_cmd ::= RAISE LP raisetype COMMA expr RP.
 302: proc_cmd ::= scanpt select scanpt INTO idlist.
 303: procparams ::=.
 304: procparams ::= nm typetoken.
 305: procparams ::= procparams COMMA nm typetoken.
 306: procsecurity ::=.
 307: procsecurity ::= SECURITY INVOKER.
 308: procsecurity ::= SECURITY DEFINER.
 309: procreturns ::=.
 310: procreturns ::= procreturns RETURNS TABLE LP procretcols RP.
 311: procreturns ::= procreturns RETURNS NOTHING.
 312: procreturns ::= procreturns RETURNS nm.
 313: procretcols ::= nm typetoken.
 314: procretcols ::= procretcols COMMA nm typetoken.
 315: procretcols ::= nm TABLE LP procretcols RP KEY LP nm EQ nm RP. [EQ precedence=4]
 316: procretcols ::= procretcols COMMA nm TABLE LP procretcols RP KEY LP nm EQ nm RP. [EQ precedence=4]
 317: cmd ::= DROP PROCEDURE ifexists fullname.
 318: cmd ::= CALL fullname LP exprlist RP.
 319: cmd ::= CALL fullname.
 320: projlist ::= nm.
 321: projlist ::= projlist COMMA nm.
 322: cmd ::= CALL fullname LP exprlist RP RETURNING projlist.
 323: cmd ::= CALL fullname RETURNING projlist.
 324: cmd ::= ATTACH database_kw_opt expr AS expr key_opt.
 325: cmd ::= DETACH database_kw_opt expr.
 326: key_opt ::=.
 327: key_opt ::= KEY expr.
 328: cmd ::= REINDEX.
 329: cmd ::= REINDEX nm dbnm.
 330: cmd ::= ANALYZE.
 331: cmd ::= ANALYZE nm dbnm.
 332: cmd ::= ALTER TABLE fullname RENAME TO nm.
 333: cmd ::= alter_add carglist.
 334: alter_add ::= ALTER TABLE fullname ADD kwcolumn_opt nm typetoken.
 335: cmd ::= ALTER TABLE fullname DROP kwcolumn_opt nm.
 336: cmd ::= ALTER TABLE fullname RENAME kwcolumn_opt nm TO nm.
 337: cmd ::= ALTER TABLE fullname DROP CONSTRAINT nm.
 338: cmd ::= ALTER TABLE fullname ALTER kwcolumn_opt nm DROP NOT NULL. [NOT precedence=3]
 339: cmd ::= ALTER TABLE fullname ALTER kwcolumn_opt nm SET NOT NULL onconf. [NOT precedence=3]
 340: cmd ::= ALTER TABLE fullname ADD CONSTRAINT nm CHECK LP expr RP onconf.
 341: cmd ::= ALTER TABLE fullname ADD CHECK LP expr RP onconf.
 342: cmd ::= create_vtab.
 343: cmd ::= create_vtab LP vtabarglist RP.
 344: create_vtab ::= createkw VIRTUAL TABLE ifnotexists nm dbnm USING nm.
 345: vtabarg ::=.
 346: vtabargtoken ::= ANY.
 347: vtabargtoken ::= lp anylist RP.
 348: lp ::= LP.
 349: with ::= WITH wqlist.
 350: with ::= WITH RECURSIVE wqlist.
 351: wqas ::= AS.
 352: wqas ::= AS MATERIALIZED.
 353: wqas ::= AS NOT MATERIALIZED. [NOT precedence=3]
 354: wqitem ::= withnm eidlist_opt wqas LP select RP.
 355: withnm ::= nm.
 356: wqlist ::= wqitem.
 357: wqlist ::= wqlist COMMA wqitem.
 358: windowdefn_list ::= windowdefn_list COMMA windowdefn.
 359: windowdefn ::= nm AS LP window RP.
 360: window ::= PARTITION BY nexprlist orderby_opt frame_opt.
 361: window ::= nm PARTITION BY nexprlist orderby_opt frame_opt.
 362: window ::= ORDER BY sortlist frame_opt.
 363: window ::= nm ORDER BY sortlist frame_opt.
 364: window ::= nm frame_opt.
 365: frame_opt ::=.
 366: frame_opt ::= range_or_rows frame_bound_s frame_exclude_opt.
 367: frame_opt ::= range_or_rows BETWEEN frame_bound_s AND frame_bound_e frame_exclude_opt. [BETWEEN precedence=4]
 368: range_or_rows ::= RANGE|ROWS|GROUPS.
 369: frame_bound_s ::= frame_bound.
 370: frame_bound_s ::= UNBOUNDED PRECEDING.
 371: frame_bound_e ::= frame_bound.
 372: frame_bound_e ::= UNBOUNDED FOLLOWING.
 373: frame_bound ::= expr PRECEDING|FOLLOWING.
 374: frame_bound ::= CURRENT ROW.
 375: frame_exclude_opt ::=.
 376: frame_exclude_opt ::= EXCLUDE frame_exclude.
 377: frame_exclude ::= NO OTHERS.
 378: frame_exclude ::= CURRENT ROW.
 379: frame_exclude ::= GROUP|TIES.
 380: window_clause ::= WINDOW windowdefn_list.
 381: filter_over ::= filter_clause over_clause.
 382: filter_over ::= over_clause.
 383: filter_over ::= filter_clause.
 384: over_clause ::= OVER LP window RP.
 385: over_clause ::= OVER nm.
 386: filter_clause ::= FILTER LP WHERE expr RP.
 387: term ::= QNUMBER.
 388: input ::= cmdlist.
 389: cmdlist ::= cmdlist ecmd.
 390: cmdlist ::= ecmd.
 391: ecmd ::= SEMI.
 392: ecmd ::= cmdx SEMI.
 393: ecmd ::= explain cmdx SEMI.
 394: trans_opt ::=.
 395: trans_opt ::= TRANSACTION.
 396: trans_opt ::= TRANSACTION nm.
 397: savepoint_opt ::= SAVEPOINT.
 398: savepoint_opt ::=.
 399: cmd ::= create_table create_table_args.
 400: table_option_set ::= table_option.
 401: columnlist ::= columnlist COMMA columnname carglist.
 402: columnlist ::= columnname carglist.
 403: nm ::= ID|INDEXED|JOIN_KW.
 404: nm ::= STRING.
 405: typetoken ::= typename.
 406: typename ::= ID|STRING.
 407: signed ::= plus_num.
 408: signed ::= minus_num.
 409: carglist ::= carglist ccons.
 410: carglist ::=.
 411: ccons ::= NULL onconf.
 412: ccons ::= GENERATED ALWAYS AS generated.
 413: ccons ::= AS generated.
 414: conslist_opt ::= COMMA conslist.
 415: conslist ::= conslist tconscomma tcons.
 416: conslist ::= tcons.
 417: tconscomma ::=.
 418: defer_subclause_opt ::= defer_subclause.
 419: resolvetype ::= raisetype.
 420: selectnowith ::= oneselect.
 421: oneselect ::= values.
 422: sclp ::= selcollist COMMA.
 423: as ::= ID|STRING.
 424: indexed_opt ::= indexed_by.
 425: returning ::=.
 426: expr ::= term.
 427: likeop ::= LIKE_KW|MATCH. [LIKE_KW precedence=4]
 428: case_operand ::= expr.
 429: exprlist ::= nexprlist.
 430: nmnum ::= plus_num.
 431: nmnum ::= nm.
 432: nmnum ::= ON. [ON precedence=13]
 433: nmnum ::= DELETE.
 434: nmnum ::= DEFAULT.
 435: plus_num ::= INTEGER|FLOAT.
 436: foreach_clause ::=.
 437: foreach_clause ::= FOR EACH ROW.
 438: tridxby ::=.
 439: proc_cmd ::= trigger_cmd.
 440: database_kw_opt ::= DATABASE.
 441: database_kw_opt ::=.
 442: kwcolumn_opt ::=.
 443: kwcolumn_opt ::= COLUMNKW.
 444: vtabarglist ::= vtabarg.
 445: vtabarglist ::= vtabarglist COMMA vtabarg.
 446: vtabarg ::= vtabarg vtabargtoken.
 447: anylist ::=.
 448: anylist ::= anylist LP anylist RP.
 449: anylist ::= anylist ANY.
 450: with ::=.
 451: windowdefn_list ::= windowdefn.
 452: window ::= frame_opt.
